sponsor_licence_id,organisation_name,normalized_organisation_name,town_city,county,region,industry,existing_website,existing_careers_url,existing_ats_provider,existing_ats_board_id,discovered_source_url,source_pipeline,source_type,provider,board_id,sample_vacancy_url,evidence_url,confidence,should_import,search_used,cache_hit,attempt_count,notes
158422,Advanced Compressor Engineering Services Limited,advanced compressor engineering services limited,Wallingford,Oxfordshire,South East,Engineering,https://www.acescomp.co.uk/,,,,https://www.acescomp.co.uk/,unverified,unverified,,,,https://www.acescomp.co.uk/,unverified,no_unverified,no,no,11,"Existing sponsor website field: distinctive employer identity and stored location corroborated; first-party website identity was verified, but no employer-specific hiring route was found"
190576,Donland Engineering Ltd,donland engineering ltd,London,,,Engineering,https://www.donland.co.uk/,,,,https://www.donland.co.uk/,unverified,unverified,,,,https://www.donland.co.uk/,unverified,no_unverified,no,no,11,"Existing sponsor website field: distinctive employer identity corroborated; location not present on the page; first-party website identity was verified, but no employer-specific hiring route was found"
193612,EGIS UK - CONSULTING AND ENGINEERING LIMITED,egis uk consulting and engineering limited,London,,,Engineering,https://www.egis-group.com/,,,,https://jobs.egis-group.com/,company_website,company_recruitment_page,,,https://jobs.egis-group.com/job/technical-supervisor-in-dartford-jid-9382,https://jobs.egis-group.com/,high,yes_high_confidence,no,no,2,Existing sponsor website field: distinctive employer identity corroborated; location not present on the page; Accepted company_website route with high confidence.
224081,Krause Automation Ltd.,krause automation ltd,East Grinstead,West Sussex,South East,Engineering,https://krause-automation.com/,,,,https://krause-automation.com/,unverified,unverified,,,,https://krause-automation.com/en/career/open-positions/,unverified,no_unverified,no,no,2,"Existing sponsor website field: distinctive employer identity corroborated; location not present on the page; first-party website identity was verified, but no employer-specific hiring route was found"
233554,MEC Industrial Engineering LTD,mec industrial engineering ltd,Usk,Monmouthshire,Wales,Engineering,https://www.mec-engineering.co.uk/,,,,https://www.mec-engineering.co.uk/,unverified,unverified,,,,https://www.mec-engineering.co.uk/,unverified,no_unverified,no,no,11,"Existing sponsor website field: distinctive employer identity and stored location corroborated; first-party website identity was verified, but no employer-specific hiring route was found"
236640,MOELLER & POELLER ENGINEERING LTD,moeller and poeller engineering ltd,Warrington,Cheshire,North West,Engineering,https://www.moellerpoeller.co.uk/,,,,https://www.moellerpoeller.co.uk/careers,send_cv,send_cv_email,,,,https://www.moellerpoeller.co.uk/careers,medium,review_medium_confidence,no,no,2,Existing sponsor website field: distinctive employer identity corroborated; location not present on the page; Send CV evidence: explicit CV/application instruction lists info@moellerpoeller.co.uk; Accepted send_cv route with medium confidence.; Additional verified sources: company_website=https://www.moellerpoeller.co.uk/careers
251673,Power Control and Automation Solutions Limited,power control and automation solutions limited,Sheffield,South Yorkshire,Yorkshire and the Humber,Engineering,https://pcasltd.com/,,,,https://pcasltd.com/,unverified,unverified,,,,https://pcasltd.com/,unverified,no_unverified,no,no,11,"Existing sponsor website field: distinctive employer identity corroborated; location not present on the page; first-party website identity was verified, but no employer-specific hiring route was found"
331784,Titan Motorsport and Automotive Engineering Ltd,titan motorsport and automotive engineering ltd,St Neots,Cambridgeshire,East of England,Engineering,https://titan.uk.net/,,,,https://titan.uk.net/,unverified,unverified,,,,https://titan.uk.net/careers,unverified,no_unverified,no,no,2,"Existing sponsor website field: distinctive employer identity corroborated; location not present on the page; first-party website identity was verified, but no employer-specific hiring route was found"
342265,WMH Systems Engineering Limited,wmh systems engineering limited,Hayes,,,Engineering,https://www.wmhsystemsengineering.co.uk/,,,,https://www.wmhsystemsengineering.co.uk/,unverified,unverified,,,,https://www.wmhsystemsengineering.co.uk/,unverified,no_unverified,no,no,11,"Existing sponsor website field: distinctive employer identity corroborated; location not present on the page; first-party website identity was verified, but no employer-specific hiring route was found"
