company,sector,town,website,ats,ats_detected,careers_urls,recruitment_emails,vacancy_count,checked_at
Brooke Healthcare Ltd,healthcare,Nottingham,brookehealthcare.com,,,https://brookehealthcare.com/careers|https://brookehealthcare.com/jobs|https://brookehealthcare.com/vacancies|https://brookehealthcare.com/join-us,,0,2026-10-07T17:58:28.111Z
Joyce Care Support Ltd,healthcare,Milton Keynes,joycecaresupport.co.uk,,,,,0,2026-10-07T17:58:28.113Z
Riverside medical practice,healthcare,Blackwood,riversidemedicalpractice.com,,,https://riversidemedicalpractice.com/job-vacancies,,0,2026-10-07T17:58:28.117Z
1 Kings Dental Limited,healthcare,London,1kingsdental.com,,,https://1kingsdental.com/careers|https://1kingsdental.com/jobs|https://1kingsdental.com/vacancies|https://1kingsdental.com/join-us,,0,2026-10-07T17:58:30.493Z
09 Care Limited,healthcare,Bradford,09care.com,,,,,0,2026-10-07T17:58:30.494Z
CREATIVE CARE HOME LIMITED,healthcare,Halifax,creativecarehome.com,,,,,0,2026-10-07T17:58:31.004Z
1 Homecare Ltd,healthcare,Preston,1homecare.co.uk,,,https://1homecare.co.uk/vacancies/,,0,2026-10-07T17:58:31.603Z
Raia Health Limited,healthcare,Altrincham,raia-health.com,,,http://raia-health.com/careers|http://raia-health.com/jobs|http://raia-health.com/vacancies|http://raia-health.com/join-us,,0,2026-10-07T17:58:31.604Z
1st Central Care Limited,healthcare,Stanford-le-Hope,1stcentralcare.co.uk,,,https://1stcentralcare.co.uk/vacancy/,info@1stcentralcare.co.uk,0,2026-10-07T17:58:32.004Z
101 Healthcare ltd,healthcare,Gloucester,101healthcare.co.uk,,,https://101healthcare.co.uk/career/,,0,2026-10-07T17:58:32.424Z
Haven Care (Trade Name),healthcare,Derby,havencare.co.uk,,,https://www.havencare.co.uk/career,info@havencare.co.uk,0,2026-10-07T17:58:35.118Z
10/10 MEDICAL LIMITED,healthcare,SOUTHPORT,1010medical.com,,,,info@1010medical.com,0,2026-10-07T17:58:35.137Z
2 CARERS LTD,healthcare,Stafford,2carers.co.uk,,,https://www.2carers.co.uk/careers/,enquiries@2carers.co.uk|info@2carers.co.uk,0,2026-10-07T17:58:35.569Z
1st Homecare Solutions Limited,healthcare,Leighton Buzzard,1sthomecaresolutions.com,,,https://1sthomecaresolutions.com/careers|https://1sthomecaresolutions.com/jobs|https://1sthomecaresolutions.com/vacancies|https://1sthomecaresolutions.com/join-us,,0,2026-10-07T17:58:36.026Z
1st Grade Care Ltd,healthcare,St Mellons,1stgradecare.co.uk,,,https://www.1stgradecare.co.uk/|https://www.1stgradecare.co.uk/live-in-care-jobs/,,0,2026-10-07T17:58:37.728Z
3 Peaks Health Limited,healthcare,London,3peakshealth.com,,,,,0,2026-10-07T17:58:39.522Z
2030 AUTO CARE LIMITED,healthcare,Manchester,2030autocare.co.uk,,,,,0,2026-10-07T17:58:39.573Z
21ST CENTURY CARE (PLYMOUTH) LIMITED,healthcare,IVYBRIDGE,21stcenturycare.org,,,http://21stcenturycare.org/careers|http://21stcenturycare.org/jobs|http://21stcenturycare.org/vacancies|http://21stcenturycare.org/join-us,,0,2026-10-07T17:58:40.105Z
313 Vision Care Ltd,healthcare,Fordingbridge,313visioncare.co.uk,,,https://313visioncare.co.uk/careers.php,info@313visioncare.co.uk,0,2026-10-07T17:58:40.879Z
3Belle.Ami Health Limited,healthcare,Birmingham,3belleamihealth.co.uk,,,,,0,2026-10-07T17:58:44.463Z
3D Care (Cardiff) Limited,healthcare,Cardiff,3dcare.co.uk,,,https://3dcare.org.uk/workwithus/,hello@3dcare.org.uk,0,2026-10-07T17:58:44.876Z
3AB CARE LIMITED,healthcare,Chipping Sodbury,3abcare.co.uk,,,https://3abcare.co.uk/careers/,,0,2026-10-07T17:58:45.387Z
3BN CARE LTD,healthcare,Corby,3bncare.co.uk,,,https://3bncare.co.uk/wp-content/plugins/wp-job-manager/assets/dist/css/job-listings.css?ver=f443818ecf38545ee113|https://3bncare.co.uk/work-with-us/,info@3bncare.co.uk,0,2026-10-07T17:58:45.958Z
360 Degrees Healthcare,healthcare,Nelson,360degreeshealthcare.co.uk,,,https://www.360degreeshealthcare.co.uk/career-in-care/,admin@360degreeshealthcare.co.uk,0,2026-10-07T17:58:46.779Z
24HRS HC Home Care Services LTD,healthcare,Hudderfield,24hrshc.com,,,https://24hrshc.com/careers,info@24hrshc.com|hr@24hrshc.com,0,2026-10-07T17:58:47.115Z
4 Ways Healthcare Limited,healthcare,Hemel Hempstead,4wayshealthcare.co.uk,,,,,0,2026-10-07T17:58:47.412Z
4life Healthcare Services Ltd,healthcare,Canterbury,4lifehealthcareservices.co.uk,,,,admin@4lifehealthcare.co.uk,0,2026-10-07T17:58:48.024Z
3D'S Healthcare Services Ltd,healthcare,Grays,3dshealthcareservices.co.uk,,,http://www.3dshealthcareservices.co.uk/recruitment/,info@3dshealthcareservices.co.uk,0,2026-10-07T17:58:50.369Z
4Ever Care UK Ltd,healthcare,Blackburn,4evercareuk.co.uk,,,,hello@4evercareuk.co.uk,0,2026-10-07T17:58:50.730Z
7 Hospitality Management (UK) Ltd,healthcare,Perth,7hospitality.co.uk,,,https://www.7hospitality.co.uk/careers/|https://www.peoplebank.com/pb3/corporate/7hospitality/page.php?p_page=portfolio,,0,2026-10-07T17:58:51.011Z
5AB CARE LTD,healthcare,Letchworth,5abcare.com,,,https://5abcare.com/careers/|http://5abcare.com/careers/,info@5abcare.com,0,2026-10-07T17:58:52.937Z
5 CARE SERVICES LIMITED,healthcare,WALSALL,5careservices.co.uk,,,https://5careservices.co.uk/|https://5careservices.co.uk/cannock-vacancies/,info@5careservices.co.uk,0,2026-10-07T17:58:53.327Z
8to8 Dental,healthcare,Buckie,8to8dental.co.uk,,,,,0,2026-10-07T17:58:53.511Z
94 Dental,healthcare,Newport,94dental.co.uk,,,https://94dental.co.uk/careers|https://94dental.co.uk/jobs|https://94dental.co.uk/vacancies|https://94dental.co.uk/join-us,,0,2026-10-07T17:58:53.572Z
67 Health Limited,healthcare,London,67health.co.uk,,,,hello@67health.co.uk,0,2026-10-07T17:58:54.023Z
A & D Hospitality Limited,healthcare,Pontyclun,adhospitality.org,,,,,0,2026-10-07T17:58:55.655Z
A L A CARE LTD,healthcare,Leicester,alacare.com,,,https://careers.enhabit.com/|https://careers.ehab.com/,,0,2026-10-07T17:58:56.709Z
A & B Dental Ltd,healthcare,Northwood,a-b-dental.com,,,,,0,2026-10-07T17:58:57.634Z
A & R Care Limited,healthcare,Sanderstead,arcare.co.uk,,,,,0,2026-10-07T17:58:59.684Z
A STAR CARE SERVICES LIMITED,healthcare,Solihull,astarcareservices.co.uk,,,,admin@astarcareservices.co.uk,0,2026-10-07T17:59:00.039Z
A&J Care Limited,healthcare,Norwich,ajcare.org.uk,,,http://ajcare.org.uk/careers|http://ajcare.org.uk/jobs|http://ajcare.org.uk/vacancies|http://ajcare.org.uk/join-us,,0,2026-10-07T17:59:00.199Z
A S CARE LIMITED,healthcare,Beeston,ascare.co.uk,,,https://ascare.co.uk/careers|https://ascare.co.uk/jobs|https://ascare.co.uk/vacancies|https://ascare.co.uk/join-us,,0,2026-10-07T17:59:00.211Z
A&T Caring Services Ltd,healthcare,Bracknell,atcaringservices.co.uk,,,https://atcaringservices.co.uk/jobs/,admin@atcaringservices.co.uk,0,2026-10-07T17:59:02.725Z
A.G.E. Nursing Homes Limited,healthcare,Ilford,agenursinghomes.co.uk,,,,,0,2026-10-07T17:59:03.780Z
247 Homecare Limited,healthcare,Swindon,247homecare.co.uk,,,https://247homecare.co.uk/careers.php,,0,2026-10-07T17:59:04.843Z
A2L Care Services Ltd,healthcare,Leicester,a2lcareservices.co.uk,,,https://a2lcareservices.co.uk/recruitment.php,info@a2lcareservices.co.uk,0,2026-10-07T17:59:06.135Z
A1 Quality Home Care Limited,healthcare,Colchester,a1qualityhomecare.com,,,,,0,2026-10-07T17:59:06.166Z
AA Healthcare Services Ltd,healthcare,Redriff Road,aahealthcareservices.com,,,https://aahealthcareservices.com/Careers.html,,0,2026-10-07T17:59:07.494Z
A1 Quality Homecare Ltd,healthcare,Hastings,a1qualityhomecare.com,,,,,0,2026-10-07T17:59:09.178Z
Aadamson House Care Home,healthcare,Preston,aadamsonhousecarehome.co.uk,,,https://aadamsonhousecarehome.co.uk/contact,enquiries@aadamsonhousecarehome.co.uk,0,2026-10-07T17:59:09.505Z
543 Dental Centre Ltd,healthcare,Hull,543dentalcentre.co.uk,,,,info@543dentalcentre.co.uk,0,2026-10-07T17:59:10.004Z
AAA Healthcare Agency Ltd,healthcare,Preston,aaahealthcare.co.uk,,,https://aaahealthcare.co.uk/jobs/,enquiries@aaahealthcare.co.uk,0,2026-10-07T17:59:11.664Z
AAA HEALTHCARE LIMITED,healthcare,Hull,aaahealthcare.co.uk,,,https://aaahealthcare.co.uk/jobs/,enquiries@aaahealthcare.co.uk,0,2026-10-07T17:59:12.076Z
AAA HOSPITALITY LIMITED,healthcare,CHERTSEY,aaa-hospitality.com,,,,info@aaa-hospitality.com,0,2026-10-07T17:59:12.483Z
360 health ltd,healthcare,london,360health.net,,,https://360health.net/careers|https://360health.net/jobs|https://360health.net/vacancies|https://360health.net/join-us,,0,2026-10-07T17:59:12.793Z
Abacus Care & Support Ltd,healthcare,Letchworth,abacuscaresupport.com,,,https://abacuscaresupport.com/careers|https://abacuscaresupport.com/jobs|https://abacuscaresupport.com/vacancies|https://abacuscaresupport.com/join-us,,0,2026-10-07T17:59:14.975Z
Aasra Care Limited,healthcare,Sidcup,aasracare.co.uk,,,,,0,2026-10-07T17:59:15.796Z
Abbey Care Direct ltd,healthcare,Shrewsbury,abbeycaredirect.co.uk,,,https://abbeycaredirect.co.uk/careers/,,0,2026-10-07T17:59:18.075Z
Abbey Equine Clinic LTD,healthcare,Llanover,abbeyequineclinic.co.uk,,,,,0,2026-10-07T17:59:19.570Z
AAA Homecare Limited,healthcare,Billingham,aaahomecare.com,,,,,0,2026-10-07T17:59:20.136Z
Abbey Care Solutions Limited,healthcare,Waltham Abbey,abbeycaresolutions.com,,,,,0,2026-10-07T17:59:21.409Z
Abbey Dental Clinic,healthcare,Whiteabbey,abbeydentalclinic.com,,,,reception@abbeydentalclinic.com,0,2026-10-07T17:59:21.409Z
Abbey Healthcare (Aaron Court) Limited,healthcare,Leicester,abbeyhealthcare.co.uk,,,,,0,2026-10-07T17:59:23.533Z
Abbey Healthcare (Cromwell) Ltd,healthcare,Huntingdon,abbeyhealthcare.co.uk,,,,,0,2026-10-07T17:59:23.533Z
Abbey Healthcare (Kendal) Ltd,healthcare,Kendal,abbeyhealthcare.co.uk,,,,,0,2026-10-07T17:59:23.940Z
Abbey Healthcare (Aaron Court) Ltd,healthcare,Scraptoft,abbeyhealthcare.co.uk,,,,,0,2026-10-07T17:59:24.391Z
Abbey Healthcare (Hamilton) Ltd,healthcare,Hamilton,abbeyhealthcare.co.uk,,,,,0,2026-10-07T17:59:28.183Z
AAH Pharmaceuticals Limited,healthcare,Warwick,aahpharmaceuticals.co.uk,,,http://aahpharmaceuticals.co.uk/careers|http://aahpharmaceuticals.co.uk/jobs|http://aahpharmaceuticals.co.uk/vacancies|http://aahpharmaceuticals.co.uk/join-us,,0,2026-10-07T17:59:28.550Z
Abbey Road Surgery,healthcare,Barrow-in-Furness,abbeyroadsurgery.co.uk,,,,,0,2026-10-07T17:59:28.908Z
Abbey Medical Centre,healthcare,Kenilworth,abbeymedicalcentre.co.uk,,,,,0,2026-10-07T17:59:33.438Z
Abbeywood House Care Limited,healthcare,Devon,abbeywoodhousecare.com,,,https://abbeywoodhousecare.com/careers|https://abbeywoodhousecare.com/jobs|https://abbeywoodhousecare.com/vacancies|https://abbeywoodhousecare.com/join-us,,0,2026-10-07T17:59:38.295Z
A&A Homecare Ltd,healthcare,Luton,aahomecare.com,,,https://aahomecare.com/careers|https://aahomecare.com/jobs|https://aahomecare.com/vacancies|https://aahomecare.com/join-us,,0,2026-10-07T17:59:38.295Z
Abacus Care Solutions LTD,healthcare,Bournemouth,abacuscare.co.uk,,,https://abacuscare.co.uk/careers/,,0,2026-10-07T17:59:38.683Z
ABACUS HEALTHCARE LTD,healthcare,Aldershot,abacushealthcare.co.uk,,,https://www.abacushealthcare.co.uk/vacancies/,,0,2026-10-07T17:59:42.004Z
ABBOTS CARE LIMITED,healthcare,St. Albans,abbotscare.com,,,https://careers.abbotscare.com/|https://careers.abbotscare.com/care-worker-training,info@abbotscare.com|recruitment@abbotscare.com,0,2026-10-07T17:59:42.407Z
Abbottswood Medical Centre,healthcare,Pershore,abbottswoodmedicalcentre.co.uk,,,https://abbottswoodmedicalcentre.co.uk/vacancies,,0,2026-10-07T17:59:42.776Z
A3 CARE LTD,healthcare,Fleet,a3care.co.uk,,,https://a3care.co.uk/careers|https://a3care.co.uk/jobs|https://a3care.co.uk/vacancies|https://a3care.co.uk/join-us,,0,2026-10-07T17:59:43.463Z
Abbotsford Care (Glenrothes) Ltd,healthcare,KIRKCALDY,abbotsfordcare.com,,,,,0,2026-10-07T17:59:43.526Z
Aber Medical Centre,healthcare,Caerphilly,abermedicalcentre.co.uk,,,,,0,2026-10-07T17:59:45.271Z
Abbey Dale Medical Centre,healthcare,Blackpool,abbey-dale.co.uk,,,https://www.abbey-dale.co.uk/wp-content/plugins/wp-job-manager/assets/dist/css/job-listings.css?ver=f443818ecf38545ee113|https://www.abbey-dale.co.uk/wp-content/themes/understrap-child/job_manager/css/style_job.css?ver=7.0.5,,0,2026-10-07T17:59:46.299Z
Aberdeen Osteopathy Clinic LTD,healthcare,Aberdeen,aberdeenosteopathyclinic.com,,,,info@aberdeenosteopathyclinic.com,0,2026-10-07T17:59:46.906Z
ABERDEEN DENTAL CARE LIMITED,healthcare,Aberdeen,aberdeendentalcare.co.uk,,,,reception@aberdeendentalcare.co.uk,0,2026-10-07T17:59:47.169Z
Aberfoyle Medical practice,healthcare,Derry,aberfoylemedical.com,,,https://www.aberfoylemedical.com/wp-content/plugins/wp-job-manager/assets/dist/css/job-listings.css?ver=f443818ecf38545ee113|https://www.aberfoylemedical.com/wp-content/themes/understrap-child/job_manager/css/style_job.css?ver=7.0.5,,0,2026-10-07T17:59:47.569Z
Aberdonia Care Limited,healthcare,ABERDEEN,aberdoniacare.com,,,http://aberdoniacare.com/careers|http://aberdoniacare.com/jobs|http://aberdoniacare.com/vacancies|http://aberdoniacare.com/join-us,,0,2026-10-07T17:59:49.345Z
Abbeyside Nursing Home Limited,healthcare,Elgin,abbeysidenursinghome.co.uk,,,https://www.abbeysidecaregroup.co.uk/careers/,,0,2026-10-07T17:59:51.139Z
ABL Care Ltd,healthcare,Kenley,ablcare.co.uk,,,https://ablcare.com/news-%26-guides/f/important-notice-beware-of-recruitment-scams-targeting-jobseeker|https://ablcare.com/work-with-us,info@ablcare.com,0,2026-10-07T17:59:51.934Z
Abbey View Physiotherapy,healthcare,Shaftesbury,abbeyviewphysiotherapy.co.uk,,,,info@abbeyviewphysiotherapy.com,0,2026-10-07T17:59:52.902Z
Abertawe Medical Partnership,healthcare,Swansea,abertawemedicalpartnership.co.uk,,,,,0,2026-10-07T17:59:53.101Z
Able Care Huddersfield Ltd,healthcare,Huddersfield,ablecarehuddersfield.co.uk,,,https://www.ablecarehuddersfield.co.uk/|https://www.ablecarehuddersfield.co.uk/vacancies.php,info@ablecarehuddersfield.co.uk,0,2026-10-07T17:59:54.002Z
Abide Home Care Limited,healthcare,Brixham,abidehomecare.co.uk,,,https://abidehomecare.co.uk/careers/,info@abidehomecare.co.uk,0,2026-10-07T17:59:55.727Z
ABODE HEALTHCARE LTD,healthcare,Poulton,abodehealthcare.com,,icims,https://careers.brightspringhealth.com/|https://brightspring.hireclix.com/career-search?search=internships,,0,2026-10-07T17:59:59.394Z
Able Carers Ltd,healthcare,York,ablecarers.co.uk,,,https://rosevillecarehomes.co.uk/recruitment/,,0,2026-10-07T18:00:00.398Z
Abletrust Care Limited,healthcare,Caterham,abletrustcare.com,,,https://abletrustcare.com/jobs/,info@abletrustcare.com,0,2026-10-07T18:00:00.916Z
Absolute Care South West Ltd,healthcare,Honiton,absolutecaresouthwest.co.uk,,,https://www.absolutecaresouthwest.co.uk/vacancies,,0,2026-10-07T18:00:02.156Z
Absolute Care Services Ltd,healthcare,Teddington,absolutecareservices.com,,,https://absolutecareservices.com/careers|https://absolutecareservices.com/jobs|https://absolutecareservices.com/vacancies|https://absolutecareservices.com/join-us,,0,2026-10-07T18:00:02.408Z
Absolute Care Homes (Central) Limited,healthcare,London,absolutecarehomes.co.uk,,,https://kinlycare.co.uk/careers/,enquiries@kinlycare.co.uk,0,2026-10-07T18:00:02.853Z
Acacia Care,healthcare,London,acaciacare.co.uk,,,https://acaciacare.co.uk/join-our-team,info@acaciacare.co.uk,0,2026-10-07T18:00:05.166Z
Absolute Healthcare Providers Ltd,healthcare,Four Marks,absolute-healthcare.co.uk,,,https://absolute-healthcare.co.uk/careers/,enquiries@absolute-healthcare.co.uk|hr@absolute-healthcare.co.uk,0,2026-10-07T18:00:06.975Z
ABIMATIC CARE LTD,healthcare,WOLVERHAMPTON,abimatic-care.co.uk,,,,info@abimatic-care.co.uk,0,2026-10-07T18:00:08.144Z
Acacia Homecare Ltd,healthcare,Staines-upon-Thames,acaciahomecare.co.uk,,,https://acaciahomecare.co.uk/career/,,0,2026-10-07T18:00:09.102Z
ABBEYDALE NURSING HOME,healthcare,Liverpool,abbeydalenursinghome.co.uk,,,https://abbeydaleandstanleyhouse.co.uk/work-with-us/|https://uk.indeed.com/jobs?q=abbeydale+and+stanley+house&l=Derby%2C+Derbyshire&from=searchOnHP&vjk=21b9be1bb6b389dc,,0,2026-10-07T18:00:09.109Z
ACACIA COMMUNITY CARE LIMITED,healthcare,London,acaciacommunitycare.com,,,,,0,2026-10-07T18:00:09.204Z
Academy Dental Care Ltd,healthcare,Aberdeen,academydentalcare.co.uk,,,,info@academydentalcare.co.uk,0,2026-10-07T18:00:11.716Z
Academy Care Ltd,healthcare,Wakefield,academycare.com,,,https://academycare.com/careers|https://academycare.com/jobs|https://academycare.com/vacancies|https://academycare.com/join-us,,0,2026-10-07T18:00:11.820Z
Academy Medical Centre,healthcare,Forfar,academymedicalcentre.co.uk,,,https://www.academymedicalcentre.co.uk/news/2026/supervisor.htm,,0,2026-10-07T18:00:12.010Z
ACCESS 24/7 HEALTHCARE LIMITED,healthcare,GRAYS,access247healthcare.co.uk,,,http://access247healthcare.co.uk/careers|http://access247healthcare.co.uk/jobs|http://access247healthcare.co.uk/vacancies|http://access247healthcare.co.uk/join-us,,0,2026-10-07T18:00:13.399Z
Access All Care and Training Solutions Ltd,healthcare,Chingford,accessall.org.uk,,,,office@accessall.org.uk,0,2026-10-07T18:00:14.470Z
Accolade Support and Care Ltd,healthcare,Cheltenham,accoladesupport.co.uk,,,https://accoladesupport.co.uk/accolade-careers/,office@accoladesupport.co.uk,0,2026-10-07T18:00:15.040Z
Accord Clinical Support Limited,healthcare,Harrow,accordclinicalsupport.com,,,https://accordclinicalsupport.com/careers|https://accordclinicalsupport.com/jobs|https://accordclinicalsupport.com/vacancies|https://accordclinicalsupport.com/join-us,info@accordclinicalsupport.com,0,2026-10-07T18:00:16.201Z
Abbotswood Court Care Home,healthcare,Romsey,abbotswoodcourt.co.uk,,,https://www.cinnamoncc.com/careers/|https://www.cinnamoncc.com/wp-content/plugins/cinnamon-recruitment-enquiry-guidance/assets/guidance.js?ver=1.0.0,,0,2026-10-07T18:00:16.439Z
ACADEMY HOSPITALITY LTD,healthcare,London,academy-hospitality.com,,,,,0,2026-10-07T18:00:16.614Z
ACER HEALTH CARE LTD,healthcare,Birmingham,acerhealthcare.co.uk,,,https://acerhealthcare.co.uk/Jobs/,admin@acerhealthcare.co.uk,0,2026-10-07T18:00:17.940Z
Aceso Homecare,healthcare,Sandbach,acesohomecare.co.uk,,,https://acesohomecare.co.uk/conditions-people/|https://acesohomecare.co.uk/vacancies/,support@acesohomecare.co.uk,0,2026-10-07T18:00:19.660Z
Acorn Care Home,healthcare,Ilford,acorncarehome.co.uk,,,,info@acorncarehome.co.uk,0,2026-10-07T18:00:22.648Z
Acklam Medical Centre,healthcare,Middlesbrough,acklammedicalcentre.co.uk,,,https://www.acklammedicalcentre.co.uk/wp-content/plugins/wp-job-manager/assets/dist/css/job-listings.css?ver=f443818ecf38545ee113|https://www.acklammedicalcentre.co.uk/wp-content/themes/understrap-child/job_manager/css/style_job.css?ver=7.0.5,,0,2026-10-07T18:00:22.987Z
Access Care Solutions Limited,healthcare,Derby,accesscaresolutions.co.uk,,,,info@accesscaresolutions.co.uk|recruitment@accesscaresolutions.co.uk,0,2026-10-07T18:00:23.604Z
ACG MEDICAL LIMITED,healthcare,Chatteris,acgmedical.co.uk,,,,,0,2026-10-07T18:00:24.716Z
Acorn Lodge Care Home,healthcare,London,acornlodgecarehome.co.uk,,,http://www.acornlodgecarehome.co.uk/,,0,2026-10-07T18:00:25.890Z
ACRE CARE SERVICES LTD,healthcare,NORTHWOOD,acrecareservices.com,,,https://acrecareservices.com/careers/,info@acrecareservices.com,0,2026-10-07T18:00:26.114Z
Acocks green dental practice,healthcare,Acocks Green,acocksgreendentalpractice.co.uk,,,,,0,2026-10-07T18:00:26.293Z
Acquire Care Ltd,healthcare,Oxford,acquirecare.co.uk,,,https://acquirecare.co.uk/join-our-team/,info@acquirecare.co.uk,0,2026-10-07T18:00:26.843Z
Acorn Health Care Limited,healthcare,East Grinstead,acorn-health-care.co.uk,,,,,0,2026-10-07T18:00:28.191Z
Action for care Ltd,healthcare,Chesterfield,actionforcare.com,,,,,0,2026-10-07T18:00:28.494Z
Active Care & Support Ltd,healthcare,Wembley,activecaresupport.co.uk,,,https://activecareandsupport.co.uk/careers,info@activecareandsupport.co.uk,0,2026-10-07T18:00:28.819Z
Accelerate Health CIC,healthcare,London,acceleratehealth.com,,,https://acceleratehealth.com/careers|https://acceleratehealth.com/jobs|https://acceleratehealth.com/vacancies|https://acceleratehealth.com/join-us,,0,2026-10-07T18:00:30.159Z
Active Care Education Ltd,healthcare,Dartford,activecareeducation.com,,,https://activecareeducation.com/career-counselling/,info@activecareeducation.com,0,2026-10-07T18:00:30.160Z
Active Healthcare Services,healthcare,Livingston,activehealthcareservices.com,,,https://activehealthcareservices.com/careers|https://activehealthcareservices.com/jobs|https://activehealthcareservices.com/vacancies|https://activehealthcareservices.com/join-us,,0,2026-10-07T18:00:31.203Z
ACE HEALTHCARE SOLUTIONS LIMITED,healthcare,Walsall,acehealthcaresolutions.com,,,https://acehcs.com/careers/|https://acehcs.com/practice-expansion/,,0,2026-10-07T18:00:31.395Z
ACE CHILDRENS OCCUPATIONAL THERAPY LIMITED,healthcare,Crondall,acechildrensoccupationaltherapy.co.uk,,,https://acechildrensoccupationaltherapy.com/career-opportunities/,,0,2026-10-07T18:00:32.482Z
Active Pharmacare Ltd,healthcare,Manchester,activepharmacare.com,,,,,0,2026-10-07T18:00:34.455Z
Acupro Clinic,healthcare,London,acuproclinic.co.uk,,,,info@acuproclinic.co.uk,0,2026-10-07T18:00:34.666Z
Active Social Care Limited,healthcare,Huddersfield,activesocialcare.co.uk,,,https://activesocialcare.co.uk/video/31262/cj-sloan-rope-tied-captive-in-the-woods-and-forced-blowjob-onlyfans-video-leaked-b325509/|https://activesocialcare.co.uk/tags/blowjob/,,0,2026-10-07T18:00:35.314Z
Active Clinics Ltd,healthcare,Birmingham,activeclinics.co.uk,,,,info@activeclinics.co.uk,0,2026-10-07T18:00:35.960Z
ABS Care Ltd,healthcare,Isleworth,abs-care.com,,,https://abs-care.com/careers|https://abs-care.com/jobs|https://abs-care.com/vacancies|https://abs-care.com/join-us,,0,2026-10-07T18:00:36.120Z
Acre Homecare Ltd,healthcare,Rochdale,acrehomecare.co.uk,,,,,0,2026-10-07T18:00:36.130Z
Active Olive Healthcare Limited,healthcare,Wellingborough,activeolive.co.uk,,,https://aohcare.co.uk/services/recruitment-training/|https://aohcare.co.uk/services/recruitment-training/for-individuals/,,0,2026-10-07T18:00:51.621Z
Ace Care 4 U Limited,healthcare,Nottingham,acecare4u.com,,,https://acecare4u.com/join-us/,info@acecare4u.com,0,2026-10-07T18:00:57.396Z
Active Health,healthcare,Bath,activehealth.org,,,https://activehealth.org/careers|https://activehealth.org/jobs|https://activehealth.org/vacancies|https://activehealth.org/join-us,,0,2026-10-07T18:01:02.053Z
Acorn Nursing Home,healthcare,Birmingham,acornnursinghome.uk,,,https://acornnursinghome.uk/careers|https://acornnursinghome.uk/jobs|https://acornnursinghome.uk/vacancies|https://acornnursinghome.uk/join-us,,0,2026-10-07T18:01:02.827Z
A.E Pharma LTD T/A Matlock pharmacy,healthcare,Brighton,,,,,,0,2026-10-07T18:01:45.450Z
360 Degrees Clinic Ltd,healthcare,Surrey,,,,,,0,2026-10-07T18:01:47.988Z
Active Olive Healthcare Ltd,healthcare,Irthlingborough,activeolive.co.uk,,,https://aohcare.co.uk/services/recruitment-training/|https://aohcare.co.uk/services/recruitment-training/for-individuals/,,0,2026-10-07T18:03:45.486Z
HAH Hospitality Limited t/a Indian Affair Ancoats,healthcare,Manchester,,,,,,0,2026-10-07T18:04:15.820Z
(IECC Care) Independent Excel Care Consortium Limited,healthcare,Colchester,,,,,,0,2026-10-07T18:04:15.859Z
CHURCHVIEW CARE LTD,healthcare,Staines- upon-Thames,,,,,,0,2026-10-07T18:04:16.229Z
Ian Tappin t/a Lovat House Residential Care Home,healthcare,Wokingham,,,,,,0,2026-10-07T18:04:16.811Z
LETCHWORTH REHABILITATION & PHYSIOTHERAPY CENTRE LTD,healthcare,STEVENAGE,,,,,,0,2026-10-07T18:04:17.029Z
21D Clinical Limited,healthcare,Warrington,,,,,,0,2026-10-07T18:04:17.068Z
18A Charing Cross Dental Surgery,healthcare,London,,,,,,0,2026-10-07T18:04:17.201Z
199 Clinic Limited t/a London Longevity Clinic,healthcare,London,,,,,,0,2026-10-07T18:04:17.627Z
23MD Medical Services Ltd,healthcare,Canterbury,,,,,,0,2026-10-07T18:04:17.683Z
"289 Imaging Ltd, Trading as 'The Ultrasound Clinic'",healthcare,Silsoe,,,,,,0,2026-10-07T18:04:17.898Z
247 Bluebell Care Ltd,healthcare,Luton,,,,,,0,2026-10-07T18:04:18.013Z
16 Plus Care Support Solutions Ltd,healthcare,Gloucester,,,,,,0,2026-10-07T18:04:18.037Z
387 Veterinary Centre Limited,healthcare,Great Wyrley,,,,,,0,2026-10-07T18:04:18.812Z
1st Focus Homecare Ltd,healthcare,Edinburgh,,,,,,0,2026-10-07T18:04:18.959Z
3A Care (Bromsgrove) Ltd,healthcare,Bromsgrove,,,,,,0,2026-10-07T18:04:18.960Z
2M Health & Home Care Ltd,healthcare,Smethwick,,,,,,0,2026-10-07T18:04:19.558Z
3A Care (Altrincham) Ltd,healthcare,Altrincham,,,,,,0,2026-10-07T18:04:19.705Z
3A Care (London) Ltd,healthcare,Watford,,,,,,0,2026-10-07T18:04:19.774Z
313 Healthcare LTD,healthcare,Bedford,,,,,,0,2026-10-07T18:04:19.816Z
2SK Care Homes Ltd,healthcare,Abergele,,,,,,0,2026-10-07T18:04:20.027Z
Hilton Pharmacy Ltd T/A Hilton Pharmacy & Opticians,healthcare,Hilton,,,,,,0,2026-10-07T18:04:20.034Z
3A Care (Worcs) Ltd,healthcare,Stourport on Severn,,,,,,0,2026-10-07T18:04:20.412Z
365 Care Homes Ltd T/A Delph House Care Home,healthcare,Littleport,,,,,,0,2026-10-07T18:04:21.240Z
4You Hospitality Services Limited (Trading as Ravens Ait),healthcare,Surbiton,,,,,,0,2026-10-07T18:04:21.300Z
3S ADOLESCENT CARE,healthcare,CHEADLE,,,,,,0,2026-10-07T18:04:21.315Z
4 Healthy Pets Ltd,healthcare,Northampton,,,,,,0,2026-10-07T18:04:21.421Z
4You Hospitality Services Ltd,healthcare,Surbiton,,,,,,0,2026-10-07T18:04:22.117Z
50Nine Health & Wellbeing Group Ltd t/a 50Nine,healthcare,St Albans,,,,,,0,2026-10-07T18:04:22.147Z
R&T (LEE) CLINIC LIMITED,healthcare,London,,,,,,0,2026-10-07T18:04:22.360Z
89 BILLIONS THAI THERAPY LTD,healthcare,"ISLINGTON,LONDON",,,,,,0,2026-10-07T18:04:23.832Z
A & M Pharmacies Ltd,healthcare,Coventry,,,,,,0,2026-10-07T18:04:23.957Z
3 ANGELS COMPLEX CARE SERVICES LTD,healthcare,WOLVERHAMPTON,,,,,,0,2026-10-07T18:04:25.004Z
3 Trees Care & Support Ltd,healthcare,Bristol,,,,,,0,2026-10-07T18:04:25.091Z
8K Home Care Ltd,healthcare,Harrogate,,,,,,0,2026-10-07T18:04:25.263Z
A A Rahman t/a Visage Dental Laboratory,healthcare,Glasgow,,,,,,0,2026-10-07T18:04:26.713Z
4 Medical Clinical Solution Ltd,healthcare,Manchester.,,,,,,0,2026-10-07T18:04:27.285Z
A-Z COMPLETE CARE LTD,healthcare,Leicester,,,,,,0,2026-10-07T18:04:27.600Z
A & G Pet Medical Ltd,healthcare,Chatteris,,,,,,0,2026-10-07T18:04:28.769Z
SR Global Clinical Limited,healthcare,Milton Keynes,,,,,,0,2026-10-07T18:04:28.915Z
A-Z Healthcare (UK) Limited,healthcare,West Croydon,,,,,,0,2026-10-07T18:04:30.572Z
A & I Care Homes Ltd T/a The Meadows Residential Care Home,healthcare,Greenford,,,,,,0,2026-10-07T18:04:31.374Z
3D Healthcare Ltd T/A Proheal Pharma,healthcare,Taunton,,,,,,0,2026-10-07T18:04:31.925Z
A2Z Home Care Services Limited,healthcare,Watford,,,,,,0,2026-10-07T18:04:32.000Z
A360 LTD with trading name A360 group healthcare,healthcare,Portsmouth,,,,,,0,2026-10-07T18:04:32.368Z
A1 Care Services Ty Ceirios Nursing Home,healthcare,Pontypool,,,,,,0,2026-10-07T18:04:32.750Z
AARK HEALTH LIMITED,healthcare,LONDON,,,,,,0,2026-10-07T18:04:32.835Z
AARJ CARE SERVICES LTD,healthcare,Birmingham,,,,,,0,2026-10-07T18:04:33.216Z
AAYAN MEDICAL IMAGING LIMITED,healthcare,New Malden,,,,,,0,2026-10-07T18:04:33.751Z
AAY Hospitality Ltd,healthcare,Treorci,,,,,,0,2026-10-07T18:04:34.191Z
Aash Pharm Limited T/A Horn Lane Pharmacy,healthcare,London,,,,,,0,2026-10-07T18:04:35.669Z
ABAN HEALTHCARE LTD T/A VICTORIA PHARMACY,healthcare,LONDON,,,,,,0,2026-10-07T18:04:37.137Z
AB Littlejohn & Sons LTD  T/A Dental Technology Services,healthcare,Glasgow,,,,,,0,2026-10-07T18:04:38.417Z
17th Century Health Food Limited,healthcare,Birmingham,,,,,,0,2026-10-07T18:04:39.311Z
HAWTHORN MANOR LIMITED t/as Hawthorn Manor Residential Home,healthcare,Gillingham,,,,,,0,2026-10-07T18:04:39.465Z
ABBENDON HEALTH CARE LTD T/A ABBENDON NURSING HOME,healthcare,SOUTHPORT,,,,,,0,2026-10-07T18:04:41.472Z
Abbey Care and Nursing @Home LTD,healthcare,Sheffield,,,,,,0,2026-10-07T18:04:42.263Z
24/7 Medicine Limited T/ A 24-7 Pharmacy,healthcare,Liverpool,,,,,,0,2026-10-07T18:04:45.125Z
a and k home care services ltd,healthcare,daventry,,,,,,0,2026-10-07T18:04:52.756Z
A.K Medical Consultancy Ltd. T/A Cockerton Pharmacy,healthcare,Darlington,,,,,,0,2026-10-07T18:04:53.583Z
AB Dental Ltd,healthcare,London,,,,,,0,2026-10-07T18:04:54.351Z
A.R.T.I. SERVICES LTD T/A Manor Farm Residential Home,healthcare,Bath,,,,,,0,2026-10-07T18:04:54.831Z
13th Street Hospitality Ltd t/a Sunday in Brooklyn,healthcare,London,,,,,,0,2026-10-07T18:04:54.985Z
1ST Class Care Agency Ltd,healthcare,Prescot,,,,,,0,2026-10-07T18:04:56.387Z
Abbey Grange Care Home Ltd,healthcare,Burnley,,,,,,0,2026-10-07T18:04:56.483Z
ABBEY CARE CENTRE LIMITED T/A Bhakti Shyama care Centre,healthcare,London,,,,,,0,2026-10-07T18:04:56.828Z
Abbey Care Complex Limited T/A Abbey Care Complex,healthcare,Ilford,,,,,,0,2026-10-07T18:04:57.130Z
Abbey Meads Surgery,healthcare,Swindon,,,,,,0,2026-10-07T18:04:57.326Z
Abbey Meads Dental Practice,healthcare,Swindon,,,,,,0,2026-10-07T18:04:57.344Z
Abbey Veterinary Centre (Grimsby) Limited,healthcare,Grimsby,,,,,,0,2026-10-07T18:04:57.939Z
Abbey Ravenscroft Park LTD T/A Abbey Ravenscroft Park Nursing Home,healthcare,Barnet,,,,,,0,2026-10-07T18:04:58.136Z
Abbey Dingle Nursing Homes Ltd,healthcare,Llangollen,,,,,,0,2026-10-07T18:04:58.245Z
Abbeycroft Care Home,healthcare,Redditch,,,,,,0,2026-10-07T18:04:58.992Z
Abbey Surgery,healthcare,Tavistock,,,,,,0,2026-10-07T18:04:59.134Z
Abbeywell Veterinary Clinic Limited,healthcare,Folkestone,,,,,,0,2026-10-07T18:04:59.974Z
ABBEY HOUSE RESEDENTIAL CARE HOME,healthcare,MORDEN,,,,,,0,2026-10-07T18:05:01.933Z
1st Class care services 2LTD,healthcare,Ledbury,,,,,,0,2026-10-07T18:05:02.299Z
Abbeydale Residential Care Home,healthcare,Ilkley,,,,,,0,2026-10-07T18:05:02.684Z
Abbey Veterinary Group Ltd,healthcare,Barnsley,,,,,,0,2026-10-07T18:05:03.354Z
ABBOTSFORD RESIDENTIAL CARE HOME LIMITED T/ AS Abbotsford Residential Care Home,healthcare,Pinner,,,,,,0,2026-10-07T18:05:03.484Z
Abbeyfield Hertfordshire Residential Care Society Ltd,healthcare,Kings Langley,,,,,,0,2026-10-07T18:05:04.155Z
Abeer Raja Abdul Raheem Al-Adhami T/A Abi Dental,healthcare,London,,,,,,0,2026-10-07T18:05:04.295Z
A&U Dental Surgeries Ltd,healthcare,Market Harborough,,,,,,0,2026-10-07T18:05:04.980Z
Aberdeen Visionplus Limited T/A Specsavers Opticians,healthcare,Aberdeen,,,,,,0,2026-10-07T18:05:05.807Z
Abbey House Medical Practice,healthcare,Daventry,,,,,,0,2026-10-07T18:05:05.824Z
Abbots Healthcare Ltd,healthcare,Abbots Langley,,,,,,0,2026-10-07T18:05:06.449Z
Abhishek Vijaya Kumar T/A Blantyre Family Dental Care,healthcare,Glasgow,,,,,,0,2026-10-07T18:05:06.617Z
ABETTER HEALTH LTD,healthcare,Newport,,,,,,0,2026-10-07T18:05:07.060Z
Abbey Court Care Home,healthcare,Bourne,,,,,,0,2026-10-07T18:05:16.060Z
5 Health Northwest Ltd T/ A iPharmacy Princess Road,healthcare,Manchester,,,,,,0,2026-10-07T18:05:16.249Z
Abercrombie Dental Practice,healthcare,Westhill,,,,,,0,2026-10-07T18:05:16.987Z
Abergarw Care Home Limited,healthcare,Bridgend,,,,,,0,2026-10-07T18:05:17.266Z
AbleCare (Menwinnion) Ltd T/A Menwinnion Country House Care Home,healthcare,Penzance,,,,,,0,2026-10-07T18:05:17.855Z
Abney Dental Practice,healthcare,London,,,,,,0,2026-10-07T18:05:18.686Z
Ability Healthcare Cannock Ltd,healthcare,Walsall,,,,,,0,2026-10-07T18:05:20.354Z
ABRAHAM NURSING HOMES LTD,healthcare,PONTYCLUN,,,,,,0,2026-10-07T18:05:21.166Z
Ablecross Care Services,healthcare,Brentwood,,,,,,0,2026-10-07T18:05:21.976Z
Abbey Lodge Residential Home,healthcare,Hythe,,,,,,0,2026-10-07T18:05:23.827Z
Abounding Support & Care Ltd,healthcare,Bordon,,,,,,0,2026-10-07T18:05:24.635Z
ABLE HANDS HEALTHCARE LTD,healthcare,Rochester,,,,,,0,2026-10-07T18:05:26.507Z
Abbey lodge care home limited,healthcare,london colony,,,,,,0,2026-10-07T18:05:27.199Z
A&F PRIME CARE LTD,healthcare,Southampton,,,,,,0,2026-10-07T18:05:28.039Z
ABQ Hospitality & Property Management UK Ltd,healthcare,Bournemouth,,,,,,0,2026-10-07T18:05:28.668Z
Abrahamic Care Services Limited,healthcare,Goole,,,,,,0,2026-10-07T18:05:28.884Z
ABRONN MEDICAL UNITS UK LIMITED,healthcare,Manchester,,,,,,0,2026-10-07T18:05:29.645Z
Abundant Graze Ltd T/A ACH Healthcare (Bicester),healthcare,Bicester,,,,,,0,2026-10-07T18:05:29.879Z
Acacia Care and Education Limited,healthcare,Oxford,,,,,,0,2026-10-07T18:05:31.123Z
Abbey Medical Practice,healthcare,Lincoln,,,,,,0,2026-10-07T18:05:34.798Z
5 STAR CLINIC LTD,healthcare,Preston,,,,,,0,2026-10-07T18:05:35.230Z
Absolute Healthcare West Limited,healthcare,London,,,,,,0,2026-10-07T18:05:36.052Z
ACANA CARE LTD T/A ACANA SUPPLIES,healthcare,London,,,,,,0,2026-10-07T18:05:37.176Z
Absolute Healthcare West Ltd T/A The Village Nursing Home,healthcare,Brierley Hill,,,,,,0,2026-10-07T18:05:37.579Z
ABR Health Ventures Ltd,healthcare,London,,,,,,0,2026-10-07T18:05:39.138Z
A.H.P. MEDICAL SUPPLIES LTD,healthcare,London,,,,,,0,2026-10-07T18:05:40.402Z
ABSOLUTE ALL INCLUSIVE CARE LTD T/a AAICARE,healthcare,PORTLAND,,,,,,0,2026-10-07T18:05:40.777Z
Access Dignity Care Limited,healthcare,Walton on the Naze,,,,,,0,2026-10-07T18:05:41.623Z
Accu-Set Healthcare Ltd,healthcare,Newark,,,,,,0,2026-10-07T18:05:42.608Z
ABSOLUTE CARE UK LTD,healthcare,READING,,,,,,0,2026-10-07T18:05:43.246Z
Accession Therapeutics Limited,healthcare,Abingdon,,,,,,0,2026-10-07T18:05:43.846Z
Absolute Care AGENCY (EM) LIMITED,healthcare,Loughborough,,,,,,0,2026-10-07T18:05:44.248Z
ACCESS24 HEALTHCARE LTD,healthcare,Milton Keynes,,,,,,0,2026-10-07T18:05:45.107Z
ACEPAY LIMITED TRADING AS THE COTTAGE NURSING HOME,healthcare,WALSALL,,,,,,0,2026-10-07T18:05:45.928Z
Ace24 Healthcare Ltd,healthcare,Colchester,,,,,,0,2026-10-07T18:05:46.782Z
ACCESS Speech and Language Therapy Limited,healthcare,Sawbridgeworth,,,,,,0,2026-10-07T18:05:48.108Z
Acacia Lodge Care Home Limited,healthcare,Billericay,,,,,,0,2026-10-07T18:05:48.174Z
Abbey Private Nursing Home Ltd,healthcare,Dungannon,,,,,,0,2026-10-07T18:05:48.193Z
Aceso Global Health Consultants Limited,healthcare,Greater London,,,,,,0,2026-10-07T18:05:49.441Z
Acetherix Healthcare Limited,healthcare,LEICESTER,,,,,,0,2026-10-07T18:05:49.873Z
Academy of Medical Royal Colleges,healthcare,London,,,,,,0,2026-10-07T18:05:51.865Z
Abbots Lodge Dental Practice Ltd,healthcare,Ristington,,,,,,0,2026-10-07T18:05:57.024Z
Ace Home Care Services Limited t/a Ace Homecare London,healthcare,London,,,,,,0,2026-10-07T18:05:57.566Z
Able Care ( Menwinnion) Ltd t/a Menwinnion Country House Care Home,healthcare,Penzance,,,,,,0,2026-10-07T18:05:57.911Z
Acorn Surgery,healthcare,Huntingdon,,,,,,0,2026-10-07T18:06:00.159Z
abbey wood dental practice,healthcare,LONDON,,,,,,0,2026-10-07T18:06:06.607Z
Aberness Care Ltd,healthcare,ABERDEEN,,,,,,0,2026-10-07T18:06:07.181Z
Acorns Children's Hospice Trust,healthcare,Birmingham,,,,,,0,2026-10-07T18:06:08.021Z
Acorn House Veterinary Hospital,healthcare,Bedford,,,,,,0,2026-10-07T18:06:11.262Z
Acorn Lodge Ltd t/a Acorn Lodge Care Home,healthcare,Hackney,,,,,,0,2026-10-07T18:06:13.125Z
Achievers Care Solutions Limited,healthcare,Dartford,,,,,,0,2026-10-07T18:06:13.800Z
Action 2 Care,healthcare,Wellingborough,,,,,,0,2026-10-07T18:06:15.465Z
Acutus Medical UK Ltd,healthcare,London,,,,,,0,2026-10-07T18:06:16.329Z
Abington Park View Care Home,healthcare,Northampton,,,,,,0,2026-10-07T18:06:16.743Z
Adalah Residential Home LTD,healthcare,Leigh On Sea,,,,,,0,2026-10-07T18:06:17.175Z
"Action for Health, Education and Disability (AHEAD) International",healthcare,Birmingham,,,,,,0,2026-10-07T18:06:17.946Z
Adada Ltd T/A Adada Care Services,healthcare,Chester,,,,,,0,2026-10-07T18:06:17.995Z
Acorn Community Care,healthcare,Norton,,,,,,0,2026-10-07T18:06:21.875Z
Abington Park Surgery,healthcare,Northampton,,,,,,0,2026-10-07T18:06:21.917Z
ABC CARE HOME LTD,healthcare,CATERHAM,,,,,,0,2026-10-07T18:06:22.046Z
ACE Medical Partnership,healthcare,Birmingham,,,,,,0,2026-10-07T18:06:25.445Z
Absolute Medical International Ltd,healthcare,Manchester,,,,,,0,2026-10-07T18:06:27.063Z
ACTIVE CARE ORGANISATION LIMITED,healthcare,Northampton,,,,,,0,2026-10-07T18:06:27.079Z
Adam's Healthcare Nelson Ltd,healthcare,Nelson,,,,,,0,2026-10-07T18:06:35.648Z
Actual Care Services Ltd,healthcare,Birmingham,,,,,,0,2026-10-07T18:06:39.078Z
Abbey Rose Care Home,healthcare,Ringwood,,,,,,0,2026-10-07T18:06:40.584Z
Ada Digital Health Ltd,healthcare,London,,,,,,0,2026-10-07T18:06:41.359Z
Abbott Diabetes Care UK Limited,healthcare,Witney,,,,,,0,2026-10-07T18:06:45.323Z
Accord Healthcare Limited,healthcare,North Harrow,,,,,,0,2026-10-07T18:06:49.502Z
Active Care Plus Ltd,healthcare,Rotherham,,,,,,0,2026-10-07T18:07:01.422Z
AD Implant.com Limited T/A Dental Implant Centre,healthcare,Reading,,,,,,0,2026-10-07T18:07:09.292Z
