title,employer,location,regulator,sponsorshipOffered,requiredRegistration
Staff Nurse - General Medicine,Royal Free London NHS Foundation Trust,"London, NW3 2QG",NMC,true,Full NMC Registration (RN1/RN2)
Registered Nurse - Community District,Birmingham Community Healthcare NHS FT,"Birmingham, B1 1BB",NMC,true,Full NMC Registration (RN1/RNMH)
Senior Staff Nurse - ITU/Critical Care,Manchester University NHS Foundation Trust,"Manchester, M13 9WL",NMC,true,Full NMC Registration (RN1) with ITU experience
Band 6 Nurse - Cardiology,Papworth Hospital NHS Foundation Trust,"Cambridge, CB23 3RE",NMC,true,Full NMC Registration (RN1/RN2) with cardiac experience
Specialty Doctor - Geriatric Medicine,Leeds Teaching Hospitals NHS Trust,"Leeds, LS1 3EX",GMC,true,Full GMC Registration with Licence to Practise
Specialty Doctor - Emergency Medicine,University Hospitals Bristol and Weston NHS FT,"Bristol, BS1 3NU",GMC,true,Full GMC Registration with Licence to Practise
Consultant Psychiatrist - General Adult,South London and Maudsley NHS Foundation Trust,"London, SE5 8AZ",GMC,true,Full GMC Registration with CCT in Psychiatry
Physiotherapist - Musculoskeletal Outpatients,Guy's and St Thomas' NHS Foundation Trust,"London, SE1 7EH",HCPC,true,Full HCPC Registration (Physiotherapist)
Occupational Therapist - Acute Medicine,Cambridge University Hospitals NHS Foundation Trust,"Cambridge, CB2 0QQ",HCPC,true,Full HCPC Registration (Occupational Therapist)
Radiographer - Diagnostic Imaging,Sheffield Teaching Hospitals NHS Foundation Trust,"Sheffield, S10 2JF",HCPC,true,Full HCPC Registration (Radiographer)
