organisation_name,careers_url,ats_provider,ats_board_id,ats_mapping_status,ats_mapping_evidence_url,probe_status,probe_reason,last_outcome,last_completed_at,last_pages_fetched,last_adverts_found,last_rejected_count,updated_at
1 ALS LIMITED,https://alsglobal.wd103.myworkdayjobs.com/External,Workday,,unverified,,unknown,,failed,,5,6,351,2026-09-19T19:13:22.757Z
1 Homecare Ltd,https://1homecare.co.uk/vacancies,,,unverified,,unknown,,complete,2026-09-27T04:17:01.607Z,1,0,0,2026-09-27T04:17:01.607Z
11K Consulting Ltd,https://www.11kconsulting.com/careers,,,unverified,,unknown,,complete,2026-09-27T07:00:50.401Z,1,0,0,2026-09-27T07:00:50.401Z
11x Limited,https://builtinlondon.uk/jobs,,,unverified,,unknown,,failed,,4,346,300,2026-09-19T19:15:50.555Z
12.18 Roxburghe Hotel Golf & Spa Ltd,https://schlosshotel-roxburghe.com/en/career,,,unverified,,unknown,,complete,2026-09-27T00:17:14.470Z,0,0,0,2026-09-27T00:17:14.470Z
152 Harley Street Limited,https://www.152harleystreet.com/careers,,,unverified,,unknown,,complete,2026-09-27T07:17:05.603Z,1,0,0,2026-09-27T07:17:05.603Z
15Below Ltd,https://15below.com/jobs-at-15below,,,unverified,,unknown,,complete,2026-09-25T13:17:03.449Z,2,0,68,2026-09-25T13:17:03.449Z
17 Capital Services Ltd,https://17capital.bamboohr.com/careers,BambooHR,,unverified,,unknown,,complete,2026-09-27T07:00:56.459Z,3,0,14,2026-09-27T07:00:56.459Z
173tech Ltd,https://173tech.com/careers,,,unverified,,unknown,,failed,,1,0,35,2026-09-24T15:39:21.265Z
17CARE UK LTD,https://17care.co.uk/jobs,,,unverified,,unknown,,failed,,1,0,15,2026-09-24T15:39:21.158Z
1st Grade Care Ltd,https://www.1stgradecare.co.uk/live-in-care-jobs,,,unverified,,unknown,,failed,2026-09-19T19:16:16.129Z,2,0,3,2026-09-27T07:01:14.729Z
200 Degrees Coffee Roasters,https://200degs.com/pages/careers,,,unverified,,unknown,,complete,2026-09-25T17:29:26.565Z,2,0,0,2026-09-25T17:29:26.565Z
200OK Solutions Ltd,https://www.200oksolutions.com/careers,,,unverified,,unknown,,complete,2026-09-27T10:17:09.482Z,3,0,14,2026-09-27T10:17:09.482Z
2020 Innovation Training Limited,https://www.2020innovation.com/career-opportunities,,,unverified,,unknown,,failed,2026-09-19T19:17:07.471Z,4,0,0,2026-09-27T15:00:19.800Z
24 Seven UK Limited,https://www.24seventalent.com/join-our-team,,,unverified,,bad,[temporary] Cannot create a Buffer larger than 128000 bytes,temporary_bad,,,,,2026-09-22T06:58:23.786Z
247 CARS (WILLENHALL) LIMITED,https://247-247.net/work-with-us,,,unverified,,bad,[temporary] Cannot create a Buffer larger than 128000 bytes,temporary_bad,,,,,2026-09-22T06:58:30.183Z
29 Stoney Street LLP,https://www.mitchellwilde.com/vacancies,,,unverified,,unknown,,failed,,2,0,62,2026-09-20T22:25:05.644Z
2CRSi UK LTD,https://2crsi.com/jobs,,,unverified,,unknown,,complete,2026-09-27T15:17:24.625Z,3,4,13,2026-09-27T15:17:24.625Z
2E Accountants Ltd,https://2eaccountants.co.uk/careers,,,unverified,,unknown,,complete,2026-09-27T16:17:25.767Z,6,0,9,2026-09-27T16:17:25.767Z
2e Systems Ltd,https://www.2e-systems.com/career,,,unverified,,unknown,,failed,,2,0,23,2026-09-22T07:17:09.065Z
2TECK LIMITED,https://www.2teck.co.uk/jobs-2teck,,,unverified,,unknown,,failed,2026-09-22T08:17:12.565Z,4,0,6,2026-09-28T07:47:48.158Z
3 Aces London LTD,https://www.3ace.co.uk/en/careers,,,unverified,,unknown,,failed,,2,0,21,2026-09-22T08:17:09.279Z
3 ANGELS COMPLEX CARE SERVICES LTD,https://3angelscomplexcare.com/careers,,,unverified,,unknown,,complete,2026-09-27T19:17:07.365Z,2,0,0,2026-09-27T19:17:07.365Z
3 Angels Complex Care Services Ltd,https://3angelscomplexcare.com/careers,,,unverified,,unknown,,,,,,,2026-09-07T23:17:15.582Z
3 Heads Agency,https://3headsagency.com/careers,,,unverified,,unknown,,partial_deadline,2026-09-22T09:44:48.944Z,4,0,24,2026-09-28T12:17:26.048Z
3d leisure Limited,https://www.3dleisure.com/about/careers,,,unverified,,bad,[temporary] Cannot create a Buffer larger than 128000 bytes,temporary_bad,,,,,2026-09-23T04:39:47.327Z
3EN Cloud Ltd,https://3en.group/careers,,,unverified,,bad,[temporary] Cannot create a Buffer larger than 128000 bytes,temporary_bad,,,,,2026-09-23T04:39:41.579Z
415 PALAETTE LTD,https://www.palaette.co.uk/career,,,unverified,,unknown,,,,,,,2026-09-08T13:17:24.006Z
4iApps Solutions Ltd,https://www.4iapps.com/careers,,,unverified,,unknown,,,,,,,2026-09-09T11:17:36.725Z
4RDigital Limited,https://4rdigital.com/projects/income-generating-opportunities-for-micro-retailers,,,unverified,,unknown,,,,,,,2026-09-09T11:17:32.962Z
4S UK CONSULTING LIMITED,https://4sukconsulting.co.uk/careers.html,,,unverified,,unknown,,,,,,,2026-09-09T11:17:31.224Z
5AB CARE LTD,https://5abcare.com/careers,,,unverified,,unknown,,,,,,,2026-09-09T17:39:12.684Z
5app Ltd,https://5app.com/careers,,,unverified,,unknown,,,,,,,2026-09-09T17:38:57.443Z
6 Bit Education Ltd,https://6b.education/careers,,,unverified,,unknown,,complete,2026-09-25T18:18:09.782Z,2,3,6,2026-09-25T18:18:09.782Z
"60 Decibels, Inc",https://60decibels.com/expertise/quality-jobs-workforce-development,,,unverified,,unknown,,,,,,,2026-09-09T18:17:30.646Z
67 Bricks Ltd.,https://67bricks.com/our-careers,,,unverified,,unknown,,complete,2026-09-25T21:50:49.314Z,0,0,0,2026-09-25T21:50:49.314Z
67 Pall Mall Ltd,https://www.67pallmall.com/careers,,,unverified,,unknown,,complete,2026-09-25T18:24:21.239Z,2,1,10,2026-09-25T18:24:21.239Z
68 Chef's Table Ltd,https://www.chefstablechester.co.uk/careers,,,unverified,,unknown,,,,,,,2026-09-09T19:17:20.877Z
6B Digital Limited,https://6b.systems/careers,,,unverified,,unknown,,,,,,,2026-09-09T19:17:28.175Z
7 Hospitality Management (UK) Ltd,https://www.7hospitality.co.uk/careers,,,unverified,,unknown,,,,,,,2026-09-10T02:18:13.438Z
7 Steel Manufacturing (UK) Ltd,https://7-steeluk.com/work-with-us,,,unverified,,unknown,,,,,,,2026-09-10T02:18:17.204Z
76 Harley Street Ltd,https://76harleystreet.com/careers,,,unverified,,unknown,,,,,,,2026-09-10T02:18:22.062Z
77 Diamonds Limited,https://www.77diamonds.com/careers.html,,,unverified,,unknown,,complete,2026-09-25T18:20:26.764Z,3,0,7,2026-09-25T18:20:26.764Z
786 PIZZA COMPANY LTD T/A PIZZA GO GO,https://www.pizzagogo.co.uk/franchise-opportunities,,,unverified,,unknown,,,,,,,2026-09-10T02:18:24.444Z
7Hills Technologies Ltd,https://7hillstechnologies.co.uk/careers,,,unverified,,unknown,,,,,,,2026-09-10T02:18:31.737Z
85 Piccadilly Ltd,https://hide.co.uk/careers,,,unverified,,unknown,,,,,,,2026-09-10T02:19:00.626Z
85 Secret Garden,https://www.secretgardennw3.co.uk/careers,,,unverified,,unknown,,complete,2026-09-25T21:51:00.516Z,1,0,5,2026-09-25T21:51:00.516Z
9fin Limited,https://jobs.ashbyhq.com/9fin/form/talent-community,Ashby,9fin,verified,https://jobs.ashbyhq.com/9fin/form/talent-community,ok_for_crawl,,complete,2026-09-27T15:00:14.685Z,1,33,0,2026-09-27T15:00:14.685Z
A is for Architecture Ltd,https://www.aisfor.co/news/join-our-team-part-i-ii,,,unverified,,unknown,,,,,,,2026-09-10T07:52:52.943Z
A Patel T/A Mail Boxes Etc Croydon,https://www.mbe.co.uk/career-opportunities,,,unverified,,unknown,,,,,,,2026-09-10T14:17:29.367Z
A Raymond Ltd,https://careers.araymond.com/,,,unverified,,unknown,,complete,2026-09-26T00:17:02.750Z,0,0,0,2026-09-26T00:17:02.750Z
A Z REAL ESTATE LIMITED,https://www.azrealestate.uk/2026/06/25/could-property-be-the-flexible-career-more-mothers-need,,,unverified,,unknown,,,,,,,2026-09-10T17:17:31.570Z
A&R Guardian Services Limited,https://arguardian.co.uk/index.php/vacancies,,,unverified,,unknown,,,,,,,2026-09-11T17:17:25.504Z
A&S NETWORK ENTERPRISES LTD,https://asnetworkenterprises.co.uk/careers.html,,,unverified,,unknown,,,,,,,2026-09-11T17:17:24.060Z
A&S R Limited t/as Pepe's Piri Piri,https://pepes.co.uk/job-vacancies,,,unverified,,unknown,,,,,,,2026-09-11T18:17:22.503Z
A&S SECURITY LIMITED,https://assecuritylimited.co.uk/work-with-us,,,unverified,,unknown,,,,,,,2026-09-11T18:17:30.431Z
A-squared Studio Engineers Ltd,https://www.a2-studio.com/careers,,,unverified,,unknown,,,,,,,2026-09-11T19:17:24.890Z
A. C. Goatham & Sons,https://www.pbeta8.co.uk/about-us/why-work-for-us,,,unverified,,unknown,,,,,,,2026-09-11T21:17:32.145Z
A1 Care Services Ty Ceirios Nursing Home,https://a1care.co.uk/care-jobs,,,unverified,,unknown,,complete,2026-09-26T15:24:04.313Z,5,0,15,2026-09-26T15:24:04.313Z
A12 PJ Limited T/A Papa Johns,https://inside.papajohns.co.uk/careers,,,unverified,,unknown,,,,,,,2026-09-12T07:17:15.366Z
A2Z diy hardware plumbing and heating merchant ltd,https://www.a2zdiyltd.co.uk/index.php?page=delivery,,,unverified,,unknown,,failed,,3,0,18,2026-09-20T22:37:55.221Z
A4FM LTD,https://a4fm.co.uk/careers,,,unverified,,unknown,,,,,,,2026-09-12T07:17:29.881Z
A5 NG1 Ltd T/A Papa Johns Pizza,https://inside.papajohns.co.uk/careers,,,unverified,,unknown,,,,,,,2026-09-12T07:17:36.735Z
AAA Freight Services Ltd,https://aaafreightservices.com/careers,,,unverified,,unknown,,complete,2026-09-26T20:17:01.587Z,1,0,0,2026-09-26T20:17:01.587Z
AB Energy UK LTD,https://www.gruppoab.com/en-us/professional-opportunities,,,unverified,,unknown,,,,,,,2026-09-12T08:44:57.721Z
AB Mauri (UK)Ltd,https://www.abmauri.com/careers,,,unverified,,unknown,,,,,,,2026-09-12T08:45:12.257Z
Abbey Healthcare (Hamilton) Ltd,https://www.abbeyhealthcare.org.uk/careers/,,,unverified,,unknown,,,,,,,2026-09-27T10:27:52.314Z
Abbey Medical Centre,https://www.abbeymc.co.uk/jobs,,,unverified,,unknown,,,,,,,2026-09-27T10:27:52.314Z
ABBEYDALE NURSING HOME,https://www.abbeyhealthcare.org.uk/careers,,,unverified,,unknown,,complete,2026-09-26T17:17:19.576Z,5,0,5,2026-09-26T17:17:19.576Z
"ABeam Consulting Ltd., UK Branch",https://www.abeam.com/eu/en/careers,,,unverified,,unknown,,,,,,,2026-09-12T10:17:35.208Z
ABF Ingredients Limited,https://www.abfingredients.com/en/careers,,,unverified,,unknown,,,,,,,2026-09-12T10:17:52.508Z
ABILITY OPTIONS LTD,https://abilityoptions.org.au/disability-services/accommodation-and-supported-living/accommodation,,,unverified,,unknown,,,,,,,2026-09-12T10:17:45.138Z
ABILITY RECRUITMENT GROUP LIMITED,https://abilityrg.com/healthcare-staffing-agency,,,unverified,,unknown,,,,,,,2026-09-12T10:17:49.580Z
ABL Care Ltd,https://ablcare.com/work-with-us,,,unverified,,unknown,,,,,,,2026-09-12T10:17:43.210Z
ABL1 Touch Ltd,https://careers.abl1touch.com/,,,unverified,,unknown,,,,,,,2026-09-12T10:17:52.939Z
ABM AVIATION UK LIMITED,https://www.abm.co.uk/careers,,,unverified,,unknown,,,,,,,2026-09-12T10:18:02.432Z
ABMI Engineering UK Ltd,https://jobs.abmi-groupe.com/,,,unverified,,unknown,,,,,,,2026-09-12T10:18:11.288Z
ABOVE & BEYOND CREATIVE LTD T/AS ABOVE + BEYOND,https://www.beyondcreative.gg/careers,,,unverified,,unknown,,,,,,,2026-09-12T10:18:04.275Z
ABP Penston,https://abpuk.com/careers-at-abp,,,unverified,,unknown,,,,,,,2026-09-12T10:18:26.441Z
ABP Yetminster,https://abpuk.com/careers-at-abp,,,unverified,,unknown,,,,,,,2026-09-13T16:03:10.625Z
ABPI,https://www.abpi.org.uk/jobs-at-the-abpi,,,unverified,,unknown,,complete,2026-09-25T18:22:07.458Z,4,8,37,2026-09-25T18:22:07.458Z
ABRAHAM NURSING HOMES LTD,https://www.llantrisantcarehome.co.uk/job-vacancies,,,unverified,,unknown,,,,,,,2026-09-12T12:01:32.979Z
ABS QE Assurance Services (UK) Ltd,https://www.abs-group.com/Careers-at-ABS-Group,Oracle Recruiting,,unverified,,unknown,,,,,,,2026-09-13T16:03:19.513Z
AC Security Solutions Ltd,https://www.accsecurity.com/careers,,,unverified,,unknown,,,,,,,2026-09-12T12:01:59.171Z
ACACIA COMMUNITY CARE LIMITED,https://www.acaciacomcare.co.uk/jobs-at-acacia,,,unverified,,unknown,,,,,,,2026-09-12T12:02:05.569Z
ACCA LIMITED,https://jobs.accaglobal.com/,,,unverified,,unknown,,,,,,,2026-09-12T12:02:10.870Z
ACCESS Speech and Language Therapy Limited,https://access-speechandlanguage.co.uk/join-our-team,,,unverified,,unknown,,,,,,,2026-09-13T16:03:08.857Z
ACCO UK LTD,https://www.accobrands.com/careers,,,unverified,,unknown,,,,,,,2026-09-13T16:03:20.110Z
ACE ANALYTICS LIMITED,https://www.aceanalytics.co.uk/index.php/ace-analytics-careers,,,unverified,,unknown,,,,,,,2026-09-13T16:03:22.181Z
ACE CARS & MINIBUSES LTD,https://ace-cars.co.uk/work-with-us,,,unverified,,unknown,,,,,,,2026-09-13T16:03:31.352Z
ACE CHILDRENS OCCUPATIONAL THERAPY LIMITED,https://acechildrensoccupationaltherapy.com/career-opportunities,,,unverified,,unknown,,,,,,,2026-09-13T16:17:16.698Z
ACE CONSULTANTS LTD,https://www.aceconsultants.co.uk/about-us/vacancies,,,unverified,,unknown,,,,,,,2026-09-13T16:17:11.919Z
ACES Academies Trust,https://www.catrust.co.uk/join-us/vacancies,,,unverified,,unknown,,,,,,,2026-09-13T16:17:19.947Z
ACG Advisors Group (UK) Ltd,https://acg.group/careers,,,unverified,,unknown,,,,,,,2026-09-13T16:17:25.340Z
ACIBADEM,https://acibademinternational.com/careers,,,unverified,,unknown,,,,,,,2026-09-13T16:17:30.427Z
ACOLYTE MANAGEMENT SERVICES LIMITED,http://acolytemanagementservices.co.uk/careers,,,unverified,,unknown,,,,,,,2026-09-13T16:17:50.188Z
Acorn Health Care Limited,https://www.acornshealthcare.co.uk/careers-at-acorns/,,,unverified,,unknown,,,,,,,2026-09-27T10:27:52.314Z
ACREO Ltd,https://www.acreo.uk/careers,,,unverified,,unknown,,,,,,,2026-09-14T07:24:03.749Z
ACT Developments London Limited,https://act-developments.co.uk/careers,,,unverified,,unknown,,,,,,,2026-09-14T07:24:08.172Z
ACTIVE INTERNATIONAL LTD,https://activeinternational.co.uk/careers,,,unverified,,unknown,,,,,,,2026-09-14T07:24:17.796Z
AD BUILDING RENOVATION LTD,https://adbuildingrenovationltd.co.uk/career,,,unverified,,unknown,,,,,,,2026-09-14T07:24:28.126Z
AD Implant.com Limited T/A Dental Implant Centre,https://duckduckgo.com/hiring,,,unverified,,unknown,,,,,,,2026-09-27T10:27:52.314Z
AD Technologies Ltd,https://www.adtechnology.com/careers,,,unverified,,unknown,,,,,,,2026-09-14T07:24:27.682Z
ADA BUSINESS CONSULTANCY LTD,https://www.adabusiness.co.uk/work-with-us,,,unverified,,unknown,,,,,,,2026-09-14T07:24:33.829Z
ADAB,https://www.ada.ac.uk/careers,,,unverified,,unknown,,,,,,,2026-09-14T16:40:26.748Z
ADAPT ems Ltd,https://www.adaptems.com/careers,,,unverified,,unknown,,,,,,,2026-09-14T16:40:26.764Z
ADB Safegate Airport Systems UK Ltd,https://careers.adbsafegate.com/,,,unverified,,unknown,,,,,,,2026-09-14T16:40:33.754Z
ADB SAFEGATE BV BRANCH UK,https://careers.adbsafegate.com/,,,unverified,,unknown,,,,,,,2026-09-14T16:40:42.576Z
ADDAX LONDON LTD,https://addax.co.uk/pages/career,,,unverified,,unknown,,,,,,,2026-09-14T16:40:29.677Z
ADDEPAR UK LTD,https://addepar.com/careers,,,unverified,,unknown,,,,,,,2026-09-14T16:40:42.832Z
ADDITIV LTD,https://www.additiv.com/careers,,,unverified,,unknown,,,,,,,2026-09-14T16:40:39.155Z
ADE Power Limited,https://ade-power.com/info/careers,,,unverified,,unknown,,,,,,,2026-09-14T16:40:47.754Z
ADEC SOLUTIONS LIMITED,https://www.adec-innovations.com/careers,,,unverified,,unknown,,,,,,,2026-09-14T16:40:45.267Z
ADETA FAMILY GROUP LIMITED,https://adetafamily.com/careers.html,,,unverified,,unknown,,,,,,,2026-09-14T16:40:48.040Z
ADEX CARE LTD,https://adexcare.co.uk/careers,,,unverified,,unknown,,,,,,,2026-09-14T16:40:59.052Z
ADF Foods UK Limited,https://adf-foods.com/careers,,,unverified,,unknown,,,,,,,2026-09-14T16:40:58.045Z
ADG Market Making LLP,https://www.adg.io/careers,,,unverified,,unknown,,complete,2026-09-27T10:17:07.089Z,3,0,8,2026-09-27T10:17:07.089Z
Admiral Healthcare ltd.,https://www.admiralhealthcare.com/career,,,unverified,,unknown,,,,,,,2026-09-27T10:27:52.314Z
ADORN SPA LIMITED,https://adorn.beauty/career,,,unverified,,unknown,,,,,,,2026-09-14T18:17:36.960Z
ADROIT CONSULTING GROUP LTD,https://adroitcc.io/careers,,,unverified,,unknown,,complete,2026-09-26T00:17:07.421Z,0,0,0,2026-09-26T00:17:07.421Z
ADROSONIC UK LIMITED,https://adrosonic.com/careers,,,unverified,,unknown,,,,,,,2026-09-14T18:17:52.400Z
ADSWIZZ LIMITED,https://www.adswizz.com/about/careers,,,unverified,,unknown,,,,,,,2026-09-14T18:17:42.545Z
ADTEK LIMITED,https://www.adtekltd.com/careers,,,unverified,,unknown,,,,,,,2026-09-14T18:17:42.444Z
ADUKUS LAW LIMITED,https://adukussolicitors.com/services/job-vacancies,,,unverified,,unknown,,,,,,,2026-09-14T18:17:55.153Z
ADUT Limited T/A Chaiiwala,https://www.chaiiwala.co.uk/careers,,,unverified,,unknown,,,,,,,2026-09-14T18:17:46.950Z
ADVANCE WATER TREATMENT TECHNOLOGIES LIMITED,https://www.advanced-water.co.uk/careers,,,unverified,,unknown,,,,,,,2026-09-14T18:18:05.003Z
ADVANCED FLOURISH CARE LIMITED,https://advancedflourishcare.co.uk/career,,,unverified,,unknown,,,,,,,2026-09-15T07:32:41.954Z
ADVANCED MEDCARE LTD,https://www.advancedmedcare.com/careers-with-advanced-medcare,,,unverified,,unknown,,,,,,,2026-09-15T07:32:45.175Z
ADVANCED MOLECULAR DIAGNOSTICS LTD,https://am-diagnostics.co.uk/jobs,,,unverified,,unknown,,,,,,,2026-09-15T07:32:45.388Z
Afeni Healthcare Limited,https://www.afenihealthcare.co.uk/jobs,,,unverified,,unknown,,,,,,,2026-09-27T10:27:52.314Z
Alie Limited t/a Alie Healthcare Limited,https://aliehealthcare.co.uk/index.php/career-section/,,,unverified,,unknown,,,,,,,2026-09-27T10:27:52.314Z
ALIVE HEALTHCARE SOLUTIONS LTD,https://www.alivehealthcare.co.uk/vacancies,,,unverified,,unknown,,,,,,,2026-09-27T10:27:52.314Z
Alliance Dental Care Limited,https://alliancedental.uk/,,,unverified,,unknown,,,,,,,2026-09-27T10:27:52.314Z
Artios Pharma Limited,https://www.artios.com/careers/,,,unverified,,unknown,,,,,,,2026-09-27T10:27:52.314Z
Ashdown Medical Group,https://www.ashdownmedical.org.uk/jobs,,,unverified,,unknown,,,,,,,2026-09-27T10:27:52.314Z
ASPECT HEALTHCARE SERVICES LIMITED,https://aspecthealthcare.co.uk/careers/,,,unverified,,unknown,,,,,,,2026-09-27T10:27:52.314Z
Assured Healthcare Solutions Limited,https://www.assuredhealthcaresolutions.com/careers,,,unverified,,unknown,,,,,,,2026-09-27T10:27:52.314Z
AVERLEY QWARA HEALTHCARE LTD,https://averleyqwarahealthcare.co.uk/apply-now/,,,unverified,,unknown,,,,,,,2026-09-27T10:27:52.314Z
Avon Healthcare Solutions Ltd,https://avonhealthcare.co.uk/,,,unverified,,unknown,,,,,,,2026-09-27T10:27:52.314Z
Avrin Pharma Ltd,https://www.avrin.co.uk/careers/,,,unverified,,unknown,,,,,,,2026-09-27T10:27:52.314Z
AZALEA CARE LTD,https://www.azaleacare.co.uk/join-our-team,,,unverified,,unknown,,complete,2026-09-26T21:17:17.646Z,6,0,2,2026-09-26T21:17:17.646Z
Azelis UK Limited,https://azelis.wd3.myworkdayjobs.com/en-US/Azelis_Careers/introduceYourself,Workday,,unverified,,unknown,,failed,,4,13,294,2026-09-19T15:28:43.602Z
Azeus UK Ltd,https://www.azeus.com/careers,,,unverified,,unknown,,failed,2026-09-19T18:51:11.292Z,5,0,132,2026-09-27T00:17:25.835Z
B & W Boathouse Inn Moulsford Ltd t/a The Beetle and Wedge,https://www.beetleandwedge.co.uk/work-with-us,,,unverified,,unknown,,complete,2026-09-27T08:17:11.596Z,3,0,1,2026-09-27T08:17:11.596Z
B Bagel Ltd,https://www.bbagel.co.uk/work-with-us-b-bagel,,,unverified,,unknown,,complete,2026-09-26T17:01:24.460Z,4,0,4,2026-09-26T17:01:24.460Z
B Bagel Trading Limited,https://www.bbagel.co.uk/work-with-us-b-bagel,,,unverified,,unknown,,complete,2026-09-27T15:00:10.452Z,4,0,4,2026-09-27T15:00:10.452Z
B M Steel Fabrications Limited,https://www.bmsteelfab.com/financial-controller,,,unverified,,unknown,,failed,,1,0,16,2026-09-19T18:51:44.178Z
BAE Healthcare Limited,https://www.baehealthcare.com/bae-training-and-recruitment,,,unverified,,unknown,,,,,,,2026-09-27T10:27:52.314Z
Baywater Healthcare Limited,https://www.baywater.co.uk/careers/,,,unverified,,unknown,,,,,,,2026-09-27T10:27:52.314Z
BE Education,https://beeducation.com/us-vs-uk-universities-in-2026-key-differences-admissions-and-how-to-choose/,,,unverified,,unknown,,,,,,,2026-09-27T10:27:52.314Z
Be First (Regeneration) Ltd,https://befirst.london/about-us/,,,unverified,,unknown,,,,,,,2026-09-27T10:27:52.314Z
Be Shaping the Future Management Consulting Ltd,https://www.beshapingthefuture.co.uk/,,,unverified,,unknown,,,,,,,2026-09-27T10:27:52.314Z
Be The Fox Limited,https://www.bethefox.co.uk/news/careers-client-services-director,,,unverified,,unknown,,,,,,,2026-09-27T10:27:52.314Z
Beacon Health Group Ltd,https://beaconsl.co.uk/our-careers/,,,unverified,,unknown,,,,,,,2026-09-27T10:27:52.314Z
Besins Healthcare (UK) Limited,https://www.besinshealthcare.co.uk/careers,,,unverified,,unknown,,,,,,,2026-09-27T10:27:52.314Z
Bestway Panacea Healthcare Limited,https://www.bestwaygroup.co.uk/careers,,,unverified,,unknown,,,,,,,2026-09-27T10:27:52.314Z
BKWAI LTD,https://www.bkwai.com/careers,,,unverified,,unknown,,,,,,,2026-09-15T07:33:13.123Z
BLACKLANE HAVN UK LTD,https://www.blacklane.com/en-gb/career,,,unverified,,unknown,,,,,,,2026-09-15T07:33:35.033Z
BLACKROCK INVESTMENT MANAGEMENT (UK) LIMITED,https://careers.blackrock.com/,,,unverified,,unknown,,failed,,1,0,79,2026-09-24T17:17:06.194Z
BLADEZ TOYZ LIMITED,https://bladeztoyz.com/pages/careers,,,unverified,,unknown,,,,,,,2026-09-15T07:33:31.084Z
BLAK DIAMOND SOCIAL CARE LIMITED,https://blakdiamond.co.uk/careers,,,unverified,,unknown,,complete,2026-09-25T18:19:14.874Z,2,4,9,2026-09-25T18:19:14.874Z
BLANCO UK Limited,https://www.blanco.co.uk/career/blanco-as-an-employer,,,unverified,,unknown,,,,,,,2026-09-17T05:32:09.750Z
Blue Sky Dental Limited,https://www.blueskydental.co.uk/work-with-us,,,unverified,,unknown,,,,,,,2026-09-27T10:28:10.487Z
BMA FOODS LIMITED T/A BAKERS + BARISTAS,https://www.bakersbaristas.com/pages/jobs,,,unverified,,unknown,,partial_page_limit,2026-09-24T15:55:36.741Z,6,0,7,2026-09-28T12:17:16.110Z
BMAS Accountants Ltd,https://bmasaccountants.co.uk/career,,,unverified,,unknown,,complete,2026-09-26T09:17:01.529Z,1,0,0,2026-09-26T09:17:01.529Z
BMC Software Ltd,https://www.bmc.com/careers/careers.html,,,unverified,,unknown,,failed,,5,5,49,2026-09-25T23:17:27.210Z
BMJ GROUPS SOLUTIONS LTD,https://bmjgroup.com/careers-and-learning,,,unverified,,unknown,,failed,,3,0,125,2026-09-19T15:27:01.634Z
BMLL Technologies Ltd,https://www.bmlltech.com/about-bmll/careers,,,unverified,,unknown,,complete,2026-09-26T15:23:51.104Z,1,0,0,2026-09-26T15:23:51.104Z
Brannam Medical Centre,https://www.brannammedicalcentre.co.uk/job-vacancies,,,unverified,,unknown,,,,,,,2026-09-27T10:28:05.835Z
Brightwell Healthcare Limited,https://www.brightwell.co.uk/our-careers/,,,unverified,,unknown,,,,,,,2026-09-27T10:28:10.487Z
BRONTE HEALTHCARE LIMITED T/A SURECARE SKIPTON & BINGLEY,https://surecare.co.uk/careers/,,,unverified,,unknown,,,,,,,2026-09-27T10:28:10.487Z
Candela Healthcare Ltd,https://candelahealthcare.co.uk/join-us/,,,unverified,,unknown,,,,,,,2026-09-27T10:28:10.487Z
Carclo plc,https://www.carclo.co.uk/join-us,,,unverified,,unknown,,,,,,,2026-09-27T10:28:10.487Z
Care Partners Health Care LTD,https://www.carepartnershc.co.uk/Job-References,,,unverified,,unknown,,,,,,,2026-09-27T10:28:10.487Z
Carelight Healthcare Ltd,https://carelight.co.uk/recruitment-process/,,,unverified,,unknown,,,,,,,2026-09-27T10:28:10.487Z
CAREWISE HEALTHCARE GROUP LTD T/A CAREWISE PHARMACY,https://carewiseltd.co.uk/candidates/,,,unverified,,unknown,,,,,,,2026-09-27T10:28:10.487Z
Certus Healthcare Limited,https://www.certus-tech.com/join-us,,,unverified,,unknown,,,,,,,2026-09-27T10:28:10.487Z
Chiropractic Clinic Eastcote,https://www.healthyspine.co.uk/Page.aspx?I=1053,,,unverified,,unknown,,,,,,,2026-09-27T10:28:05.835Z
Coal and Diamond ltd trading as: Eirlys Dental Practice,https://eirlysdental.co.uk/,,,unverified,,unknown,,,,,,,2026-09-27T10:28:05.835Z
Compassionate Healthcare Ltd,https://compassionatehealthcare.co.uk/careers/,,,unverified,,unknown,,,,,,,2026-09-27T10:28:10.487Z
Concept Eye Clinic Limited,https://concepteyeclinic.com/join-us/,,,unverified,,unknown,,,,,,,2026-09-27T10:28:05.835Z
"Concept Life Sciences, Integrated Discovery and Development Services Ltd.",https://www.conceptlifesciences.com/careers,,,unverified,,unknown,,,,,,,2026-09-27T10:28:10.487Z
Croft Healthcare Ltd,https://crofthc.com/careers/,,,unverified,,unknown,,,,,,,2026-09-27T10:28:10.487Z
Dears Pharmacy & Travel Clinic,https://dearspharmacy.co.uk/careers/,,,unverified,,unknown,,,,,,,2026-09-27T10:28:05.835Z
Eagle Healthcare Ltd,https://theeaglehealthcare.co.uk/vacancies/,,,unverified,,unknown,,,,,,,2026-09-27T10:28:14.309Z
Eastway Pharma Ltd,https://eastwaytech.com/careers/,,,unverified,,unknown,,,,,,,2026-09-27T10:28:14.309Z
EBONY HEALTHCARE SERVICES LIMITED,https://ebonyhealthcare.co.uk/vacancies/,,,unverified,,unknown,,,,,,,2026-09-27T10:28:14.309Z
ECHO HEALTHCARE SERVICES LIMITED,https://www.echouk.net/careers-working-for-echo/,,,unverified,,unknown,,,,,,,2026-09-27T10:28:14.309Z
Elephant Healthcare Limited,https://www.elephant.healthcare/careers,,,unverified,,unknown,,,,,,,2026-09-27T10:28:14.309Z
Elm Park Dental Surgery,https://www.elmparkdentalsurgery.com/careers,,,unverified,,unknown,,,,,,,2026-09-27T10:28:05.835Z
ELSAH HEALTHCARE LTD,https://www.elsahhealthcare.com/,,,unverified,,unknown,,,,,,,2026-09-27T10:28:14.309Z
Envisage Dental UK Limited,https://www.envisage-dental.co.uk/careers/apprenticeships,,,unverified,,unknown,,,,,,,2026-09-27T10:28:14.309Z
Envision Pharma Group Ltd,https://www.envisionpharmagroup.com/careers/,,,unverified,,unknown,,,,,,,2026-09-27T10:28:14.309Z
Executive Healthcare Services LTD,https://www.executivehealthcareltd.co.uk/copy-of-working-with-executive-health-1,,,unverified,,unknown,,,,,,,2026-09-27T10:28:14.309Z
EXECUTIVE INSIGHT HEALTHCARE CONSULTANTS LTD,https://www.executiveinsight.ch/en/careers/faq,,,unverified,,unknown,,,,,,,2026-09-27T10:28:14.309Z
Exemplar Health Care,https://www.exemplarhc.com/careers,,,unverified,,unknown,,,,,,,2026-09-27T10:28:14.309Z
Exemplar Health Care Support Centre,https://www.exemplarhc.com/careers,,,unverified,,unknown,,,,,,,2026-09-27T10:28:14.309Z
eXmoor Pharma Concepts Ltd,https://www.exmoorpharma.com/careers/,,,unverified,,unknown,,,,,,,2026-09-27T10:28:14.309Z
Expertreturn Limited T/A Mangal Pharmacy,https://mangalpharmacy.co.uk/job-opportunities,,,unverified,,unknown,,,,,,,2026-09-27T10:28:14.309Z
Faith's Walk Healthcare Services Limited,https://www.faithswalk.co.uk/jobs.php?page=Careers,,,unverified,,unknown,,,,,,,2026-09-27T10:28:14.309Z
Felikot Healthcare Limited,https://felikot.com/,,,unverified,,unknown,,,,,,,2026-09-27T10:28:14.309Z
Fen House Dental Practice,https://www.fenhousedental.com/recruitment/,,,unverified,,unknown,,,,,,,2026-09-27T10:28:14.309Z
FEN HOUSE DENTAL PRACTICE,https://www.fenhousedental.com/recruitment/,,,unverified,,unknown,,,,,,,2026-09-27T10:28:14.309Z
Fervid Healthcare Ltd,https://www.fervidhealthcare.co.uk/work-with-us/,,,unverified,,unknown,,,,,,,2026-09-27T10:28:14.309Z
FIRST PRACTICE HEALTHCARE LTD,https://firstpracticehealthcare.com/careers,,,unverified,,unknown,,,,,,,2026-09-27T10:28:14.309Z
FREYR LIFE SCIENCES LTD,https://www.freyrsolutions.com/careers,,,unverified,,unknown,,,,,,,2026-09-27T10:28:14.309Z
General Dental Council,https://www.gdc-uk.org/about-us/what-we-do/about-the-dental-leadership-network/previous-dental-leadership-network-events/future-dental-team--their-expectations--development-and-career,,,unverified,,unknown,,,,,,,2026-09-27T10:28:14.309Z
Ghurki Trust Teaching Hospital,https://www.ghurkitrust.org.pk/careers,,,unverified,,unknown,,,,,,,2026-09-27T10:28:14.309Z
Gian Healthcare Ltd,https://www.gianhealthcare.co.uk/recruitment,,,unverified,,unknown,,,,,,,2026-09-27T10:28:14.309Z
Globe Life Sciences,https://www.globelifesciences.com/careers/,,,unverified,,unknown,,,,,,,2026-09-27T10:28:14.309Z
GMP Healthcare Ltd,https://www.gmpcom.com/career/,,,unverified,,unknown,,,,,,,2026-09-27T10:28:14.309Z
GOODPEOPLE HEALTHCARE LTD,https://www.goodpeople.co.uk/contact,,,unverified,,unknown,,,,,,,2026-09-27T10:28:14.309Z
Gray Healthcare,https://www.grayhealthcare.com/careers/,,,unverified,,unknown,,,,,,,2026-09-27T10:28:14.309Z
Great Oakley Medical Centre,https://www.greatoakleymedicalcentre.co.uk/vacancies,,,unverified,,unknown,,,,,,,2026-09-27T10:28:05.835Z
GRETNA DENTAL PRACTICE,https://gretnadentalpractice.co.uk/careers/,,,unverified,,unknown,,,,,,,2026-09-27T10:28:05.835Z
Harrow Smile Clinic,https://www.smileclinicgroup.com/join-us,,,unverified,,unknown,,,,,,,2026-09-27T10:28:05.835Z
Healthcare Business Solutions (UK) Ltd,https://www.hbsuk.co.uk/careers/,,,unverified,,unknown,,,,,,,2026-09-27T10:28:14.309Z
Healthcare Ireland Belfast LTD,https://www.healthcareirelandgroup.com/careers,,,unverified,,unknown,,,,,,,2026-09-27T10:28:14.309Z
Hope Citadel Healthcare CIC,https://hopecitadel.org.uk/working-for-us/,,,unverified,,unknown,,,,,,,2026-09-27T10:28:17.687Z
Huntleigh Healthcare Limited,https://www.huntleigh-diagnostics.com/about-huntleigh-healthcare-medical-device-experts/careers/,,,unverified,,unknown,,,,,,,2026-09-27T10:28:17.687Z
Indegene Healthcare UK Ltd,https://www.indegene.com/careers,,,unverified,,unknown,,,,,,,2026-09-27T10:28:17.687Z
INSIGNIA HEALTHCARE GROUP LTD,https://www.insigniahealthcare.co.uk/jobs/,,,unverified,,unknown,,,,,,,2026-09-27T10:28:17.687Z
Intune Healthcare Limited,https://www.intunehealth.com/careers,,,unverified,,unknown,,,,,,,2026-09-27T10:28:17.687Z
JAPAN GREEN MEDICAL CENTRE LTD,https://www.japangreen.co.uk/about/recruit.html,,,unverified,,unknown,,,,,,,2026-09-27T10:28:17.687Z
JAS PHARMA LTD,https://www.jas.com/careers/,,,unverified,,unknown,,,,,,,2026-09-27T10:28:17.687Z
JSB Healthcare Ltd,https://jsbhealthcare.net/careers/,,,unverified,,unknown,,,,,,,2026-09-27T10:28:17.687Z
Kirkby dental practice,https://www.kirkbydental.co.uk/patient-education,,,unverified,,unknown,,,,,,,2026-09-27T10:28:17.687Z
LEGACY HEALTHCARE GROUP LTD,https://legacyhealthcaregroup.co.uk/career.php,,,unverified,,unknown,,,,,,,2026-09-27T10:28:17.687Z
Lime Healthcare Support Limited,https://limehealthcare.co.uk/,,,unverified,,unknown,,,,,,,2026-09-27T10:28:17.687Z
Loddon Healthcare Ltd,https://loddonhealthcare.co.uk/job-application/,,,unverified,,unknown,,,,,,,2026-09-27T10:28:17.687Z
LONDON KNIGHTSBRIDGE COSMETIC CLINIC LIMITED,https://www.thelondoncosmeticclinic.co.uk/careers/,,,unverified,,unknown,,,,,,,2026-09-27T10:28:17.687Z
Lotus Pharma Ltd,https://www.lotuspharm.com/en/careers,,,unverified,,unknown,,,,,,,2026-09-27T10:28:17.687Z
Luchi Healthcare Limited,https://www.luchihealthcare.co.uk/join-us.html,,,unverified,,unknown,,,,,,,2026-09-27T10:28:17.687Z
MALMO Healthcare Specialists Limited,https://malmohealthcare.co.uk/jobs/,,,unverified,,unknown,,,,,,,2026-09-27T10:28:21.348Z
Manor Healthcare Limited,https://manorhealthcare.org/careers-3/,,,unverified,,unknown,,,,,,,2026-09-27T10:28:21.348Z
Maranatha Healthcare Limited t/a Home Instead Birmingham,https://www.homeinstead.co.uk/about/leading-training/,,,unverified,,unknown,,,,,,,2026-09-27T10:28:21.348Z
Martins Lane Dental Partnership,https://www.martinslanedental.com/vacancies/,,,unverified,,unknown,,,,,,,2026-09-27T10:28:21.348Z
MBA Pharma Limited,https://www.mba-group.com/policy/recruitment-policy/,,,unverified,,unknown,,,,,,,2026-09-27T10:28:21.348Z
Melru Healthcare Limited,https://melruhealthcare.co.uk/,,,unverified,,unknown,,,,,,,2026-09-27T10:28:21.348Z
Merit HealthCare Ltd,https://www.merithealthcare.co.uk/jobs-emergency-shift-cover,,,unverified,,unknown,,,,,,,2026-09-27T10:28:21.348Z
MID-VIEW HEALTHCARE LTD,https://www.mid-viewhealthcare.co.uk/,,,unverified,,unknown,,,,,,,2026-09-27T10:28:21.348Z
MRM HEALTHCARE LLP,https://www.mrm.com/careers/,,,unverified,,unknown,,,,,,,2026-09-27T10:28:21.348Z
NHS Dumfries & Galloway,https://www.nhsdg.co.uk/,,,unverified,,unknown,,,,,,,2026-09-27T10:28:21.348Z
NHS Forth Valley,https://nhsforthvalley.com/jobs/,,,unverified,,unknown,,,,,,,2026-09-27T10:28:21.348Z
NHS SOUTH EAST LONDON INTEGRATED CARE BOARD,https://www.selondonics.org/good-work/,,,unverified,,unknown,,,,,,,2026-09-27T10:28:21.348Z
Oasis Healthcare Limited,https://www.oasisworkforcesolutions.com/,,,unverified,,unknown,,,,,,,2026-09-27T10:28:21.348Z
Obsidian Healthcare Group,https://www.obsidianhg.com/join-us/,,,unverified,,unknown,,,,,,,2026-09-27T10:28:21.348Z
The Real Good Dental Company T/A Bathgate Dental Practice,https://jobs.realgooddental.com/,,,unverified,,unknown,,,,,,,2026-09-27T10:28:05.835Z
Zuora UK Limited,https://zuora.greenhouse.io/internal_job_board,Greenhouse,,unverified,,unknown,,failed,2026-09-19T15:27:11.735Z,5,0,35,2026-09-26T14:16:29.028Z
ZURU UK Limited,https://zuru.com/careers,,,unverified,,unknown,,failed,,3,0,23,2026-09-19T15:27:53.945Z

