source_ref,source_file,field,confidence,development_confidence,organisation_name,normalized_organisation_name,town_city,county,region,industry,route,sub_route,candidate_url,evidence_url,development_action,development_current_value,verification_status,verification_evidence,production_match_status,production_name_match_count,production_exact_identity_count,matched_production_sponsor_record_id,production_organisation_name,production_town_city,production_county,production_region,production_industry,production_route,production_sub_route,matched_production_company_site_check_id,production_company_site_check_name,production_careers_row_count,production_current_value,identity_mismatched_fields,identity_missing_fields,disposition,conflict_flags,reason,candidate_production_sponsor_record_ids,candidate_production_company_site_check_ids,production_candidate_values,production_candidate_identity_details,resolver_classification,resolver_reason,resolver_target_sponsor_id,resolver_target_sponsor_ids,resolver_target_company_site_check_id,resolver_current_production_value,resolver_identity_match_method,resolver_evidence,source_kind,candidate_url_used,evidence_url_used,identity_mapping_code,identity_mapping_reason,proposed_field,source_resolution,reason_code,resolution_reason,mapped_production_sponsor_ids,mapped_production_sponsor_names,production_website_values,production_careers_value,first_party_audit_match,dev_careers_row_match
non-healthcare-company-websites-all-sectors.csv:9027:website,non-healthcare-company-websites-all-sectors.csv,website,high,high,ABS QE Assurance Services (UK) Ltd,abs qe assurance services uk ltd,Warrington,,,Other,Worker,Global Business Mobility: Senior or Specialist Worker,https://www.abs-group.com/,https://www.abs-group.com/,preserve_existing_same,https://www.abs-group.com/,,,ambiguous_name_match,2,0,,,,,,,,,,,1,,industry,,manual_review_ambiguous_production_match,production_identity_ambiguous,2 production sponsor row(s) share normalized name; identity match is ambiguous_name_match; production target already equals the candidate; development value matches candidate,146221|146222,,website[146221]=https://www.abs-group.com/|website[146222]=https://www.abs-group.com/,146221:ABS QE Assurance Services (UK) Ltd:Warrington:::Legal & Professional:Worker:Global Business Mobility: Senior or Specialist Worker|146222:ABS QE Assurance Services (UK) Ltd:Warrington:::Legal & Professional:Worker:Global Business Mobility: Senior or Specialist Worker,needs_manual_identity_resolution,"Production rows share the organisation name, but supplied identity fields conflict.",,,,,identity_attribute_conflict,At least one supplied location or sponsor-detail field differs from every candidate production row.,identity,https://www.abs-group.com/,https://www.abs-group.com/,manual_ambiguous_same_name_location,More than one production sponsor row matches the supplied name and location; independent evidence does not safely select or group them.,website,manual_review,manual_ambiguous_same_name_location,More than one production sponsor row matches the supplied name and location; independent evidence does not safely select or group them. URL retained in review only.,,,,https://www.abs-group.com/Careers-at-ABS-Group,no,no
non-healthcare-company-websites-all-sectors.csv:9028:website,non-healthcare-company-websites-all-sectors.csv,website,high,high,ABS QE Assurance Services (UK) Ltd,abs qe assurance services uk ltd,Warrington,,,Other,Worker,Global Business Mobility: Senior or Specialist Worker,https://www.abs-group.com/,https://www.abs-group.com/,preserve_existing_same,https://www.abs-group.com/,,,ambiguous_name_match,2,0,,,,,,,,,,,1,,industry,,manual_review_ambiguous_production_match,production_identity_ambiguous,2 production sponsor row(s) share normalized name; identity match is ambiguous_name_match; production target already equals the candidate; development value matches candidate,146221|146222,,website[146221]=https://www.abs-group.com/|website[146222]=https://www.abs-group.com/,146221:ABS QE Assurance Services (UK) Ltd:Warrington:::Legal & Professional:Worker:Global Business Mobility: Senior or Specialist Worker|146222:ABS QE Assurance Services (UK) Ltd:Warrington:::Legal & Professional:Worker:Global Business Mobility: Senior or Specialist Worker,needs_manual_identity_resolution,"Production rows share the organisation name, but supplied identity fields conflict.",,,,,identity_attribute_conflict,At least one supplied location or sponsor-detail field differs from every candidate production row.,identity,https://www.abs-group.com/,https://www.abs-group.com/,manual_ambiguous_same_name_location,More than one production sponsor row matches the supplied name and location; independent evidence does not safely select or group them.,website,manual_review,manual_ambiguous_same_name_location,More than one production sponsor row matches the supplied name and location; independent evidence does not safely select or group them. URL retained in review only.,,,,https://www.abs-group.com/Careers-at-ABS-Group,no,no
non-healthcare-company-websites-all-sectors.csv:9254:website,non-healthcare-company-websites-all-sectors.csv,website,medium,medium,Ada Digital Health Ltd,ada digital health ltd,London,,,Other,Worker,Skilled Worker,https://ada.com/,https://ada.com/,review_medium,,,,ambiguous_name_match,2,0,,,,,,,,,,,1,,industry,,manual_review_ambiguous_production_match,production_identity_ambiguous|production_target_value_differs,2 production sponsor row(s) share normalized name; identity match is ambiguous_name_match; production target has a different value; development field is blank,147090|147091,,website[147090]=https://about.ada.com/|website[147091]=https://about.ada.com/,147090:Ada Digital Health Ltd:London:::Hospitality:Worker:Skilled Worker|147091:Ada Digital Health Ltd:London:::Technology:Worker:Skilled Worker,needs_manual_identity_resolution,"Production rows share the organisation name, but supplied identity fields conflict.",,,,,identity_attribute_conflict,At least one supplied location or sponsor-detail field differs from every candidate production row.,identity,https://ada.com/,https://ada.com/,manual_ambiguous_same_name_location,More than one production sponsor row matches the supplied name and location; independent evidence does not safely select or group them.,website,manual_review,manual_ambiguous_same_name_location,More than one production sponsor row matches the supplied name and location; independent evidence does not safely select or group them. URL retained in review only.,,,,https://about.ada.com/careers,no,no
non-healthcare-company-websites-all-sectors.csv:9255:website,non-healthcare-company-websites-all-sectors.csv,website,medium,medium,Ada Digital Health Ltd,ada digital health ltd,London,,,Other,Worker,Skilled Worker,https://ada.com/,https://ada.com/,review_medium,,,,ambiguous_name_match,2,0,,,,,,,,,,,1,,industry,,manual_review_ambiguous_production_match,production_identity_ambiguous|production_target_value_differs,2 production sponsor row(s) share normalized name; identity match is ambiguous_name_match; production target has a different value; development field is blank,147090|147091,,website[147090]=https://about.ada.com/|website[147091]=https://about.ada.com/,147090:Ada Digital Health Ltd:London:::Hospitality:Worker:Skilled Worker|147091:Ada Digital Health Ltd:London:::Technology:Worker:Skilled Worker,needs_manual_identity_resolution,"Production rows share the organisation name, but supplied identity fields conflict.",,,,,identity_attribute_conflict,At least one supplied location or sponsor-detail field differs from every candidate production row.,identity,https://ada.com/,https://ada.com/,manual_ambiguous_same_name_location,More than one production sponsor row matches the supplied name and location; independent evidence does not safely select or group them.,website,manual_review,manual_ambiguous_same_name_location,More than one production sponsor row matches the supplied name and location; independent evidence does not safely select or group them. URL retained in review only.,,,,https://about.ada.com/careers,no,no
non-healthcare-company-websites-all-sectors.csv:9344:website,non-healthcare-company-websites-all-sectors.csv,website,high,high,ADM Promotions UK Limited,adm promotions uk limited,London,,,Other,Worker,Global Business Mobility: Senior or Specialist Worker,https://adm-indicia.com/,https://adm-indicia.com/,preserve_existing_different,https://www.admgroup.com/,,,ambiguous_name_match,2,0,,,,,,,,,,,1,,industry,,manual_review_ambiguous_production_match,production_identity_ambiguous|production_target_value_differs|development_target_value_differs,2 production sponsor row(s) share normalized name; identity match is ambiguous_name_match; production target has a different value; development value differs,147408|147407,,website[147408]=https://admpro.com|website[147407]=https://admpro.com,147408:ADM Promotions UK Limited:London:::Transport:Worker:Global Business Mobility: Senior or Specialist Worker|147407:ADM Promotions UK Limited:London:::Social Care:Worker:Global Business Mobility: Senior or Specialist Worker,needs_manual_identity_resolution,"Production rows share the organisation name, but supplied identity fields conflict.",,,,,identity_attribute_conflict,At least one supplied location or sponsor-detail field differs from every candidate production row.,identity,https://adm-indicia.com/,https://adm-indicia.com/,manual_ambiguous_same_name_location,More than one production sponsor row matches the supplied name and location; independent evidence does not safely select or group them.,website,manual_review,manual_ambiguous_same_name_location,More than one production sponsor row matches the supplied name and location; independent evidence does not safely select or group them. URL retained in review only.,,,,,no,no
non-healthcare-company-websites-all-sectors.csv:9345:website,non-healthcare-company-websites-all-sectors.csv,website,high,high,ADM Promotions UK Limited,adm promotions uk limited,London,,,Other,Worker,Global Business Mobility: Senior or Specialist Worker,https://adm-indicia.com/,https://adm-indicia.com/,preserve_existing_different,https://www.admgroup.com/,,,ambiguous_name_match,2,0,,,,,,,,,,,1,,industry,,manual_review_ambiguous_production_match,production_identity_ambiguous|production_target_value_differs|development_target_value_differs,2 production sponsor row(s) share normalized name; identity match is ambiguous_name_match; production target has a different value; development value differs,147408|147407,,website[147408]=https://admpro.com|website[147407]=https://admpro.com,147408:ADM Promotions UK Limited:London:::Transport:Worker:Global Business Mobility: Senior or Specialist Worker|147407:ADM Promotions UK Limited:London:::Social Care:Worker:Global Business Mobility: Senior or Specialist Worker,needs_manual_identity_resolution,"Production rows share the organisation name, but supplied identity fields conflict.",,,,,identity_attribute_conflict,At least one supplied location or sponsor-detail field differs from every candidate production row.,identity,https://adm-indicia.com/,https://adm-indicia.com/,manual_ambiguous_same_name_location,More than one production sponsor row matches the supplied name and location; independent evidence does not safely select or group them.,website,manual_review,manual_ambiguous_same_name_location,More than one production sponsor row matches the supplied name and location; independent evidence does not safely select or group them. URL retained in review only.,,,,,no,no
non-healthcare-company-websites-all-sectors.csv:9406:website,non-healthcare-company-websites-all-sectors.csv,website,low,low,Advanced Medical Solutions Limited,advanced medical solutions limited,Winsford,Cheshire,North West,Other,Worker,Global Business Mobility: Senior or Specialist Worker,https://admedsol.com/,https://admedsol.com/,review_low,,,,ambiguous_name_match,2,0,,,,,,,,,,,1,,industry,,rejected_low_confidence,production_identity_ambiguous,2 production sponsor row(s) share normalized name; identity match is ambiguous_name_match; production target already equals the candidate; development field is blank; Low-confidence website evidence lead; excluded from production import regardless of identity match.,147611|147610,,website[147611]=https://admedsol.com/|website[147610]=https://admedsol.com/,147611:Advanced Medical Solutions Limited:Winsford:Cheshire:North West:Healthcare:Worker:Global Business Mobility: Senior or Specialist Worker|147610:Advanced Medical Solutions Limited:Winsford:Cheshire:North West:Finance:Worker:Global Business Mobility: Senior or Specialist Worker,needs_manual_identity_resolution,"Production rows share the organisation name, but supplied identity fields conflict.",,,,,identity_attribute_conflict,At least one supplied location or sponsor-detail field differs from every candidate production row.,identity,https://admedsol.com/,https://admedsol.com/,manual_ambiguous_same_name_location,More than one production sponsor row matches the supplied name and location; independent evidence does not safely select or group them.,website,manual_review,manual_ambiguous_same_name_location,More than one production sponsor row matches the supplied name and location; independent evidence does not safely select or group them. URL retained in review only.,,,,,no,no
non-healthcare-company-websites-all-sectors.csv:9407:website,non-healthcare-company-websites-all-sectors.csv,website,low,low,Advanced Medical Solutions Limited,advanced medical solutions limited,Winsford,Cheshire,North West,Other,Worker,Global Business Mobility: Senior or Specialist Worker,https://admedsol.com/,https://admedsol.com/,review_low,,,,ambiguous_name_match,2,0,,,,,,,,,,,1,,industry,,rejected_low_confidence,production_identity_ambiguous,2 production sponsor row(s) share normalized name; identity match is ambiguous_name_match; production target already equals the candidate; development field is blank; Low-confidence website evidence lead; excluded from production import regardless of identity match.,147611|147610,,website[147611]=https://admedsol.com/|website[147610]=https://admedsol.com/,147611:Advanced Medical Solutions Limited:Winsford:Cheshire:North West:Healthcare:Worker:Global Business Mobility: Senior or Specialist Worker|147610:Advanced Medical Solutions Limited:Winsford:Cheshire:North West:Finance:Worker:Global Business Mobility: Senior or Specialist Worker,needs_manual_identity_resolution,"Production rows share the organisation name, but supplied identity fields conflict.",,,,,identity_attribute_conflict,At least one supplied location or sponsor-detail field differs from every candidate production row.,identity,https://admedsol.com/,https://admedsol.com/,manual_ambiguous_same_name_location,More than one production sponsor row matches the supplied name and location; independent evidence does not safely select or group them.,website,manual_review,manual_ambiguous_same_name_location,More than one production sponsor row matches the supplied name and location; independent evidence does not safely select or group them. URL retained in review only.,,,,,no,no
non-healthcare-company-websites-all-sectors.csv:10106:website,non-healthcare-company-websites-all-sectors.csv,website,high,high,BCG Digital Ventures,bcg digital ventures,London,,,Other,Worker,Global Business Mobility: Senior or Specialist Worker,https://www.bcg.com/,https://www.bcg.com/,promote_high_blank,https://www.bcg.com/,,,ambiguous_name_match,2,0,,,,,,,,,,,0,,industry,,manual_review_ambiguous_production_match,production_identity_ambiguous,2 production sponsor row(s) share normalized name; identity match is ambiguous_name_match; production target is blank; development value matches candidate,15093|15092,,website[15093]=[blank]|website[15092]=[blank],15093:BCG Digital Ventures:London:::Technology:Worker:Global Business Mobility: Senior or Specialist Worker|15092:BCG Digital Ventures:London:::Technology:Worker:Global Business Mobility: Senior or Specialist Worker,needs_manual_identity_resolution,"Production rows share the organisation name, but supplied identity fields conflict.",,,,,identity_attribute_conflict,At least one supplied location or sponsor-detail field differs from every candidate production row.,identity,https://www.bcg.com/,https://www.bcg.com/,manual_ambiguous_same_name_location,More than one production sponsor row matches the supplied name and location; independent evidence does not safely select or group them.,website,manual_review,manual_ambiguous_same_name_location,More than one production sponsor row matches the supplied name and location; independent evidence does not safely select or group them. URL retained in review only.,,,,,no,no
non-healthcare-company-websites-all-sectors.csv:10107:website,non-healthcare-company-websites-all-sectors.csv,website,high,high,BCG Digital Ventures,bcg digital ventures,London,,,Other,Worker,Global Business Mobility: Senior or Specialist Worker,https://www.bcg.com/,https://www.bcg.com/,promote_high_blank,https://www.bcg.com/,,,ambiguous_name_match,2,0,,,,,,,,,,,0,,industry,,manual_review_ambiguous_production_match,production_identity_ambiguous,2 production sponsor row(s) share normalized name; identity match is ambiguous_name_match; production target is blank; development value matches candidate,15093|15092,,website[15093]=[blank]|website[15092]=[blank],15093:BCG Digital Ventures:London:::Technology:Worker:Global Business Mobility: Senior or Specialist Worker|15092:BCG Digital Ventures:London:::Technology:Worker:Global Business Mobility: Senior or Specialist Worker,needs_manual_identity_resolution,"Production rows share the organisation name, but supplied identity fields conflict.",,,,,identity_attribute_conflict,At least one supplied location or sponsor-detail field differs from every candidate production row.,identity,https://www.bcg.com/,https://www.bcg.com/,manual_ambiguous_same_name_location,More than one production sponsor row matches the supplied name and location; independent evidence does not safely select or group them.,website,manual_review,manual_ambiguous_same_name_location,More than one production sponsor row matches the supplied name and location; independent evidence does not safely select or group them. URL retained in review only.,,,,,no,no
non-healthcare-company-websites-all-sectors.csv:10523:website,non-healthcare-company-websites-all-sectors.csv,website,low,low,BRIDON International Ltd,bridon international ltd,Doncaster,South Yorkshire,Yorkshire and the Humber,Other,Worker,Skilled Worker,https://ropes.bekaert.com/,https://ropes.bekaert.com/,review_low,,,,ambiguous_name_match,2,0,,,,,,,,,,,0,,industry,,rejected_low_confidence,production_identity_ambiguous,2 production sponsor row(s) share normalized name; identity match is ambiguous_name_match; production target is blank; development field is blank; Low-confidence website evidence lead; excluded from production import regardless of identity match.,19914|19913,,website[19914]=[blank]|website[19913]=[blank],19914:BRIDON International Ltd:Doncaster:South Yorkshire:Yorkshire and the Humber:Social Care:Worker:Skilled Worker|19913:BRIDON International Ltd:Doncaster:South Yorkshire:Yorkshire and the Humber:Legal & Professional:Worker:Skilled Worker,needs_manual_identity_resolution,"Production rows share the organisation name, but supplied identity fields conflict.",,,,,identity_attribute_conflict,At least one supplied location or sponsor-detail field differs from every candidate production row.,identity,https://ropes.bekaert.com/,https://ropes.bekaert.com/,manual_ambiguous_same_name_location,More than one production sponsor row matches the supplied name and location; independent evidence does not safely select or group them.,website,manual_review,manual_ambiguous_same_name_location,More than one production sponsor row matches the supplied name and location; independent evidence does not safely select or group them. URL retained in review only.,,,,,no,no
non-healthcare-company-websites-all-sectors.csv:11150:website,non-healthcare-company-websites-all-sectors.csv,website,low,low,B&B Hotels UK Limited,b and b hotels uk limited,London,,,Retail,Worker,Global Business Mobility: Senior or Specialist Worker,https://www.hotel-bb.com/en,https://www.hotel-bb.com/en,review_low,https://www.hotel-bb.com/en/gb,,,ambiguous_name_match,2,0,,,,,,,,,,,0,,industry,,rejected_low_confidence,production_identity_ambiguous,2 production sponsor row(s) share normalized name; identity match is ambiguous_name_match; production target is blank; development value differs; Low-confidence website evidence lead; excluded from production import regardless of identity match.,13465|13466,,website[13465]=[blank]|website[13466]=[blank],13465:B&B Hotels UK Limited:London:::Other:Worker:Global Business Mobility: Senior or Specialist Worker|13466:B&B Hotels UK Limited:London:::Other:Worker:Global Business Mobility: Senior or Specialist Worker,needs_manual_identity_resolution,"Production rows share the organisation name, but supplied identity fields conflict.",,,,,identity_attribute_conflict,At least one supplied location or sponsor-detail field differs from every candidate production row.,identity,https://www.hotel-bb.com/en,https://www.hotel-bb.com/en,manual_ambiguous_same_name_location,More than one production sponsor row matches the supplied name and location; independent evidence does not safely select or group them.,website,manual_review,manual_ambiguous_same_name_location,More than one production sponsor row matches the supplied name and location; independent evidence does not safely select or group them. URL retained in review only.,,,,,no,no
non-healthcare-company-websites-all-sectors.csv:12159:website,non-healthcare-company-websites-all-sectors.csv,website,high,high,Next Steps Supported Living Limited,next steps supported living limited,Leicester,Leicestershire,East Midlands,Social Care,Worker,Skilled Worker,https://www.nextstepssupportedliving.co.uk/,https://www.nextstepssupportedliving.co.uk/,promote_high_blank,https://www.nextstepssupportedliving.co.uk/,,,exact_unique_partial,1,1,86872,Next Steps supported living limited,Leicester,,,Social Care,Worker,Skilled Worker,,,0,,,county|region,manual_review_incomplete_production_identity,,1 production sponsor row(s) share normalized name; identity match is exact_unique_partial; production target is blank; development value matches candidate,,,,,needs_manual_identity_resolution,"Production rows share the organisation name, but supplied identity fields conflict.",,,,,identity_attribute_conflict,At least one supplied location or sponsor-detail field differs from every candidate production row.,identity,https://www.nextstepssupportedliving.co.uk/,https://www.nextstepssupportedliving.co.uk/,manual_location_conflict_or_insufficient,"The production employer name is present, but location or domain evidence is incomplete or conflicts.",website,manual_review,manual_location_conflict_or_insufficient,"The production employer name is present, but location or domain evidence is incomplete or conflicts. URL retained in review only.",,,,,yes,no
