source_ref,source_file,field,confidence,development_confidence,organisation_name,normalized_organisation_name,town_city,county,region,industry,route,sub_route,candidate_url,evidence_url,development_action,development_current_value,verification_status,verification_evidence,production_match_status,production_name_match_count,production_exact_identity_count,matched_production_sponsor_record_id,production_organisation_name,production_town_city,production_county,production_region,production_industry,production_route,production_sub_route,matched_production_company_site_check_id,production_company_site_check_name,production_careers_row_count,production_current_value,identity_mismatched_fields,identity_missing_fields,disposition,conflict_flags,reason,candidate_production_sponsor_record_ids,candidate_production_company_site_check_ids,production_candidate_values,production_candidate_identity_details,resolver_classification,resolver_reason,resolver_target_sponsor_id,resolver_target_company_site_check_id,resolver_current_production_value,resolver_identity_match_method,resolver_evidence
non-healthcare-company-websites-all-sectors.csv:38:website,non-healthcare-company-websites-all-sectors.csv,website,high,high,BLUE ORCHID ASPLEY GUISE LTD T/A BLUE ORCHID,blue orchid aspley guise ltd t a blue orchid,Milton Keynes,ENGLAND,,,Worker,Skilled Worker,https://blueorchidrestaurant.co.uk/,https://blueorchidrestaurant.co.uk/,preserve_existing_different,http://blueorchidrestaurant.co.uk/,,,exact_unique_complete,1,1,18137,BLUE ORCHID ASPLEY GUISE LTD T/A BLUE ORCHID,Milton Keynes,ENGLAND,,Hospitality,Worker,Skilled Worker,,,,,,,manual_review_development_value_conflict,development_target_value_differs,1 production sponsor row(s) share normalized name; identity match is exact_unique_complete; production target is blank; development value differs,,,,,unresolved_due_to_missing_data,The candidate does not match a valid reviewed development value.,18137,,,unique_complete_identity,Exactly one current production sponsor matches the legal name and every supplied location/detail field.
non-healthcare-company-websites-all-sectors.csv:42:website,non-healthcare-company-websites-all-sectors.csv,website,high,medium,BLUEBIRD CARE STEVENAGE & NORTH HERTS,bluebird care stevenage and north herts,LETCHWORTH,HERTS,,,Worker,Skilled Worker,https://www.bluebirdcare.co.uk/,https://www.bluebirdcare.co.uk/,review_medium,https://www.bluebirdcare.co.uk/stevenage-north-herts,upgraded_to_high_in_pilot_not_imported,https://www.bluebirdcare.co.uk/ | https://www.bluebirdcare.co.uk/why-us/our-locations,exact_unique_complete,1,1,18243,BLUEBIRD CARE STEVENAGE & NORTH HERTS,LETCHWORTH,HERTS,,Social Care,Worker,Skilled Worker,,,,,,,manual_review_pilot_upgrade_not_imported_to_development,development_target_value_differs|pilot_high_upgrade_not_imported,1 production sponsor row(s) share normalized name; identity match is exact_unique_complete; production target is blank; development value differs; high-verification pilot result is not imported into development,,,,,unresolved_due_to_missing_data,The verification pilot upgrade is not recorded in the development source data.,18243,,,unique_complete_identity,Exactly one current production sponsor matches the legal name and every supplied location/detail field.
non-healthcare-company-websites-all-sectors.csv:7404:website,non-healthcare-company-websites-all-sectors.csv,website,high,high,AZEEM'S RESTAURANT LIMITED,azeem s restaurant limited,Keighley,,,Hospitality,Worker,Skilled Worker,https://www.azeems.co.uk/,https://www.azeems.co.uk/,preserve_existing_different,https://azeemskeighley.co.uk/,,,exact_unique_complete,1,1,13311,AZEEM'S RESTAURANT LIMITED,Keighley,,,Hospitality,Worker,Skilled Worker,,,,,,,manual_review_development_value_conflict,development_target_value_differs,1 production sponsor row(s) share normalized name; identity match is exact_unique_complete; production target is blank; development value differs,,,,,unresolved_due_to_missing_data,The candidate does not match a valid reviewed development value.,13311,,,unique_complete_identity,Exactly one current production sponsor matches the legal name and every supplied location/detail field.
non-healthcare-company-websites-all-sectors.csv:7541:website,non-healthcare-company-websites-all-sectors.csv,website,high,medium,ADG Market Making LLP,adg market making llp,London,,,Legal & Professional,Worker,Skilled Worker,https://www.adg.io/,https://www.adg.io/,review_medium,https://www.adg.io/,upgraded_to_high_in_pilot_not_imported,https://www.adg.io/ | https://www.adg.io/about-us | https://www.adg.io/contact,exact_unique_complete,1,1,147337,ADG Market Making LLP,London,,,Legal & Professional,Worker,Skilled Worker,,,,,,,manual_review_pilot_upgrade_not_imported_to_development,pilot_high_upgrade_not_imported,1 production sponsor row(s) share normalized name; identity match is exact_unique_complete; production target is blank; development value matches candidate; high-verification pilot result is not imported into development,,,,,unresolved_due_to_missing_data,The verification pilot upgrade is not recorded in the development source data.,147337,,,unique_complete_identity,Exactly one current production sponsor matches the legal name and every supplied location/detail field.
non-healthcare-company-websites-all-sectors.csv:7724:website,non-healthcare-company-websites-all-sectors.csv,website,high,high,BMJ Publishing Group Limited,bmj publishing group limited,London,,,Manufacturing,Worker,Skilled Worker,https://jobsearch.bmj.com/,https://jobsearch.bmj.com/,preserve_existing_different,https://www.bmj.com/,,,exact_unique_complete,1,1,18429,BMJ Publishing Group Limited,London,,,Manufacturing,Worker,Skilled Worker,,,,,,,manual_review_development_value_conflict,development_target_value_differs,1 production sponsor row(s) share normalized name; identity match is exact_unique_complete; production target is blank; development value differs,,,,,unresolved_due_to_missing_data,The candidate does not match a valid reviewed development value.,18429,,,unique_complete_identity,Exactly one current production sponsor matches the legal name and every supplied location/detail field.
non-healthcare-company-websites-all-sectors.csv:7978:website,non-healthcare-company-websites-all-sectors.csv,website,high,high,AZHAR ACADEMY LIMITED,azhar academy limited,London,,,Other,Worker,Skilled Worker,https://www.azharacademy.com/,https://www.azharacademy.com/shop/,preserve_existing_different,https://www.azharacademy.org/,,,exact_unique_complete,1,1,13328,AZHAR ACADEMY LIMITED,London,,,Other,Worker,Skilled Worker,,,,,,,manual_review_development_value_conflict,development_target_value_differs,1 production sponsor row(s) share normalized name; identity match is exact_unique_complete; production target is blank; development value differs,,,,,unresolved_due_to_missing_data,The candidate does not match a valid reviewed development value.,13328,,,unique_complete_identity,Exactly one current production sponsor matches the legal name and every supplied location/detail field.
non-healthcare-company-websites-all-sectors.csv:8024:website,non-healthcare-company-websites-all-sectors.csv,website,high,high,B M HOWARTH LTD,b m howarth ltd,HALIFAX,WEST YORKSHIRE,Yorkshire and the Humber,Other,Worker,Skilled Worker,https://www.bm-howarth.co.uk/,https://www.bm-howarth.co.uk/,preserve_existing_different,https://www.bmhowarth.co.uk/,,,exact_unique_complete,1,1,13437,B M HOWARTH LTD,HALIFAX,WEST YORKSHIRE,Yorkshire and the Humber,Other,Worker,Skilled Worker,,,,,,,manual_review_development_value_conflict,development_target_value_differs,1 production sponsor row(s) share normalized name; identity match is exact_unique_complete; production target is blank; development value differs,,,,,unresolved_due_to_missing_data,The candidate does not match a valid reviewed development value.,13437,,,unique_complete_identity,Exactly one current production sponsor matches the legal name and every supplied location/detail field.
non-healthcare-company-websites-all-sectors.csv:9185:website,non-healthcare-company-websites-all-sectors.csv,website,high,high,ACP CONSULTANTS LTD.,acp consultants ltd,London,,,Other,Worker,Skilled Worker,https://acp-consultants.com/,https://acp-consultants.com/,preserve_existing_different,https://acpconsultants.co.uk,,,exact_unique_complete,1,1,146795,ACP CONSULTANTS LTD.,London,,,Other,Worker,Skilled Worker,,,,,,,manual_review_development_value_conflict,development_target_value_differs,1 production sponsor row(s) share normalized name; identity match is exact_unique_complete; production target is blank; development value differs,,,,,unresolved_due_to_missing_data,The candidate does not match a valid reviewed development value.,146795,,,unique_complete_identity,Exactly one current production sponsor matches the legal name and every supplied location/detail field.
non-healthcare-company-websites-all-sectors.csv:9258:website,non-healthcare-company-websites-all-sectors.csv,website,high,medium,ADAJ LIMITED,adaj limited,Wembley,,,Other,Worker,Skilled Worker,https://adaj.co.uk/,https://adaj.co.uk/,review_medium,https://adaj.co.uk/,upgraded_to_high_in_pilot_not_imported,https://adaj.co.uk/ | https://adaj.co.uk/about-us | https://adaj.co.uk/contact-us,exact_unique_complete,1,1,147106,ADAJ LIMITED,Wembley,,,Other,Worker,Skilled Worker,,,,,,,manual_review_pilot_upgrade_not_imported_to_development,pilot_high_upgrade_not_imported,1 production sponsor row(s) share normalized name; identity match is exact_unique_complete; production target is blank; development value matches candidate; high-verification pilot result is not imported into development,,,,,unresolved_due_to_missing_data,The verification pilot upgrade is not recorded in the development source data.,147106,,,unique_complete_identity,Exactly one current production sponsor matches the legal name and every supplied location/detail field.
non-healthcare-company-websites-all-sectors.csv:9372:website,non-healthcare-company-websites-all-sectors.csv,website,high,medium,ADRIEL CARE LTD,adriel care ltd,POOLE,DORSET,South West,Other,Worker,Skilled Worker,https://adriel-care.co.uk/,https://adriel-care.co.uk/,review_medium,https://adriel-care.co.uk/,upgraded_to_high_in_pilot_not_imported,https://adriel-care.co.uk/ | https://adriel-care.co.uk/about-us/ | https://adriel-care.co.uk/contact-us/,exact_unique_complete,1,1,147488,ADRIEL CARE LTD,POOLE,DORSET,South West,Other,Worker,Skilled Worker,,,,,,,manual_review_pilot_upgrade_not_imported_to_development,pilot_high_upgrade_not_imported,1 production sponsor row(s) share normalized name; identity match is exact_unique_complete; production target is blank; development value matches candidate; high-verification pilot result is not imported into development,,,,,unresolved_due_to_missing_data,The verification pilot upgrade is not recorded in the development source data.,147488,,,unique_complete_identity,Exactly one current production sponsor matches the legal name and every supplied location/detail field.
non-healthcare-company-websites-all-sectors.csv:10336:website,non-healthcare-company-websites-all-sectors.csv,website,high,high,BLACKLANE HAVN UK LTD,blacklane havn uk ltd,London,,,Other,Worker,Skilled Worker,https://www.blacklane.com/,https://www.blacklane.com/en/,preserve_existing_different,https://www.blacklane.com/en-gb/blacklanehavnltd/,,,exact_unique_complete,1,1,17681,BLACKLANE HAVN UK LTD,London,,,Other,Worker,Skilled Worker,,,,,,,manual_review_development_value_conflict,development_target_value_differs,1 production sponsor row(s) share normalized name; identity match is exact_unique_complete; production target is blank; development value differs,,,,,unresolved_due_to_missing_data,The candidate does not match a valid reviewed development value.,17681,,,unique_complete_identity,Exactly one current production sponsor matches the legal name and every supplied location/detail field.
batch1.csv:38:careers_url,batch1.csv,careers,high,high,Abbey Medical Centre,abbey medical centre,Kenilworth,United Kingdom,,Healthcare,Worker,Skilled Worker,https://www.abbeymc.co.uk/jobs,https://www.abbeymc.co.uk/,update_blank,https://www.abbeymc.co.uk/jobs,,,exact_unique_complete,1,1,145822,Abbey Medical Centre,Kenilworth,United Kingdom,,Healthcare,Worker,Skilled Worker,,,0,,,,safe_to_import,,1 production sponsor row(s) share normalized name; identity match is exact_unique_complete; production target is blank; development value matches candidate,,,,,unresolved_due_to_missing_data,"The sponsor identity is resolved, but no production careers-site target exists.",145822,,,unique_complete_identity,Exactly one current production sponsor matches the legal name and every supplied location/detail field.
batch1.csv:78:careers_url,batch1.csv,careers,high,high,AD Implant.com Limited T/A Dental Implant Centre,ad implant com limited t a dental implant centre,Reading,,,Healthcare,Worker,Skilled Worker,https://duckduckgo.com/hiring,https://duckduckgo.com/,update_blank,https://duckduckgo.com/hiring,,,exact_unique_complete,1,1,147066,AD Implant.com Limited T/A Dental Implant Centre,Reading,,,Healthcare,Worker,Skilled Worker,,,0,,,,safe_to_import,,1 production sponsor row(s) share normalized name; identity match is exact_unique_complete; production target is blank; development value matches candidate,,,,,unresolved_due_to_missing_data,"The sponsor identity is resolved, but no production careers-site target exists.",147066,,,unique_complete_identity,Exactly one current production sponsor matches the legal name and every supplied location/detail field.
batch1.csv:101:careers_url,batch1.csv,careers,high,high,Afeni Healthcare Limited,afeni healthcare limited,Bristol,,,Healthcare,Worker,Skilled Worker,https://www.afenihealthcare.co.uk/jobs,https://www.afenihealthcare.co.uk/,update_blank,https://www.afenihealthcare.co.uk/jobs,,,exact_unique_complete,1,1,147915,Afeni Healthcare Limited,Bristol,,,Healthcare,Worker,Skilled Worker,,,0,,,,safe_to_import,,1 production sponsor row(s) share normalized name; identity match is exact_unique_complete; production target is blank; development value matches candidate,,,,,unresolved_due_to_missing_data,"The sponsor identity is resolved, but no production careers-site target exists.",147915,,,unique_complete_identity,Exactly one current production sponsor matches the legal name and every supplied location/detail field.
batch1.csv:277:careers_url,batch1.csv,careers,high,high,ASPECT HEALTHCARE SERVICES LIMITED,aspect healthcare services limited,Sunderland,Sunderland,North East,Healthcare,Worker,Skilled Worker,https://aspecthealthcare.co.uk/careers/,https://aspecthealthcare.co.uk/,update_blank,https://aspecthealthcare.co.uk/careers/,,,exact_unique_complete,1,1,11346,ASPECT HEALTHCARE SERVICES LIMITED,Sunderland,Sunderland,North East,Healthcare,Worker,Skilled Worker,,,0,,,,safe_to_import,,1 production sponsor row(s) share normalized name; identity match is exact_unique_complete; production target is blank; development value matches candidate,,,,,unresolved_due_to_missing_data,"The sponsor identity is resolved, but no production careers-site target exists.",11346,,,unique_complete_identity,Exactly one current production sponsor matches the legal name and every supplied location/detail field.
batch1.csv:358:careers_url,batch1.csv,careers,high,high,BAE Healthcare Limited,bae healthcare limited,London,,,Healthcare,Worker,Skilled Worker,https://www.baehealthcare.com/bae-training-and-recruitment,https://www.baehealthcare.com/,update_blank,https://www.baehealthcare.com/bae-training-and-recruitment,,,exact_unique_complete,1,1,13773,BAE Healthcare Limited,London,,,Healthcare,Worker,Skilled Worker,,,0,,,,safe_to_import,,1 production sponsor row(s) share normalized name; identity match is exact_unique_complete; production target is blank; development value matches candidate,,,,,unresolved_due_to_missing_data,"The sponsor identity is resolved, but no production careers-site target exists.",13773,,,unique_complete_identity,Exactly one current production sponsor matches the legal name and every supplied location/detail field.
batch1.csv:437:careers_url,batch1.csv,careers,high,high,Beacon Health Group Ltd,beacon health group ltd,Doncaster,South Yorkshire,Yorkshire and the Humber,Healthcare,Worker,Skilled Worker,https://beaconsl.co.uk/our-careers/,https://beaconsl.co.uk/,update_blank,https://beaconsl.co.uk/our-careers/,,,exact_unique_complete,1,1,15238,Beacon Health Group Ltd,Doncaster,South Yorkshire,Yorkshire and the Humber,Healthcare,Worker,Skilled Worker,,,0,,,,safe_to_import,,1 production sponsor row(s) share normalized name; identity match is exact_unique_complete; production target is blank; development value matches candidate,,,,,unresolved_due_to_missing_data,"The sponsor identity is resolved, but no production careers-site target exists.",15238,,,unique_complete_identity,Exactly one current production sponsor matches the legal name and every supplied location/detail field.
batch1.csv:466:careers_url,batch1.csv,careers,medium,medium,BELMONT HEALTHCARE (MADEIRA) LIMITED,belmont healthcare madeira limited,SOLIHULL,,,Healthcare,Worker,Skilled Worker,https://www.belmonthealthcare.co.uk/news-and-insights/jobs/,https://www.belmonthealthcare.co.uk/news-and-insights/jobs/,review_only,,,,exact_unique_complete,1,1,15841,BELMONT HEALTHCARE (MADEIRA) LIMITED,SOLIHULL,,,Healthcare,Worker,Skilled Worker,,,0,,,,manual_review_medium_confidence,,1 production sponsor row(s) share normalized name; identity match is exact_unique_complete; production target is blank; development field is blank,,,,,unresolved_due_to_missing_data,"The sponsor identity is resolved, but no production careers-site target exists.",15841,,,unique_complete_identity,Exactly one current production sponsor matches the legal name and every supplied location/detail field.
batch1.csv:468:careers_url,batch1.csv,careers,medium,medium,Belmont Healthcare (Wombwell) Ltd,belmont healthcare wombwell ltd,Solihull,,,Healthcare,Worker,Skilled Worker,https://www.belmonthealthcare.co.uk/news-and-insights/jobs/,https://www.belmonthealthcare.co.uk/news-and-insights/jobs/,review_only,,,,exact_unique_complete,1,1,15843,Belmont Healthcare (Wombwell) Ltd,Solihull,,,Healthcare,Worker,Skilled Worker,,,0,,,,manual_review_medium_confidence,,1 production sponsor row(s) share normalized name; identity match is exact_unique_complete; production target is blank; development field is blank,,,,,unresolved_due_to_missing_data,"The sponsor identity is resolved, but no production careers-site target exists.",15843,,,unique_complete_identity,Exactly one current production sponsor matches the legal name and every supplied location/detail field.
batch1.csv:488:careers_url,batch1.csv,careers,high,high,Bestway Panacea Healthcare Limited,bestway panacea healthcare limited,Manchester,,,Healthcare,Worker,Skilled Worker,https://www.bestwaygroup.co.uk/careers,https://www.bestwaygroup.co.uk/,update_blank,https://www.bestwaygroup.co.uk/careers,,,exact_unique_complete,1,1,16416,Bestway Panacea Healthcare Limited,Manchester,,,Healthcare,Worker,Skilled Worker,,,0,,,,safe_to_import,,1 production sponsor row(s) share normalized name; identity match is exact_unique_complete; production target is blank; development value matches candidate,,,,,unresolved_due_to_missing_data,"The sponsor identity is resolved, but no production careers-site target exists.",16416,,,unique_complete_identity,Exactly one current production sponsor matches the legal name and every supplied location/detail field.
batch2.csv:118:careers_url,batch2.csv,careers,high,high,The Real Good Dental Company T/A Bathgate Dental Practice,the real good dental company t a bathgate dental practice,Bathgate,,,Healthcare,Worker,Skilled Worker,https://jobs.realgooddental.com/,https://realgooddental.com/,update_blank,https://jobs.realgooddental.com/,,,exact_unique_complete,1,1,126165,The Real Good Dental Company T/A Bathgate Dental Practice,Bathgate,,,Healthcare,Worker,Skilled Worker,,,0,,,,safe_to_import,,1 production sponsor row(s) share normalized name; identity match is exact_unique_complete; production target is blank; development value matches candidate,,,,,unresolved_due_to_missing_data,"The sponsor identity is resolved, but no production careers-site target exists.",126165,,,unique_complete_identity,Exactly one current production sponsor matches the legal name and every supplied location/detail field.
batch2.csv:166:careers_url,batch2.csv,careers,high,high,Brannam Medical Centre,brannam medical centre,Barnstaple,,,Healthcare,Worker,Skilled Worker,https://www.brannammedicalcentre.co.uk/job-vacancies,https://www.brannammedicalcentre.co.uk/,update_blank,https://www.brannammedicalcentre.co.uk/job-vacancies,,,exact_unique_complete,1,1,19555,Brannam Medical Centre,Barnstaple,,,Healthcare,Worker,Skilled Worker,,,0,,,,safe_to_import,,1 production sponsor row(s) share normalized name; identity match is exact_unique_complete; production target is blank; development value matches candidate,,,,,unresolved_due_to_missing_data,"The sponsor identity is resolved, but no production careers-site target exists.",19555,,,unique_complete_identity,Exactly one current production sponsor matches the legal name and every supplied location/detail field.
batch2.csv:270:careers_url,batch2.csv,careers,high,high,Concept Eye Clinic Limited,concept eye clinic limited,Newcastle Upon Tyne,,,Healthcare,Worker,Skilled Worker,https://concepteyeclinic.com/join-us/,https://concepteyeclinic.com/,update_blank,https://concepteyeclinic.com/join-us/,,,exact_unique_complete,1,1,29165,Concept Eye Clinic Limited,Newcastle Upon Tyne,,,Healthcare,Worker,Skilled Worker,,,0,,,,safe_to_import,,1 production sponsor row(s) share normalized name; identity match is exact_unique_complete; production target is blank; development value matches candidate,,,,,unresolved_due_to_missing_data,"The sponsor identity is resolved, but no production careers-site target exists.",29165,,,unique_complete_identity,Exactly one current production sponsor matches the legal name and every supplied location/detail field.
batch2.csv:301:careers_url,batch2.csv,careers,high,high,Dears Pharmacy & Travel Clinic,dears pharmacy and travel clinic,Lochgelly,Fifw,,Healthcare,Worker,Skilled Worker,https://dearspharmacy.co.uk/careers/,https://dearspharmacy.co.uk/,update_blank,https://dearspharmacy.co.uk/careers/,,,exact_unique_complete,1,1,33489,Dears Pharmacy & Travel Clinic,Lochgelly,Fifw,,Healthcare,Worker,Skilled Worker,,,0,,,,safe_to_import,,1 production sponsor row(s) share normalized name; identity match is exact_unique_complete; production target is blank; development value matches candidate,,,,,unresolved_due_to_missing_data,"The sponsor identity is resolved, but no production careers-site target exists.",33489,,,unique_complete_identity,Exactly one current production sponsor matches the legal name and every supplied location/detail field.
batch2.csv:355:careers_url,batch2.csv,careers,high,high,Elm Park Dental Surgery,elm park dental surgery,Essex,,,Healthcare,Worker,Skilled Worker,https://www.elmparkdentalsurgery.com/careers,https://www.elmparkdentalsurgery.com/,update_blank,https://www.elmparkdentalsurgery.com/careers,,,exact_unique_complete,1,1,39849,Elm Park Dental Surgery,Essex,,,Healthcare,Worker,Skilled Worker,,,0,,,,safe_to_import,,1 production sponsor row(s) share normalized name; identity match is exact_unique_complete; production target is blank; development value matches candidate,,,,,unresolved_due_to_missing_data,"The sponsor identity is resolved, but no production careers-site target exists.",39849,,,unique_complete_identity,Exactly one current production sponsor matches the legal name and every supplied location/detail field.
batch2.csv:422:careers_url,batch2.csv,careers,high,high,Great Oakley Medical Centre,great oakley medical centre,Corby,Northamptonshire,East Midlands,Healthcare,Worker,Skilled Worker,https://www.greatoakleymedicalcentre.co.uk/vacancies,https://www.greatoakleymedicalcentre.co.uk/,update_blank,https://www.greatoakleymedicalcentre.co.uk/vacancies,,,exact_unique_complete,1,1,51792,Great Oakley Medical Centre,Corby,Northamptonshire,East Midlands,Healthcare,Worker,Skilled Worker,,,0,,,,safe_to_import,,1 production sponsor row(s) share normalized name; identity match is exact_unique_complete; production target is blank; development value matches candidate,,,,,unresolved_due_to_missing_data,"The sponsor identity is resolved, but no production careers-site target exists.",51792,,,unique_complete_identity,Exactly one current production sponsor matches the legal name and every supplied location/detail field.
batch2.csv:432:careers_url,batch2.csv,careers,high,high,GRETNA DENTAL PRACTICE,gretna dental practice,Gretna Green,,,Healthcare,Worker,Skilled Worker,https://gretnadentalpractice.co.uk/careers/,https://gretnadentalpractice.co.uk/,update_blank,https://gretnadentalpractice.co.uk/careers/,,,exact_unique_complete,1,1,52262,GRETNA DENTAL PRACTICE,Gretna Green,,,Healthcare,Worker,Skilled Worker,,,0,,,,safe_to_import,,1 production sponsor row(s) share normalized name; identity match is exact_unique_complete; production target is blank; development value matches candidate,,,,,unresolved_due_to_missing_data,"The sponsor identity is resolved, but no production careers-site target exists.",52262,,,unique_complete_identity,Exactly one current production sponsor matches the legal name and every supplied location/detail field.
batch3.csv:35:careers_url,batch3.csv,careers,high,high,Blue Sky Dental Limited,blue sky dental limited,West Lothian,,,Healthcare,Worker,Skilled Worker,https://www.blueskydental.co.uk/work-with-us,https://www.blueskydental.co.uk/,update_blank,https://www.blueskydental.co.uk/work-with-us,,,exact_unique_complete,1,1,18168,Blue Sky Dental Limited,West Lothian,,,Healthcare,Worker,Skilled Worker,,,0,,,,safe_to_import,,1 production sponsor row(s) share normalized name; identity match is exact_unique_complete; production target is blank; development value matches candidate,,,,,unresolved_due_to_missing_data,"The sponsor identity is resolved, but no production careers-site target exists.",18168,,,unique_complete_identity,Exactly one current production sponsor matches the legal name and every supplied location/detail field.
batch3.csv:84:careers_url,batch3.csv,careers,high,high,Brightwell Healthcare Limited,brightwell healthcare limited,Ipswich,,,Healthcare,Worker,Skilled Worker,https://www.brightwell.co.uk/our-careers/,https://www.brightwell.co.uk/,update_blank,https://www.brightwell.co.uk/our-careers/,,,exact_unique_complete,1,1,20082,Brightwell Healthcare Limited,Ipswich,,,Healthcare,Worker,Skilled Worker,,,0,,,,safe_to_import,,1 production sponsor row(s) share normalized name; identity match is exact_unique_complete; production target is blank; development value matches candidate,,,,,unresolved_due_to_missing_data,"The sponsor identity is resolved, but no production careers-site target exists.",20082,,,unique_complete_identity,Exactly one current production sponsor matches the legal name and every supplied location/detail field.
batch3.csv:98:careers_url,batch3.csv,careers,high,high,BRONTE HEALTHCARE LIMITED T/A SURECARE SKIPTON & BINGLEY,bronte healthcare limited t a surecare skipton and bingley,Shipley,,,Healthcare,Worker,Skilled Worker,https://surecare.co.uk/careers/,https://surecare.co.uk/,update_blank,https://surecare.co.uk/careers/,,,exact_unique_complete,1,1,153722,BRONTE HEALTHCARE LIMITED T/A SURECARE SKIPTON & BINGLEY,Shipley,,,Healthcare,Worker,Skilled Worker,,,0,,,,safe_to_import,,1 production sponsor row(s) share normalized name; identity match is exact_unique_complete; production target is blank; development value matches candidate,,,,,unresolved_due_to_missing_data,"The sponsor identity is resolved, but no production careers-site target exists.",153722,,,unique_complete_identity,Exactly one current production sponsor matches the legal name and every supplied location/detail field.
batch3.csv:112:careers_url,batch3.csv,careers,medium,medium,Bucks Pharmacies Limited T/A Cowley Pharmacy,bucks pharmacies limited t a cowley pharmacy,High Wycombe,,,Healthcare,Worker,Skilled Worker,https://cowleypharmacy.co.uk/careers,https://cowleypharmacy.co.uk/careers,review_only,,,,exact_unique_complete,1,1,21061,Bucks Pharmacies Limited T/A Cowley Pharmacy,High Wycombe,,,Healthcare,Worker,Skilled Worker,,,0,,,,manual_review_medium_confidence,,1 production sponsor row(s) share normalized name; identity match is exact_unique_complete; production target is blank; development field is blank,,,,,unresolved_due_to_missing_data,"The sponsor identity is resolved, but no production careers-site target exists.",21061,,,unique_complete_identity,Exactly one current production sponsor matches the legal name and every supplied location/detail field.
batch3.csv:138:careers_url,batch3.csv,careers,medium,medium,Camino Healthcare Limited T/A Vestige Healthcare,camino healthcare limited t a vestige healthcare,Berkshire,,,Healthcare,Worker,Skilled Worker,https://www.caminohealthcare.co.uk/jobs,https://www.caminohealthcare.co.uk/jobs,review_only,,,,exact_unique_complete,1,1,22559,Camino Healthcare Limited T/A Vestige Healthcare,Berkshire,,,Healthcare,Worker,Skilled Worker,,,0,,,,manual_review_medium_confidence,,1 production sponsor row(s) share normalized name; identity match is exact_unique_complete; production target is blank; development field is blank,,,,,unresolved_due_to_missing_data,"The sponsor identity is resolved, but no production careers-site target exists.",22559,,,unique_complete_identity,Exactly one current production sponsor matches the legal name and every supplied location/detail field.
batch3.csv:146:careers_url,batch3.csv,careers,medium,medium,Canopy Life Sciences ltd,canopy life sciences ltd,Chesham,Default,,Healthcare,Worker,Skilled Worker,https://www.hellocanopy.com/jobs,https://www.hellocanopy.com/jobs,review_only,,,,exact_unique_complete,1,1,22758,Canopy Life Sciences ltd,Chesham,Default,,Healthcare,Worker,Skilled Worker,,,0,,,,manual_review_medium_confidence,,1 production sponsor row(s) share normalized name; identity match is exact_unique_complete; production target is blank; development field is blank,,,,,unresolved_due_to_missing_data,"The sponsor identity is resolved, but no production careers-site target exists.",22758,,,unique_complete_identity,Exactly one current production sponsor matches the legal name and every supplied location/detail field.
batch3.csv:174:careers_url,batch3.csv,careers,high,high,Carelight Healthcare Ltd,carelight healthcare ltd,Wolverhampton,,,Healthcare,Worker,Skilled Worker,https://carelight.co.uk/recruitment-process/,https://carelight.co.uk/,update_blank,https://carelight.co.uk/recruitment-process/,,,exact_unique_complete,1,1,141829,Carelight Healthcare Ltd,Wolverhampton,,,Healthcare,Worker,Skilled Worker,,,0,,,,safe_to_import,,1 production sponsor row(s) share normalized name; identity match is exact_unique_complete; production target is blank; development value matches candidate,,,,,unresolved_due_to_missing_data,"The sponsor identity is resolved, but no production careers-site target exists.",141829,,,unique_complete_identity,Exactly one current production sponsor matches the legal name and every supplied location/detail field.
batch3.csv:177:careers_url,batch3.csv,careers,high,high,CAREWISE HEALTHCARE GROUP LTD T/A CAREWISE PHARMACY,carewise healthcare group ltd t a carewise pharmacy,Edinburgh,,,Healthcare,Worker,Skilled Worker,https://carewiseltd.co.uk/candidates/,https://carewiseltd.co.uk/,update_blank,https://carewiseltd.co.uk/candidates/,,,exact_unique_complete,1,1,23511,CAREWISE HEALTHCARE GROUP LTD T/A CAREWISE PHARMACY,Edinburgh,,,Healthcare,Worker,Skilled Worker,,,0,,,,safe_to_import,,1 production sponsor row(s) share normalized name; identity match is exact_unique_complete; production target is blank; development value matches candidate,,,,,unresolved_due_to_missing_data,"The sponsor identity is resolved, but no production careers-site target exists.",23511,,,unique_complete_identity,Exactly one current production sponsor matches the legal name and every supplied location/detail field.
batch3.csv:207:careers_url,batch3.csv,careers,medium,medium,Center Healthcare Limited,center healthcare limited,South Croydon,Surrey,South East,Healthcare,Worker,Skilled Worker,https://centerhc.com/jobs/,https://centerhc.com/jobs/,review_only,,,,exact_unique_complete,1,1,24610,Center Healthcare Limited,South Croydon,Surrey,South East,Healthcare,Worker,Skilled Worker,,,0,,,,manual_review_medium_confidence,,1 production sponsor row(s) share normalized name; identity match is exact_unique_complete; production target is blank; development field is blank,,,,,unresolved_due_to_missing_data,"The sponsor identity is resolved, but no production careers-site target exists.",24610,,,unique_complete_identity,Exactly one current production sponsor matches the legal name and every supplied location/detail field.
batch3.csv:223:careers_url,batch3.csv,careers,high,high,Certus Healthcare Limited,certus healthcare limited,Bradford,,,Healthcare,Worker,Skilled Worker,https://www.certus-tech.com/join-us,https://www.certus-tech.com/,update_blank,https://www.certus-tech.com/join-us,,,exact_unique_complete,1,1,24878,Certus Healthcare Limited,Bradford,,,Healthcare,Worker,Skilled Worker,,,0,,,,safe_to_import,,1 production sponsor row(s) share normalized name; identity match is exact_unique_complete; production target is blank; development value matches candidate,,,,,unresolved_due_to_missing_data,"The sponsor identity is resolved, but no production careers-site target exists.",24878,,,unique_complete_identity,Exactly one current production sponsor matches the legal name and every supplied location/detail field.
batch3.csv:284:careers_url,batch3.csv,careers,medium,medium,Clarendon Lodge Medical Practice,clarendon lodge medical practice,Leamington,,,Healthcare,Worker,Skilled Worker,https://clmp.org.uk/careers/,https://clmp.org.uk/careers/,review_only,,,,exact_unique_complete,1,1,27308,Clarendon Lodge Medical Practice,Leamington,,,Healthcare,Worker,Skilled Worker,,,0,,,,manual_review_medium_confidence,,1 production sponsor row(s) share normalized name; identity match is exact_unique_complete; production target is blank; development field is blank,,,,,unresolved_due_to_missing_data,"The sponsor identity is resolved, but no production careers-site target exists.",27308,,,unique_complete_identity,Exactly one current production sponsor matches the legal name and every supplied location/detail field.
batch3.csv:332:careers_url,batch3.csv,careers,high,high,Compassionate Healthcare Ltd,compassionate healthcare ltd,Stoke On Trent,,,Healthcare,Worker,Skilled Worker,https://compassionatehealthcare.co.uk/careers/,https://compassionatehealthcare.co.uk/,update_blank,https://compassionatehealthcare.co.uk/careers/,,,exact_unique_complete,1,1,28994,Compassionate Healthcare Ltd,Stoke On Trent,,,Healthcare,Worker,Skilled Worker,,,0,,,,safe_to_import,,1 production sponsor row(s) share normalized name; identity match is exact_unique_complete; production target is blank; development value matches candidate,,,,,unresolved_due_to_missing_data,"The sponsor identity is resolved, but no production careers-site target exists.",28994,,,unique_complete_identity,Exactly one current production sponsor matches the legal name and every supplied location/detail field.
batch3.csv:361:careers_url,batch3.csv,careers,medium,medium,COSMOS HEALTHCARE LTD,cosmos healthcare ltd,Enfield London,,,Healthcare,Worker,Skilled Worker,https://cosmoshealth.co.uk/careers,https://cosmoshealth.co.uk/careers,review_only,,,,exact_unique_complete,1,1,30221,COSMOS HEALTHCARE LTD,Enfield London,,,Healthcare,Worker,Skilled Worker,,,0,,,,manual_review_medium_confidence,,1 production sponsor row(s) share normalized name; identity match is exact_unique_complete; production target is blank; development field is blank,,,,,unresolved_due_to_missing_data,"The sponsor identity is resolved, but no production careers-site target exists.",30221,,,unique_complete_identity,Exactly one current production sponsor matches the legal name and every supplied location/detail field.
batch3.csv:383:careers_url,batch3.csv,careers,medium,medium,Cresta Healthcare Ltd,cresta healthcare ltd,Southampton,Surrey,South East,Healthcare,Worker,Skilled Worker,https://crestahealthcare.com/careers/,https://crestahealthcare.com/careers/,review_only,,,,exact_unique_complete,1,1,31025,Cresta Healthcare Ltd,Southampton,Surrey,South East,Healthcare,Worker,Skilled Worker,,,0,,,,manual_review_medium_confidence,,1 production sponsor row(s) share normalized name; identity match is exact_unique_complete; production target is blank; development field is blank,,,,,unresolved_due_to_missing_data,"The sponsor identity is resolved, but no production careers-site target exists.",31025,,,unique_complete_identity,Exactly one current production sponsor matches the legal name and every supplied location/detail field.
batch3.csv:386:careers_url,batch3.csv,careers,medium,medium,Cristal Healthcare Services Ltd,cristal healthcare services ltd,Derby,Derbyshire,East Midlands,Healthcare,Worker,Skilled Worker,https://www.cristalhealthcare.uk/careers,https://www.cristalhealthcare.uk/careers,review_only,,,,exact_unique_complete,1,1,31113,Cristal Healthcare Services Ltd,Derby,Derbyshire,East Midlands,Healthcare,Worker,Skilled Worker,,,0,,,,manual_review_medium_confidence,,1 production sponsor row(s) share normalized name; identity match is exact_unique_complete; production target is blank; development field is blank,,,,,unresolved_due_to_missing_data,"The sponsor identity is resolved, but no production careers-site target exists.",31113,,,unique_complete_identity,Exactly one current production sponsor matches the legal name and every supplied location/detail field.
batch3.csv:389:careers_url,batch3.csv,careers,high,high,Croft Healthcare Ltd,croft healthcare ltd,Pontefract,West Yorkshire,Yorkshire and the Humber,Healthcare,Worker,Skilled Worker,https://crofthc.com/careers/,https://crofthc.com/,update_blank,https://crofthc.com/careers/,,,exact_unique_complete,1,1,31154,Croft Healthcare Ltd,Pontefract,West Yorkshire,Yorkshire and the Humber,Healthcare,Worker,Skilled Worker,,,0,,,,safe_to_import,,1 production sponsor row(s) share normalized name; identity match is exact_unique_complete; production target is blank; development value matches candidate,,,,,unresolved_due_to_missing_data,"The sponsor identity is resolved, but no production careers-site target exists.",31154,,,unique_complete_identity,Exactly one current production sponsor matches the legal name and every supplied location/detail field.
batch4.csv:76:careers_url,batch4.csv,careers,high,high,Eagle Healthcare Ltd,eagle healthcare ltd,Wolverhampton,,,Healthcare,Worker,Skilled Worker,https://theeaglehealthcare.co.uk/vacancies/,https://theeaglehealthcare.co.uk/,update_blank,https://theeaglehealthcare.co.uk/vacancies/,,,exact_unique_complete,1,1,37699,Eagle Healthcare Ltd,Wolverhampton,,,Healthcare,Worker,Skilled Worker,,,0,,,,safe_to_import,,1 production sponsor row(s) share normalized name; identity match is exact_unique_complete; production target is blank; development value matches candidate,,,,,unresolved_due_to_missing_data,"The sponsor identity is resolved, but no production careers-site target exists.",37699,,,unique_complete_identity,Exactly one current production sponsor matches the legal name and every supplied location/detail field.
batch4.csv:102:careers_url,batch4.csv,careers,high,high,Eastway Pharma Ltd,eastway pharma ltd,Stockport,,,Healthcare,Worker,Skilled Worker,https://eastwaytech.com/careers/,https://eastwaytech.com/,update_blank,https://eastwaytech.com/careers/,,,exact_unique_complete,1,1,38069,Eastway Pharma Ltd,Stockport,,,Healthcare,Worker,Skilled Worker,,,0,,,,safe_to_import,,1 production sponsor row(s) share normalized name; identity match is exact_unique_complete; production target is blank; development value matches candidate,,,,,unresolved_due_to_missing_data,"The sponsor identity is resolved, but no production careers-site target exists.",38069,,,unique_complete_identity,Exactly one current production sponsor matches the legal name and every supplied location/detail field.
batch4.csv:107:careers_url,batch4.csv,careers,high,high,EBONY HEALTHCARE SERVICES LIMITED,ebony healthcare services limited,Brentwood,Essex,East of England,Healthcare,Worker,Skilled Worker,https://ebonyhealthcare.co.uk/vacancies/,https://ebonyhealthcare.co.uk/,update_blank,https://ebonyhealthcare.co.uk/vacancies/,,,exact_unique_complete,1,1,38241,EBONY HEALTHCARE SERVICES LIMITED,Brentwood,Essex,East of England,Healthcare,Worker,Skilled Worker,,,0,,,,safe_to_import,,1 production sponsor row(s) share normalized name; identity match is exact_unique_complete; production target is blank; development value matches candidate,,,,,unresolved_due_to_missing_data,"The sponsor identity is resolved, but no production careers-site target exists.",38241,,,unique_complete_identity,Exactly one current production sponsor matches the legal name and every supplied location/detail field.
batch4.csv:109:careers_url,batch4.csv,careers,high,high,ECHO HEALTHCARE SERVICES LIMITED,echo healthcare services limited,Waltham Abbey,Essex,East of England,Healthcare,Worker,Skilled Worker,https://www.echouk.net/careers-working-for-echo/,https://www.echouk.net/,update_blank,https://www.echouk.net/careers-working-for-echo/,,,exact_unique_complete,1,1,38321,ECHO HEALTHCARE SERVICES LIMITED,Waltham Abbey,Essex,East of England,Healthcare,Worker,Skilled Worker,,,0,,,,safe_to_import,,1 production sponsor row(s) share normalized name; identity match is exact_unique_complete; production target is blank; development value matches candidate,,,,,unresolved_due_to_missing_data,"The sponsor identity is resolved, but no production careers-site target exists.",38321,,,unique_complete_identity,Exactly one current production sponsor matches the legal name and every supplied location/detail field.
batch4.csv:127:careers_url,batch4.csv,careers,high,high,Elephant Healthcare Limited,elephant healthcare limited,London,Greater London,London,Healthcare,Worker,Skilled Worker,https://www.elephant.healthcare/careers,https://www.elephant.healthcare/,update_blank,https://www.elephant.healthcare/careers,,,exact_unique_complete,1,1,39528,Elephant Healthcare Limited,London,Greater London,London,Healthcare,Worker,Skilled Worker,,,0,,,,safe_to_import,,1 production sponsor row(s) share normalized name; identity match is exact_unique_complete; production target is blank; development value matches candidate,,,,,unresolved_due_to_missing_data,"The sponsor identity is resolved, but no production careers-site target exists.",39528,,,unique_complete_identity,Exactly one current production sponsor matches the legal name and every supplied location/detail field.
batch4.csv:139:careers_url,batch4.csv,careers,medium,medium,Empire Healthcare Ltd,empire healthcare ltd,Burnt Oak,London,London,Healthcare,Worker,Skilled Worker,https://www.empiremedical.co.uk/,https://www.empiremedical.co.uk/,review_only,,,,exact_unique_complete,1,1,40273,Empire Healthcare Ltd,Burnt Oak,London,London,Healthcare,Worker,Skilled Worker,,,0,,,,manual_review_medium_confidence,,1 production sponsor row(s) share normalized name; identity match is exact_unique_complete; production target is blank; development field is blank,,,,,unresolved_due_to_missing_data,"The sponsor identity is resolved, but no production careers-site target exists.",40273,,,unique_complete_identity,Exactly one current production sponsor matches the legal name and every supplied location/detail field.
batch4.csv:143:careers_url,batch4.csv,careers,medium,medium,Endlesslove Healthcare Services Ltd,endlesslove healthcare services ltd,Reading,Berkshire,South East,Healthcare,Worker,Skilled Worker,https://endlesslovehealthcare.uk/careers,https://endlesslovehealthcare.uk/careers,review_only,,,,exact_unique_complete,1,1,40470,Endlesslove Healthcare Services Ltd,Reading,Berkshire,South East,Healthcare,Worker,Skilled Worker,,,0,,,,manual_review_medium_confidence,,1 production sponsor row(s) share normalized name; identity match is exact_unique_complete; production target is blank; development field is blank,,,,,unresolved_due_to_missing_data,"The sponsor identity is resolved, but no production careers-site target exists.",40470,,,unique_complete_identity,Exactly one current production sponsor matches the legal name and every supplied location/detail field.
batch4.csv:149:careers_url,batch4.csv,careers,high,high,Envision Pharma Group Ltd,envision pharma group ltd,Horsham,West Sussex,South East,Healthcare,Worker,Skilled Worker,https://www.envisionpharmagroup.com/careers/,https://www.envisionpharmagroup.com/,update_blank,https://www.envisionpharmagroup.com/careers/,,,exact_unique_complete,1,1,40993,Envision Pharma Group Ltd,Horsham,West Sussex,South East,Healthcare,Worker,Skilled Worker,,,0,,,,safe_to_import,,1 production sponsor row(s) share normalized name; identity match is exact_unique_complete; production target is blank; development value matches candidate,,,,,unresolved_due_to_missing_data,"The sponsor identity is resolved, but no production careers-site target exists.",40993,,,unique_complete_identity,Exactly one current production sponsor matches the legal name and every supplied location/detail field.
batch4.csv:153:careers_url,batch4.csv,careers,medium,medium,Equine Veterinary Dentist,equine veterinary dentist,Richmond,North Yorkshire,Yorkshire and the Humber,Healthcare,Worker,Skilled Worker,https://equinedentalclinic.co.uk/,https://equinedentalclinic.co.uk/,review_only,,,,exact_unique_complete,1,1,41225,Equine Veterinary Dentist,Richmond,North Yorkshire,Yorkshire and the Humber,Healthcare,Worker,Skilled Worker,,,0,,,,manual_review_medium_confidence,,1 production sponsor row(s) share normalized name; identity match is exact_unique_complete; production target is blank; development field is blank,,,,,unresolved_due_to_missing_data,"The sponsor identity is resolved, but no production careers-site target exists.",41225,,,unique_complete_identity,Exactly one current production sponsor matches the legal name and every supplied location/detail field.
batch4.csv:191:careers_url,batch4.csv,careers,high,high,EXECUTIVE INSIGHT HEALTHCARE CONSULTANTS LTD,executive insight healthcare consultants ltd,London,,,Healthcare,Worker,Skilled Worker,https://www.executiveinsight.ch/en/careers/faq,https://www.executiveinsight.ch/en,update_blank,https://www.executiveinsight.ch/en/careers/faq,,,exact_unique_complete,1,1,42682,EXECUTIVE INSIGHT HEALTHCARE CONSULTANTS LTD,London,,,Healthcare,Worker,Skilled Worker,,,0,,,,safe_to_import,,1 production sponsor row(s) share normalized name; identity match is exact_unique_complete; production target is blank; development value matches candidate,,,,,unresolved_due_to_missing_data,"The sponsor identity is resolved, but no production careers-site target exists.",42682,,,unique_complete_identity,Exactly one current production sponsor matches the legal name and every supplied location/detail field.
batch4.csv:194:careers_url,batch4.csv,careers,high,high,Exemplar Health Care Support Centre,exemplar health care support centre,Sheffield,South Yorkshire,Yorkshire and the Humber,Healthcare,Worker,Skilled Worker,https://www.exemplarhc.com/careers,https://www.exemplarhc.com/,update_blank,https://www.exemplarhc.com/careers,,,exact_unique_complete,1,1,42709,Exemplar Health Care Support Centre,Sheffield,South Yorkshire,Yorkshire and the Humber,Healthcare,Worker,Skilled Worker,,,0,,,,safe_to_import,,1 production sponsor row(s) share normalized name; identity match is exact_unique_complete; production target is blank; development value matches candidate,,,,,unresolved_due_to_missing_data,"The sponsor identity is resolved, but no production careers-site target exists.",42709,,,unique_complete_identity,Exactly one current production sponsor matches the legal name and every supplied location/detail field.
batch4.csv:195:careers_url,batch4.csv,careers,high,high,eXmoor Pharma Concepts Ltd,exmoor pharma concepts ltd,Bristol,,,Healthcare,Worker,Skilled Worker,https://www.exmoorpharma.com/careers/,https://www.exmoorpharma.com/,update_blank,https://www.exmoorpharma.com/careers/,,,exact_unique_complete,1,1,42761,eXmoor Pharma Concepts Ltd,Bristol,,,Healthcare,Worker,Skilled Worker,,,0,,,,safe_to_import,,1 production sponsor row(s) share normalized name; identity match is exact_unique_complete; production target is blank; development value matches candidate,,,,,unresolved_due_to_missing_data,"The sponsor identity is resolved, but no production careers-site target exists.",42761,,,unique_complete_identity,Exactly one current production sponsor matches the legal name and every supplied location/detail field.
batch4.csv:236:careers_url,batch4.csv,careers,high,high,FEN HOUSE DENTAL PRACTICE,fen house dental practice,Spalding,Lincolnshire,East Midlands,Healthcare,Worker,Skilled Worker,https://www.fenhousedental.com/recruitment/,https://www.fenhousedental.com/,update_blank,https://www.fenhousedental.com/recruitment/,,,exact_unique_complete,2,1,44219,FEN HOUSE DENTAL PRACTICE,Spalding,Lincolnshire,East Midlands,Healthcare,Worker,Skilled Worker,,,0,,,,safe_to_import,,2 production sponsor row(s) share normalized name; identity match is exact_unique_complete; production target is blank; development value matches candidate,,,,,unresolved_due_to_missing_data,2 careers-site rows match this sponsor; none uniquely contains the candidate URL.,44219,,,unique_complete_identity,Exactly one current production sponsor matches the legal name and every supplied location/detail field.
batch4.csv:237:careers_url,batch4.csv,careers,high,high,Fen House Dental Practice,fen house dental practice,Gosberton,Spalding,,Healthcare,Worker,Skilled Worker,https://www.fenhousedental.com/recruitment/,https://www.fenhousedental.com/,update_blank,https://www.fenhousedental.com/recruitment/,,,exact_unique_complete,2,1,44220,Fen House Dental Practice,Gosberton,Spalding,,Healthcare,Worker,Skilled Worker,,,0,,,,duplicate_candidate_same_target_noop,,2 production sponsor row(s) share normalized name; identity match is exact_unique_complete; production target is blank; development value matches candidate,,,,,unresolved_due_to_missing_data,2 careers-site rows match this sponsor; none uniquely contains the candidate URL.,44220,,,unique_complete_identity,Exactly one current production sponsor matches the legal name and every supplied location/detail field.
batch4.csv:254:careers_url,batch4.csv,careers,high,high,FIRST PRACTICE HEALTHCARE LTD,first practice healthcare ltd,West Midlands,England,,Healthcare,Worker,Skilled Worker,https://firstpracticehealthcare.com/careers,https://firstpracticehealthcare.com/,update_blank,https://firstpracticehealthcare.com/careers,,,exact_unique_complete,1,1,45017,FIRST PRACTICE HEALTHCARE LTD,West Midlands,England,,Healthcare,Worker,Skilled Worker,,,0,,,,safe_to_import,,1 production sponsor row(s) share normalized name; identity match is exact_unique_complete; production target is blank; development value matches candidate,,,,,unresolved_due_to_missing_data,"The sponsor identity is resolved, but no production careers-site target exists.",45017,,,unique_complete_identity,Exactly one current production sponsor matches the legal name and every supplied location/detail field.
batch4.csv:282:careers_url,batch4.csv,careers,medium,medium,Fosse Healthcare Limited,fosse healthcare limited,LEICESTER,,,Healthcare,Worker,Skilled Worker,https://www.fossehealthcare.co.uk/careers,https://www.fossehealthcare.co.uk/careers,review_only,,,,exact_unique_complete,1,1,46436,Fosse Healthcare Limited,LEICESTER,,,Healthcare,Worker,Skilled Worker,,,0,,,,manual_review_medium_confidence,,1 production sponsor row(s) share normalized name; identity match is exact_unique_complete; production target is blank; development field is blank,,,,,unresolved_due_to_missing_data,"The sponsor identity is resolved, but no production careers-site target exists.",46436,,,unique_complete_identity,Exactly one current production sponsor matches the legal name and every supplied location/detail field.
batch4.csv:335:careers_url,batch4.csv,careers,high,high,Ghurki Trust Teaching Hospital,ghurki trust teaching hospital,Manchester,,,Healthcare,Temporary Worker,Charity Worker,https://www.ghurkitrust.org.pk/careers,https://www.ghurkitrust.org.pk/,update_blank,https://www.ghurkitrust.org.pk/careers,,,exact_unique_complete,1,1,49334,Ghurki Trust Teaching Hospital,Manchester,,,Healthcare,Temporary Worker,Charity Worker,,,0,,,,safe_to_import,,1 production sponsor row(s) share normalized name; identity match is exact_unique_complete; production target is blank; development value matches candidate,,,,,unresolved_due_to_missing_data,"The sponsor identity is resolved, but no production careers-site target exists.",49334,,,unique_complete_identity,Exactly one current production sponsor matches the legal name and every supplied location/detail field.
batch4.csv:356:careers_url,batch4.csv,careers,high,high,Globe Life Sciences,globe life sciences,Richmond,,,Healthcare,Worker,Skilled Worker,https://www.globelifesciences.com/careers/,https://www.globelifesciences.com/,update_blank,https://www.globelifesciences.com/careers/,,,exact_unique_complete,1,1,50295,Globe Life Sciences,Richmond,,,Healthcare,Worker,Skilled Worker,,,0,,,,safe_to_import,,1 production sponsor row(s) share normalized name; identity match is exact_unique_complete; production target is blank; development value matches candidate,,,,,unresolved_due_to_missing_data,"The sponsor identity is resolved, but no production careers-site target exists.",50295,,,unique_complete_identity,Exactly one current production sponsor matches the legal name and every supplied location/detail field.
batch4.csv:360:careers_url,batch4.csv,careers,medium,medium,GLOWW HEALTHCARE LTD,gloww healthcare ltd,NOTTINGHAM,,,Healthcare,Worker,Skilled Worker,https://www.glowwhealthcare.co.uk/careers,https://www.glowwhealthcare.co.uk/careers,review_only,,,,exact_unique_complete,1,1,50406,GLOWW HEALTHCARE LTD,NOTTINGHAM,,,Healthcare,Worker,Skilled Worker,,,0,,,,manual_review_medium_confidence,,1 production sponsor row(s) share normalized name; identity match is exact_unique_complete; production target is blank; development field is blank,,,,,unresolved_due_to_missing_data,"The sponsor identity is resolved, but no production careers-site target exists.",50406,,,unique_complete_identity,Exactly one current production sponsor matches the legal name and every supplied location/detail field.
batch4.csv:363:careers_url,batch4.csv,careers,high,high,GMP Healthcare Ltd,gmp healthcare ltd,Hull,East Riding of Yorkshire,Yorkshire and the Humber,Healthcare,Worker,Skilled Worker,https://www.gmpcom.com/career/,https://www.gmpcom.com/,update_blank,https://www.gmpcom.com/career/,,,exact_unique_complete,1,1,50469,GMP Healthcare Ltd,Hull,East Riding of Yorkshire,Yorkshire and the Humber,Healthcare,Worker,Skilled Worker,,,0,,,,safe_to_import,,1 production sponsor row(s) share normalized name; identity match is exact_unique_complete; production target is blank; development value matches candidate,,,,,unresolved_due_to_missing_data,"The sponsor identity is resolved, but no production careers-site target exists.",50469,,,unique_complete_identity,Exactly one current production sponsor matches the legal name and every supplied location/detail field.
batch4.csv:374:careers_url,batch4.csv,careers,high,high,GOODPEOPLE HEALTHCARE LTD,goodpeople healthcare ltd,Bolton,Lancashire,North West,Healthcare,Worker,Skilled Worker,https://www.goodpeople.co.uk/contact,https://www.goodpeople.co.uk/,update_blank,https://www.goodpeople.co.uk/contact,,,exact_unique_complete,1,1,51091,GOODPEOPLE HEALTHCARE LTD,Bolton,Lancashire,North West,Healthcare,Worker,Skilled Worker,,,0,,,,safe_to_import,,1 production sponsor row(s) share normalized name; identity match is exact_unique_complete; production target is blank; development value matches candidate,,,,,unresolved_due_to_missing_data,"The sponsor identity is resolved, but no production careers-site target exists.",51091,,,unique_complete_identity,Exactly one current production sponsor matches the legal name and every supplied location/detail field.
batch4.csv:394:careers_url,batch4.csv,careers,high,high,Gray Healthcare,gray healthcare,Macclesfield,Cheshire,North West,Healthcare,Worker,Skilled Worker,https://www.grayhealthcare.com/careers/,https://www.grayhealthcare.com/,update_blank,https://www.grayhealthcare.com/careers/,,,exact_unique_complete,1,1,51705,Gray Healthcare,Macclesfield,Cheshire,North West,Healthcare,Worker,Skilled Worker,,,0,,,,safe_to_import,,1 production sponsor row(s) share normalized name; identity match is exact_unique_complete; production target is blank; development value matches candidate,,,,,unresolved_due_to_missing_data,"The sponsor identity is resolved, but no production careers-site target exists.",51705,,,unique_complete_identity,Exactly one current production sponsor matches the legal name and every supplied location/detail field.
batch4.csv:483:careers_url,batch4.csv,careers,high,high,Healthcare Business Solutions (UK) Ltd,healthcare business solutions uk ltd,Sherwood Park,Nottinghamshire,East Midlands,Healthcare,Worker,Skilled Worker,https://www.hbsuk.co.uk/careers/,https://www.hbsuk.co.uk/,update_blank,https://www.hbsuk.co.uk/careers/,,,exact_unique_complete,1,1,55339,Healthcare Business Solutions (UK) Ltd,Sherwood Park,Nottinghamshire,East Midlands,Healthcare,Worker,Skilled Worker,,,0,,,,safe_to_import,,1 production sponsor row(s) share normalized name; identity match is exact_unique_complete; production target is blank; development value matches candidate,,,,,unresolved_due_to_missing_data,"The sponsor identity is resolved, but no production careers-site target exists.",55339,,,unique_complete_identity,Exactly one current production sponsor matches the legal name and every supplied location/detail field.
batch4.csv:491:careers_url,batch4.csv,careers,medium,medium,Healthcare Infection Society,healthcare infection society,London,,,Healthcare,Worker,Skilled Worker,https://www.his.org.uk/join-us/,https://www.his.org.uk/join-us/,review_only,,,,exact_unique_complete,1,1,142173,Healthcare Infection Society,London,,,Healthcare,Worker,Skilled Worker,,,0,,,,manual_review_medium_confidence,,1 production sponsor row(s) share normalized name; identity match is exact_unique_complete; production target is blank; development field is blank,,,,,unresolved_due_to_missing_data,"The sponsor identity is resolved, but no production careers-site target exists.",142173,,,unique_complete_identity,Exactly one current production sponsor matches the legal name and every supplied location/detail field.
batch4.csv:492:careers_url,batch4.csv,careers,medium,medium,Healthcare interAction Limited,healthcare interaction limited,Abbotsley,Cambs,,Healthcare,Worker,Skilled Worker,https://www.healthcareinteraction.com/careers,https://www.healthcareinteraction.com/careers,review_only,,,,exact_unique_complete,1,1,55349,Healthcare interAction Limited,Abbotsley,Cambs,,Healthcare,Worker,Skilled Worker,,,0,,,,manual_review_medium_confidence,,1 production sponsor row(s) share normalized name; identity match is exact_unique_complete; production target is blank; development field is blank,,,,,unresolved_due_to_missing_data,"The sponsor identity is resolved, but no production careers-site target exists.",55349,,,unique_complete_identity,Exactly one current production sponsor matches the legal name and every supplied location/detail field.
batch4.csv:493:careers_url,batch4.csv,careers,high,high,Healthcare Ireland Belfast LTD,healthcare ireland belfast ltd,Holywood,,,Healthcare,Worker,Skilled Worker,https://www.healthcareirelandgroup.com/careers,https://www.healthcareirelandgroup.com/,update_blank,https://www.healthcareirelandgroup.com/careers,,,exact_unique_complete,1,1,55350,Healthcare Ireland Belfast LTD,Holywood,,,Healthcare,Worker,Skilled Worker,,,0,,,,safe_to_import,,1 production sponsor row(s) share normalized name; identity match is exact_unique_complete; production target is blank; development value matches candidate,,,,,unresolved_due_to_missing_data,"The sponsor identity is resolved, but no production careers-site target exists.",55350,,,unique_complete_identity,Exactly one current production sponsor matches the legal name and every supplied location/detail field.
batch5.csv:62:careers_url,batch5.csv,careers,high,high,Hope Citadel Healthcare CIC,hope citadel healthcare cic,Oldham,,,Healthcare,Worker,Skilled Worker,https://hopecitadel.org.uk/working-for-us/,https://hopecitadel.org.uk/,update_blank,https://hopecitadel.org.uk/working-for-us/,,,exact_unique_complete,1,1,57676,Hope Citadel Healthcare CIC,Oldham,,,Healthcare,Worker,Skilled Worker,,,0,,,,safe_to_import,,1 production sponsor row(s) share normalized name; identity match is exact_unique_complete; production target is blank; development value matches candidate,,,,,unresolved_due_to_missing_data,"The sponsor identity is resolved, but no production careers-site target exists.",57676,,,unique_complete_identity,Exactly one current production sponsor matches the legal name and every supplied location/detail field.
batch5.csv:149:careers_url,batch5.csv,careers,high,high,Intune Healthcare Limited,intune healthcare limited,Peacehaven,,,Healthcare,Worker,Skilled Worker,https://www.intunehealth.com/careers,https://www.intunehealth.com/,update_blank,https://www.intunehealth.com/careers,,,exact_unique_complete,1,1,142234,Intune Healthcare Limited,Peacehaven,,,Healthcare,Worker,Skilled Worker,,,0,,,,safe_to_import,,1 production sponsor row(s) share normalized name; identity match is exact_unique_complete; production target is blank; development value matches candidate,,,,,unresolved_due_to_missing_data,"The sponsor identity is resolved, but no production careers-site target exists.",142234,,,unique_complete_identity,Exactly one current production sponsor matches the legal name and every supplied location/detail field.
batch5.csv:180:careers_url,batch5.csv,careers,high,high,JAPAN GREEN MEDICAL CENTRE LTD,japan green medical centre ltd,LONDON,,,Healthcare,Worker,Skilled Worker,https://www.japangreen.co.uk/about/recruit.html,https://www.japangreen.co.uk/,update_blank,https://www.japangreen.co.uk/about/recruit.html,,,exact_unique_complete,1,1,63929,JAPAN GREEN MEDICAL CENTRE LTD,LONDON,,,Healthcare,Worker,Skilled Worker,,,0,,,,safe_to_import,,1 production sponsor row(s) share normalized name; identity match is exact_unique_complete; production target is blank; development value matches candidate,,,,,unresolved_due_to_missing_data,"The sponsor identity is resolved, but no production careers-site target exists.",63929,,,unique_complete_identity,Exactly one current production sponsor matches the legal name and every supplied location/detail field.
batch5.csv:181:careers_url,batch5.csv,careers,high,high,JAS PHARMA LTD,jas pharma ltd,Kendal,Cumbria,North West,Healthcare,Worker,Skilled Worker,https://www.jas.com/careers/,https://www.jas.com/,update_blank,https://www.jas.com/careers/,,,exact_unique_complete,1,1,154083,JAS PHARMA LTD,Kendal,Cumbria,North West,Healthcare,Worker,Skilled Worker,,,0,,,,safe_to_import,,1 production sponsor row(s) share normalized name; identity match is exact_unique_complete; production target is blank; development value matches candidate,,,,,unresolved_due_to_missing_data,"The sponsor identity is resolved, but no production careers-site target exists.",154083,,,unique_complete_identity,Exactly one current production sponsor matches the legal name and every supplied location/detail field.
batch5.csv:214:careers_url,batch5.csv,careers,high,high,JSB Healthcare Ltd,jsb healthcare ltd,Gwynedd,,,Healthcare,Worker,Skilled Worker,https://jsbhealthcare.net/careers/,https://jsbhealthcare.net/,update_blank,https://jsbhealthcare.net/careers/,,,exact_unique_complete,1,1,65529,JSB Healthcare Ltd,Gwynedd,,,Healthcare,Worker,Skilled Worker,,,0,,,,safe_to_import,,1 production sponsor row(s) share normalized name; identity match is exact_unique_complete; production target is blank; development value matches candidate,,,,,unresolved_due_to_missing_data,"The sponsor identity is resolved, but no production careers-site target exists.",65529,,,unique_complete_identity,Exactly one current production sponsor matches the legal name and every supplied location/detail field.
batch5.csv:318:careers_url,batch5.csv,careers,high,high,Kirkby dental practice,kirkby dental practice,"Kikrby in ashfield, Nottingham",East Midlands,,Healthcare,Worker,Skilled Worker,https://www.kirkbydental.co.uk/patient-education,https://www.kirkbydental.co.uk/,update_blank,https://www.kirkbydental.co.uk/patient-education,,,exact_unique_complete,1,1,68467,Kirkby dental practice,"Kikrby in ashfield, Nottingham",East Midlands,,Healthcare,Worker,Skilled Worker,,,0,,,,safe_to_import,,1 production sponsor row(s) share normalized name; identity match is exact_unique_complete; production target is blank; development value matches candidate,,,,,unresolved_due_to_missing_data,"The sponsor identity is resolved, but no production careers-site target exists.",68467,,,unique_complete_identity,Exactly one current production sponsor matches the legal name and every supplied location/detail field.
batch5.csv:403:careers_url,batch5.csv,careers,high,high,LEGACY HEALTHCARE GROUP LTD,legacy healthcare group ltd,Daventry,,,Healthcare,Worker,Skilled Worker,https://legacyhealthcaregroup.co.uk/career.php,https://legacyhealthcaregroup.co.uk/,update_blank,https://legacyhealthcaregroup.co.uk/career.php,,,exact_unique_complete,1,1,71446,LEGACY HEALTHCARE GROUP LTD,Daventry,,,Healthcare,Worker,Skilled Worker,,,0,,,,safe_to_import,,1 production sponsor row(s) share normalized name; identity match is exact_unique_complete; production target is blank; development value matches candidate,,,,,unresolved_due_to_missing_data,"The sponsor identity is resolved, but no production careers-site target exists.",71446,,,unique_complete_identity,Exactly one current production sponsor matches the legal name and every supplied location/detail field.
batch5.csv:467:careers_url,batch5.csv,careers,high,high,Loddon Healthcare Ltd,loddon healthcare ltd,Slough,Berkshire,South East,Healthcare,Worker,Skilled Worker,https://loddonhealthcare.co.uk/job-application/,https://loddonhealthcare.co.uk/,update_blank,https://loddonhealthcare.co.uk/job-application/,,,exact_unique_complete,1,1,73383,Loddon Healthcare Ltd,Slough,Berkshire,South East,Healthcare,Worker,Skilled Worker,,,0,,,,safe_to_import,,1 production sponsor row(s) share normalized name; identity match is exact_unique_complete; production target is blank; development value matches candidate,,,,,unresolved_due_to_missing_data,"The sponsor identity is resolved, but no production careers-site target exists.",73383,,,unique_complete_identity,Exactly one current production sponsor matches the legal name and every supplied location/detail field.
batch5.csv:474:careers_url,batch5.csv,careers,high,high,LONDON KNIGHTSBRIDGE COSMETIC CLINIC LIMITED,london knightsbridge cosmetic clinic limited,"Barnsley,",England,,Healthcare,Worker,Skilled Worker,https://www.thelondoncosmeticclinic.co.uk/careers/,https://www.thelondoncosmeticclinic.co.uk/,update_blank,https://www.thelondoncosmeticclinic.co.uk/careers/,,,exact_unique_complete,1,1,73787,LONDON KNIGHTSBRIDGE COSMETIC CLINIC LIMITED,"Barnsley,",England,,Healthcare,Worker,Skilled Worker,,,0,,,,safe_to_import,,1 production sponsor row(s) share normalized name; identity match is exact_unique_complete; production target is blank; development value matches candidate,,,,,unresolved_due_to_missing_data,"The sponsor identity is resolved, but no production careers-site target exists.",73787,,,unique_complete_identity,Exactly one current production sponsor matches the legal name and every supplied location/detail field.
batch5.csv:487:careers_url,batch5.csv,careers,high,high,Lotus Pharma Ltd,lotus pharma ltd,Malmesbury,Wiltshire,South West,Healthcare,Worker,Skilled Worker,https://www.lotuspharm.com/en/careers,https://www.lotuspharm.com/,update_blank,https://www.lotuspharm.com/en/careers,,,exact_unique_complete,1,1,74257,Lotus Pharma Ltd,Malmesbury,Wiltshire,South West,Healthcare,Worker,Skilled Worker,,,0,,,,safe_to_import,,1 production sponsor row(s) share normalized name; identity match is exact_unique_complete; production target is blank; development value matches candidate,,,,,unresolved_due_to_missing_data,"The sponsor identity is resolved, but no production careers-site target exists.",74257,,,unique_complete_identity,Exactly one current production sponsor matches the legal name and every supplied location/detail field.
batch5.csv:497:careers_url,batch5.csv,careers,high,high,Luchi Healthcare Limited,luchi healthcare limited,Walthamstoe,,,Healthcare,Worker,Skilled Worker,https://www.luchihealthcare.co.uk/join-us.html,https://www.luchihealthcare.co.uk/,update_blank,https://www.luchihealthcare.co.uk/join-us.html,,,exact_unique_complete,1,1,74613,Luchi Healthcare Limited,Walthamstoe,,,Healthcare,Worker,Skilled Worker,,,0,,,,safe_to_import,,1 production sponsor row(s) share normalized name; identity match is exact_unique_complete; production target is blank; development value matches candidate,,,,,unresolved_due_to_missing_data,"The sponsor identity is resolved, but no production careers-site target exists.",74613,,,unique_complete_identity,Exactly one current production sponsor matches the legal name and every supplied location/detail field.
batch6.csv:6:careers_url,batch6.csv,careers,medium,medium,Lyndhurst Dental Practice Ltd,lyndhurst dental practice ltd,Hastings,,,Healthcare,Worker,Skilled Worker,https://www.thelyndhurstpractice.co.uk/careers,https://www.thelyndhurstpractice.co.uk/careers,review_only,,,,exact_unique_complete,1,1,75054,Lyndhurst Dental Practice Ltd,Hastings,,,Healthcare,Worker,Skilled Worker,,,0,,,,manual_review_medium_confidence,,1 production sponsor row(s) share normalized name; identity match is exact_unique_complete; production target is blank; development field is blank,,,,,unresolved_due_to_missing_data,"The sponsor identity is resolved, but no production careers-site target exists.",75054,,,unique_complete_identity,Exactly one current production sponsor matches the legal name and every supplied location/detail field.
batch6.csv:34:careers_url,batch6.csv,careers,high,high,MALMO Healthcare Specialists Limited,malmo healthcare specialists limited,Lee-On-The-Solent,Hampshire,South East,Healthcare,Worker,Skilled Worker,https://malmohealthcare.co.uk/jobs/,https://malmohealthcare.co.uk/,update_blank,https://malmohealthcare.co.uk/jobs/,,,exact_unique_complete,1,1,76493,MALMO Healthcare Specialists Limited,Lee-On-The-Solent,Hampshire,South East,Healthcare,Worker,Skilled Worker,,,0,,,,safe_to_import,,1 production sponsor row(s) share normalized name; identity match is exact_unique_complete; production target is blank; development value matches candidate,,,,,unresolved_due_to_missing_data,"The sponsor identity is resolved, but no production careers-site target exists.",76493,,,unique_complete_identity,Exactly one current production sponsor matches the legal name and every supplied location/detail field.
batch6.csv:43:careers_url,batch6.csv,careers,high,high,Manor Healthcare Limited,manor healthcare limited,Ballyclare,Antrim,Northern Ireland,Healthcare,Worker,Skilled Worker,https://manorhealthcare.org/careers-3/,https://manorhealthcare.org/,update_blank,https://manorhealthcare.org/careers-3/,,,exact_unique_complete,1,1,76851,Manor Healthcare Limited,Ballyclare,Antrim,Northern Ireland,Healthcare,Worker,Skilled Worker,,,0,,,,safe_to_import,,1 production sponsor row(s) share normalized name; identity match is exact_unique_complete; production target is blank; development value matches candidate,,,,,unresolved_due_to_missing_data,"The sponsor identity is resolved, but no production careers-site target exists.",76851,,,unique_complete_identity,Exactly one current production sponsor matches the legal name and every supplied location/detail field.
batch6.csv:51:careers_url,batch6.csv,careers,high,high,Maranatha Healthcare Limited t/a Home Instead Birmingham,maranatha healthcare limited t a home instead birmingham,Birmingham,,,Healthcare,Worker,Skilled Worker,https://www.homeinstead.co.uk/about/leading-training/,https://www.homeinstead.co.uk/,update_blank,https://www.homeinstead.co.uk/about/leading-training/,,,exact_unique_complete,1,1,77042,Maranatha Healthcare Limited t/a Home Instead Birmingham,Birmingham,,,Healthcare,Worker,Skilled Worker,,,0,,,,safe_to_import,,1 production sponsor row(s) share normalized name; identity match is exact_unique_complete; production target is blank; development value matches candidate,,,,,unresolved_due_to_missing_data,"The sponsor identity is resolved, but no production careers-site target exists.",77042,,,unique_complete_identity,Exactly one current production sponsor matches the legal name and every supplied location/detail field.
batch6.csv:69:careers_url,batch6.csv,careers,high,high,Martins Lane Dental Partnership,martins lane dental partnership,Wallasey,,,Healthcare,Worker,Skilled Worker,https://www.martinslanedental.com/vacancies/,https://www.martinslanedental.com/,update_blank,https://www.martinslanedental.com/vacancies/,,,exact_unique_complete,1,1,77615,Martins Lane Dental Partnership,Wallasey,,,Healthcare,Worker,Skilled Worker,,,0,,,,safe_to_import,,1 production sponsor row(s) share normalized name; identity match is exact_unique_complete; production target is blank; development value matches candidate,,,,,unresolved_due_to_missing_data,"The sponsor identity is resolved, but no production careers-site target exists.",77615,,,unique_complete_identity,Exactly one current production sponsor matches the legal name and every supplied location/detail field.
batch6.csv:84:careers_url,batch6.csv,careers,medium,medium,Maxdent Limited trading as The Covent Garden Dental Practice,maxdent limited trading as the covent garden dental practice,London,,,Healthcare,Worker,Skilled Worker,https://www.cgdp.com/careers,https://www.cgdp.com/careers,review_only,,,,exact_unique_complete,1,1,78158,Maxdent Limited trading as The Covent Garden Dental Practice,London,,,Healthcare,Worker,Skilled Worker,,,0,,,,manual_review_medium_confidence,,1 production sponsor row(s) share normalized name; identity match is exact_unique_complete; production target is blank; development field is blank,,,,,unresolved_due_to_missing_data,"The sponsor identity is resolved, but no production careers-site target exists.",78158,,,unique_complete_identity,Exactly one current production sponsor matches the legal name and every supplied location/detail field.
batch6.csv:106:careers_url,batch6.csv,careers,high,high,MBA Pharma Limited,mba pharma limited,birmingham,,,Healthcare,Worker,Skilled Worker,https://www.mba-group.com/policy/recruitment-policy/,https://www.mba-group.com/,update_blank,https://www.mba-group.com/policy/recruitment-policy/,,,exact_unique_complete,1,1,78449,MBA Pharma Limited,birmingham,,,Healthcare,Worker,Skilled Worker,,,0,,,,safe_to_import,,1 production sponsor row(s) share normalized name; identity match is exact_unique_complete; production target is blank; development value matches candidate,,,,,unresolved_due_to_missing_data,"The sponsor identity is resolved, but no production careers-site target exists.",78449,,,unique_complete_identity,Exactly one current production sponsor matches the legal name and every supplied location/detail field.
batch6.csv:172:careers_url,batch6.csv,careers,high,high,Merit HealthCare Ltd,merit healthcare ltd,Royal Wooton Basset,,,Healthcare,Worker,Skilled Worker,https://www.merithealthcare.co.uk/jobs-emergency-shift-cover,https://www.merithealthcare.co.uk/,update_blank,https://www.merithealthcare.co.uk/jobs-emergency-shift-cover,,,exact_unique_complete,1,1,79632,Merit HealthCare Ltd,Royal Wooton Basset,,,Healthcare,Worker,Skilled Worker,,,0,,,,safe_to_import,,1 production sponsor row(s) share normalized name; identity match is exact_unique_complete; production target is blank; development value matches candidate,,,,,unresolved_due_to_missing_data,"The sponsor identity is resolved, but no production careers-site target exists.",79632,,,unique_complete_identity,Exactly one current production sponsor matches the legal name and every supplied location/detail field.
batch6.csv:194:careers_url,batch6.csv,careers,medium,medium,Milewood Healthcare Limited,milewood healthcare limited,"Salisbury, Ringwood",Hampshire,South East,Healthcare,Worker,Skilled Worker,https://milewood.co.uk/careers/,https://milewood.co.uk/careers/,review_only,,,,exact_unique_complete,1,1,80613,Milewood Healthcare Limited,"Salisbury, Ringwood",Hampshire,South East,Healthcare,Worker,Skilled Worker,,,0,,,,manual_review_medium_confidence,,1 production sponsor row(s) share normalized name; identity match is exact_unique_complete; production target is blank; development field is blank,,,,,unresolved_due_to_missing_data,"The sponsor identity is resolved, but no production careers-site target exists.",80613,,,unique_complete_identity,Exactly one current production sponsor matches the legal name and every supplied location/detail field.
batch6.csv:261:careers_url,batch6.csv,careers,high,high,MRM HEALTHCARE LLP,mrm healthcare llp,Dunfermline,Fife,Scotland,Healthcare,Worker,Skilled Worker,https://www.mrm.com/careers/,https://www.mrm.com/,update_blank,https://www.mrm.com/careers/,,,exact_unique_complete,1,1,83442,MRM HEALTHCARE LLP,Dunfermline,Fife,Scotland,Healthcare,Worker,Skilled Worker,,,0,,,,safe_to_import,,1 production sponsor row(s) share normalized name; identity match is exact_unique_complete; production target is blank; development value matches candidate,,,,,unresolved_due_to_missing_data,"The sponsor identity is resolved, but no production careers-site target exists.",83442,,,unique_complete_identity,Exactly one current production sponsor matches the legal name and every supplied location/detail field.
batch6.csv:420:careers_url,batch6.csv,careers,medium,medium,Northern Ireland Ambulance Service,northern ireland ambulance service,BELFAST,,,Healthcare,Worker,Skilled Worker,https://nias.hscni.net/about/working-for-us/careers/,https://nias.hscni.net/about/working-for-us/careers/,review_only,,,,exact_unique_complete,1,1,88244,Northern Ireland Ambulance Service,BELFAST,,,Healthcare,Worker,Skilled Worker,,,0,,,,manual_review_medium_confidence,,1 production sponsor row(s) share normalized name; identity match is exact_unique_complete; production target is blank; development field is blank,,,,,unresolved_due_to_missing_data,"The sponsor identity is resolved, but no production careers-site target exists.",88244,,,unique_complete_identity,Exactly one current production sponsor matches the legal name and every supplied location/detail field.
batch6.csv:469:careers_url,batch6.csv,careers,high,high,Obsidian Healthcare Group,obsidian healthcare group,Milton Keynes,Buckinghamshire,South East,Healthcare,Worker,Skilled Worker,https://www.obsidianhg.com/join-us/,https://www.obsidianhg.com/,update_blank,https://www.obsidianhg.com/join-us/,,,exact_unique_complete,1,1,89478,Obsidian Healthcare Group,Milton Keynes,Buckinghamshire,South East,Healthcare,Worker,Skilled Worker,,,0,,,,safe_to_import,,1 production sponsor row(s) share normalized name; identity match is exact_unique_complete; production target is blank; development value matches candidate,,,,,unresolved_due_to_missing_data,"The sponsor identity is resolved, but no production careers-site target exists.",89478,,,unique_complete_identity,Exactly one current production sponsor matches the legal name and every supplied location/detail field.
