organisation_name,sponsor_target_id,newly_resolved_field,candidate_url,website_after_apply,careers_probe_status,source_ref,reason_code
A1 CLUTCHES CANNOCK (UK) LIMITED,154157,website,https://www.a1-clutches.co.uk/,https://www.a1-clutches.co.uk/,unknown_if_new_site_row,non-healthcare-company-websites-all-sectors.csv:8754:website:production-target-154157:website,verified_blank_website_from_blocker_review
Abaseen Superstore (UK) LTD,145769,website,https://abaseen.byretail.net/,https://abaseen.byretail.net/,unknown_if_new_site_row,non-healthcare-company-websites-all-sectors.csv:8921:website:production-target-145769:website,verified_blank_website_from_blocker_review
Ability Post Production Academy Limited,146083,website,https://abilityacademy.co.uk/,https://abilityacademy.co.uk/,unknown_if_new_site_row,non-healthcare-company-websites-all-sectors.csv:8978:website:production-target-146083:website,verified_blank_website_from_blocker_review
Abingdon and Witney College,146090,website,https://abingdon-witney.ac.uk/,https://abingdon-witney.ac.uk/,unknown_if_new_site_row,non-healthcare-company-websites-all-sectors.csv:8981:website:production-target-146090:website,verified_blank_website_from_blocker_review
Abingdon School,146093,website,https://www.abingdon.org.uk/,https://www.abingdon.org.uk/,unknown_if_new_site_row,non-healthcare-company-websites-all-sectors.csv:8982:website:production-target-146093:website,verified_blank_website_from_blocker_review
ABSCapCo Limited,146229,website,https://abscapco.com/,https://abscapco.com/,unknown_if_new_site_row,non-healthcare-company-websites-all-sectors.csv:9029:website:production-target-146229:website,verified_blank_website_from_blocker_review
ABV HAIR & BEAUTY LTD,146293,website,https://www.salonabv.com/,https://www.salonabv.com/,unknown_if_new_site_row,non-healthcare-company-websites-all-sectors.csv:9038:website:production-target-146293:website,verified_blank_website_from_blocker_review
Academia Park Ltd,146335,website,https://www.academiapark.co.uk/,https://www.academiapark.co.uk/,unknown_if_new_site_row,non-healthcare-company-websites-all-sectors.csv:9054:website:production-target-146335:website,verified_blank_website_from_blocker_review
Academy of Medical Royal Colleges,146352,website,https://www.aomrc.org.uk/,https://www.aomrc.org.uk/,unknown_if_new_site_row,non-healthcare-company-websites-all-sectors.csv:9062:website:production-target-146352:website,verified_blank_website_from_blocker_review
ACE CARS & MINIBUSES LTD,146603,website,https://ace-cars.co.uk/,https://ace-cars.co.uk/,unknown_if_new_site_row,non-healthcare-company-websites-all-sectors.csv:9128:website:production-target-146603:website,verified_blank_website_from_blocker_review
Ace Childrens Occupational Therapy Limited,146604,website,https://acechildrensoccupationaltherapy.com/,https://acechildrensoccupationaltherapy.com/,unknown_if_new_site_row,non-healthcare-company-websites-all-sectors.csv:9129:website:production-target-146604:website,verified_blank_website_from_blocker_review
Acquire Learning College LTD,146807,website,https://acquirelearning.co.uk/,https://acquirelearning.co.uk/,unknown_if_new_site_row,non-healthcare-company-websites-all-sectors.csv:9189:website:production-target-146807:website,verified_blank_website_from_blocker_review
ACTIVE STUDY AND TRAVEL SERVICES LTD,146951,website,https://activestudyuk.com/,https://activestudyuk.com/,unknown_if_new_site_row,non-healthcare-company-websites-all-sectors.csv:9221:website:production-target-146951:website,verified_blank_website_from_blocker_review
ACZONE CONSULTANTS LTD,147052,website,https://aczone.co.uk/,https://aczone.co.uk/,unknown_if_new_site_row,non-healthcare-company-websites-all-sectors.csv:9244:website:production-target-147052:website,verified_blank_website_from_blocker_review
ADA BUSINESS CONSULTANCY LTD,147087,website,https://www.adabusiness.co.uk/,https://www.adabusiness.co.uk/,unknown_if_new_site_row,non-healthcare-company-websites-all-sectors.csv:9252:website:production-target-147087:website,verified_blank_website_from_blocker_review
ADAM CABS LTD,147125,website,https://adamcabsltd.co.uk/,https://adamcabsltd.co.uk/,unknown_if_new_site_row,non-healthcare-company-websites-all-sectors.csv:9263:website:production-target-147125:website,verified_blank_website_from_blocker_review
ADE Tax,147272,website,https://adetax.com/,https://adetax.com/,unknown_if_new_site_row,non-healthcare-company-websites-all-sectors.csv:9303:website:production-target-147272:website,verified_blank_website_from_blocker_review
ADGAN ELECTRICS LTD,147338,website,https://www.adganelectrics.co.uk/,https://www.adganelectrics.co.uk/,unknown_if_new_site_row,non-healthcare-company-websites-all-sectors.csv:9324:website:production-target-147338:website,verified_blank_website_from_blocker_review
ADORN SPA LIMITED,147466,website,https://adorn.beauty/,https://adorn.beauty/,unknown_if_new_site_row,non-healthcare-company-websites-all-sectors.csv:9363:website:production-target-147466:website,verified_blank_website_from_blocker_review
ADROIT CONSULTING GROUP LTD,147492,website,https://adroitcc.io/,https://adroitcc.io/,unknown_if_new_site_row,non-healthcare-company-websites-all-sectors.csv:9374:website:production-target-147492:website,verified_blank_website_from_blocker_review
ADVANCE MARKETING (PVT) LTD,147548,website,https://advancemarketingpvt.co.uk/,https://advancemarketingpvt.co.uk/,unknown_if_new_site_row,non-healthcare-company-websites-all-sectors.csv:9392:website:production-target-147548:website,verified_blank_website_from_blocker_review
ADVANCED BEAUTY MEDICAL LTD,147569,website,https://advancedbeauty.co.uk/,https://advancedbeauty.co.uk/,unknown_if_new_site_row,non-healthcare-company-websites-all-sectors.csv:9398:website:production-target-147569:website,verified_blank_website_from_blocker_review
ADVANCED MOLECULAR DIAGNOSTICS LTD,147615,website,https://am-diagnostics.co.uk/,https://am-diagnostics.co.uk/,unknown_if_new_site_row,non-healthcare-company-websites-all-sectors.csv:9408:website:production-target-147615:website,verified_blank_website_from_blocker_review
ARROW DIGITAL SPACE LTD,10381,website,https://www.arrowdigitalspaceltd.co.uk/,https://www.arrowdigitalspaceltd.co.uk/,unknown_if_new_site_row,non-healthcare-company-websites-all-sectors.csv:9832:website:production-target-10381:website,verified_blank_website_from_blocker_review
AS Foreign Education Consultants Limited,10695,website,https://www.asfeconsultants.com/,https://www.asfeconsultants.com/,unknown_if_new_site_row,non-healthcare-company-websites-all-sectors.csv:9847:website:production-target-10695:website,verified_blank_website_from_blocker_review
Aston Students' Union,11666,website,https://www.astonsu.com/,https://www.astonsu.com/,unknown_if_new_site_row,non-healthcare-company-websites-all-sectors.csv:9913:website:production-target-11666:website,verified_blank_website_from_blocker_review
Autify Digital Ltd,12427,website,https://www.autify.co.uk/,https://www.autify.co.uk/,unknown_if_new_site_row,non-healthcare-company-websites-all-sectors.csv:9954:website:production-target-12427:website,verified_blank_website_from_blocker_review
AUTISM AT KINGWOOD,12428,website,https://www.kingwood.org.uk/,https://www.kingwood.org.uk/,unknown_if_new_site_row,non-healthcare-company-websites-all-sectors.csv:9955:website:production-target-12428:website,verified_blank_website_from_blocker_review
AV OLD COMPTON STREET LTD T/A All'Antico Vinaio,12598,website,https://soho-london.co.uk/,https://soho-london.co.uk/,unknown_if_new_site_row,non-healthcare-company-websites-all-sectors.csv:9961:website:production-target-12598:website,verified_blank_website_from_blocker_review
Avanti Schools Trust,12671,website,https://avantitrust.schoolrecruiter.com/,https://avantitrust.schoolrecruiter.com/,unknown_if_new_site_row,non-healthcare-company-websites-all-sectors.csv:9966:website:production-target-12671:website,verified_blank_website_from_blocker_review
AYKO Digital Limited t/a AYKO,13195,website,https://www.ayko.com/,https://www.ayko.com/,unknown_if_new_site_row,non-healthcare-company-websites-all-sectors.csv:10002:website:production-target-13195:website,verified_blank_website_from_blocker_review
AZAD PROPERTY LTD,13292,website,https://azad.co.uk/,https://azad.co.uk/,unknown_if_new_site_row,non-healthcare-company-websites-all-sectors.csv:7946:website:production-target-13292:website,verified_blank_website_from_blocker_review
AZHAR HALAL MEAT LTD,13329,website,https://www.azharhalalmeat.com/,https://www.azharhalalmeat.com/,unknown_if_new_site_row,non-healthcare-company-websites-all-sectors.csv:7979:website:production-target-13329:website,verified_blank_website_from_blocker_review
B&A Quilting (UK) Limited,13464,website,https://www.ba-quilting.co.uk/,https://www.ba-quilting.co.uk/,unknown_if_new_site_row,non-healthcare-company-websites-all-sectors.csv:6223:website:production-target-13464:website,verified_blank_website_from_blocker_review
B & P METAL WORK LTD,13405,website,https://www.bnpmetals.com/,https://www.bnpmetals.com/,unknown_if_new_site_row,non-healthcare-company-websites-all-sectors.csv:7699:website:production-target-13405:website,verified_blank_website_from_blocker_review
B M Steel Fabrications Limited,13438,website,https://www.bmsteelfab.com/,https://www.bmsteelfab.com/,unknown_if_new_site_row,non-healthcare-company-websites-all-sectors.csv:7700:website:production-target-13438:website,verified_blank_website_from_blocker_review
B S REGIS LIMITED TA Blue Spice Halesowen,13452,website,https://bluespicehalesowen.co.uk/,https://bluespicehalesowen.co.uk/,unknown_if_new_site_row,non-healthcare-company-websites-all-sectors.csv:3008:website:production-target-13452:website,verified_blank_website_from_blocker_review
B S Suthi and Bros Limited,13453,website,https://www.bssuthiandbros.co.uk/,https://www.bssuthiandbros.co.uk/,unknown_if_new_site_row,non-healthcare-company-websites-all-sectors.csv:14488:website:production-target-13453:website,verified_blank_website_from_blocker_review
B-Well Health & Social Care Group Limited,13526,website,https://bwellgroup.org/,https://bwellgroup.org/,unknown_if_new_site_row,non-healthcare-company-websites-all-sectors.csv:10012:website:production-target-13526:website,verified_blank_website_from_blocker_review
BADITECH ENGINEERING AND CONSULTANCY LTD,13764,website,https://www.baditech.co.uk/,https://www.baditech.co.uk/,unknown_if_new_site_row,non-healthcare-company-websites-all-sectors.csv:10030:website:production-target-13764:website,verified_blank_website_from_blocker_review
Balcas Timber Ltd,13969,website,https://balcas.com/,https://balcas.com/,unknown_if_new_site_row,non-healthcare-company-websites-all-sectors.csv:10047:website:production-target-13969:website,verified_blank_website_from_blocker_review
BALDWIN ELECTRICAL COMPANY (ST.MARYLEBONE) LIMITED,13983,website,https://www.baldwinelectrical.co.uk/,https://www.baldwinelectrical.co.uk/,unknown_if_new_site_row,non-healthcare-company-websites-all-sectors.csv:10048:website:production-target-13983:website,verified_blank_website_from_blocker_review
Ballymore Development Management Limited,14038,website,https://www.ballymoregroup.com/,https://www.ballymoregroup.com/,unknown_if_new_site_row,non-healthcare-company-websites-all-sectors.csv:10051:website:production-target-14038:website,verified_blank_website_from_blocker_review
BAU Hair Design Ltd,14890,website,https://www.bauhair.co.uk/,https://www.bauhair.co.uk/,unknown_if_new_site_row,non-healthcare-company-websites-all-sectors.csv:10093:website:production-target-14890:website,verified_blank_website_from_blocker_review
Bauer Radio Limited,14894,website,https://www.bauermedia.co.uk/,https://www.bauermedia.co.uk/,unknown_if_new_site_row,non-healthcare-company-websites-all-sectors.csv:10094:website:production-target-14894:website,verified_blank_website_from_blocker_review
BCEGI Construction (UK) Ltd,15088,website,https://bcegi.co.uk/,https://bcegi.co.uk/,unknown_if_new_site_row,non-healthcare-company-websites-all-sectors.csv:10103:website:production-target-15088:website,verified_blank_website_from_blocker_review
BCG Electrical Services Ltd,15094,website,https://bcgelectrical.com/,https://bcgelectrical.com/,unknown_if_new_site_row,non-healthcare-company-websites-all-sectors.csv:10108:website:production-target-15094:website,verified_blank_website_from_blocker_review
BE Education,15195,website,https://beeducation.com/,https://beeducation.com/,unknown_if_new_site_row,batch1.csv:418:website_url:production-target-15195:website,verified_blank_website_from_blocker_review
Be First (Regeneration) Ltd,15197,website,https://befirst.london/,https://befirst.london/,unknown_if_new_site_row,batch1.csv:420:website_url:production-target-15197:website,verified_blank_website_from_blocker_review
BE HAPPY SUPPORT LIMITED,15199,website,https://behappysupportlimited.co.uk/,https://behappysupportlimited.co.uk/,unknown_if_new_site_row,batch1.csv:422:website_url:production-target-15199:website,verified_blank_website_from_blocker_review
Be Possible Limited,15205,website,https://bepossible.co.uk/,https://bepossible.co.uk/,unknown_if_new_site_row,batch1.csv:428:website_url:production-target-15205:website,verified_blank_website_from_blocker_review
Be Shaping the Future Management Consulting Ltd,15209,website,https://www.beshapingthefuture.co.uk/,https://www.beshapingthefuture.co.uk/,unknown_if_new_site_row,batch1.csv:432:website_url:production-target-15209:website,verified_blank_website_from_blocker_review
Beacon Health Kensington Limited,15239,website,https://www.beaconhealthkensington.nhs.uk/,https://www.beaconhealthkensington.nhs.uk/,unknown_if_new_site_row,non-healthcare-company-websites-all-sectors.csv:10117:website:production-target-15239:website,verified_blank_website_from_blocker_review
Beacon Hill Community School,15241,website,https://www.beaconhill.cumbria.sch.uk/,https://www.beaconhill.cumbria.sch.uk/,unknown_if_new_site_row,non-healthcare-company-websites-all-sectors.csv:10119:website:production-target-15241:website,verified_blank_website_from_blocker_review
Beacon Hill School,15242,website,https://beaconhill.org.uk/,https://beaconhill.org.uk/,unknown_if_new_site_row,non-healthcare-company-websites-all-sectors.csv:10120:website:production-target-15242:website,verified_blank_website_from_blocker_review
Bedales School,15477,website,https://www.bedales.org.uk/,https://www.bedales.org.uk/,unknown_if_new_site_row,non-healthcare-company-websites-all-sectors.csv:10133:website:production-target-15477:website,verified_blank_website_from_blocker_review
Bedford Hindu Temple and Community Trust,15494,website,https://www.bedfordhindutemple.org/,https://www.bedfordhindutemple.org/,unknown_if_new_site_row,non-healthcare-company-websites-all-sectors.csv:10137:website:production-target-15494:website,verified_blank_website_from_blocker_review
Bedfordshire Schools Trust,15503,website,https://www.bestacademies.org.uk/,https://www.bestacademies.org.uk/,unknown_if_new_site_row,non-healthcare-company-websites-all-sectors.csv:10140:website:production-target-15503:website,verified_blank_website_from_blocker_review
Beyond Engineering Consulting Ltd,16569,website,https://beyondeng.co.uk/,https://beyondeng.co.uk/,unknown_if_new_site_row,non-healthcare-company-websites-all-sectors.csv:10227:website:production-target-16569:website,verified_blank_website_from_blocker_review
Beyond Health Limited,16573,website,https://beyond-health.co.uk/,https://beyond-health.co.uk/,unknown_if_new_site_row,non-healthcare-company-websites-all-sectors.csv:10228:website:production-target-16573:website,verified_blank_website_from_blocker_review
BEYOND SCHOOLS TRUST,16582,website,https://www.beyondschools.co.uk/,https://www.beyondschools.co.uk/,unknown_if_new_site_row,non-healthcare-company-websites-all-sectors.csv:10229:website:production-target-16582:website,verified_blank_website_from_blocker_review
Bibby Maritime Crewing Services Limited,16786,website,https://www.bibbymarine.com/,https://www.bibbymarine.com/,unknown_if_new_site_row,non-healthcare-company-websites-all-sectors.csv:10241:website:production-target-16786:website,verified_blank_website_from_blocker_review
BIE Magnum Limited,16839,website,https://www.biemagnum.com/,https://www.biemagnum.com/,unknown_if_new_site_row,non-healthcare-company-websites-all-sectors.csv:10244:website:production-target-16839:website,verified_blank_website_from_blocker_review
BIEA BRITISH INTERNATIONAL EDUCATION ASSOCIATION LTD,16840,website,https://biea.org.uk/,https://biea.org.uk/,unknown_if_new_site_row,non-healthcare-company-websites-all-sectors.csv:10245:website:production-target-16840:website,verified_blank_website_from_blocker_review
Big Hearts Community Trust,141751,website,https://bighearts.org.uk/,https://bighearts.org.uk/,unknown_if_new_site_row,non-healthcare-company-websites-all-sectors.csv:10248:website:production-target-141751:website,verified_blank_website_from_blocker_review
Big Issue Invest Limited T/A The Big Issue Invest,16882,website,https://www.bigissue.com/,https://www.bigissue.com/,unknown_if_new_site_row,non-healthcare-company-websites-all-sectors.csv:10249:website:production-target-16882:website,verified_blank_website_from_blocker_review
Big Orange Software trading as Sonin,16899,website,https://sonin.agency/,https://sonin.agency/,unknown_if_new_site_row,non-healthcare-company-websites-all-sectors.csv:10250:website:production-target-16899:website,verified_blank_website_from_blocker_review
Biorelevant.com Ltd,17169,website,https://biorelevant.com/,https://biorelevant.com/,unknown_if_new_site_row,non-healthcare-company-websites-all-sectors.csv:10268:website:production-target-17169:website,verified_blank_website_from_blocker_review
Bishop Burton College,17377,website,https://www.bishopburton.ac.uk/,https://www.bishopburton.ac.uk/,unknown_if_new_site_row,non-healthcare-company-websites-all-sectors.csv:10292:website:production-target-17377:website,verified_blank_website_from_blocker_review
Bishop Chadwick Catholic Education Trust,17378,website,https://bccet.org.uk/,https://bccet.org.uk/,unknown_if_new_site_row,non-healthcare-company-websites-all-sectors.csv:10293:website:production-target-17378:website,verified_blank_website_from_blocker_review
Bishop Ramsey CoE School,17384,website,https://www.bishopramseyschool.org/,https://www.bishopramseyschool.org/,unknown_if_new_site_row,non-healthcare-company-websites-all-sectors.csv:10294:website:production-target-17384:website,verified_blank_website_from_blocker_review
Bishop Stopford School,17385,website,https://www.bishopstopford.com/,https://www.bishopstopford.com/,unknown_if_new_site_row,non-healthcare-company-websites-all-sectors.csv:10295:website:production-target-17385:website,verified_blank_website_from_blocker_review
Bishopshalt School,17403,website,https://www.bishopshalt.hillingdon.sch.uk/,https://www.bishopshalt.hillingdon.sch.uk/,unknown_if_new_site_row,non-healthcare-company-websites-all-sectors.csv:10298:website:production-target-17403:website,verified_blank_website_from_blocker_review
Biz Accounting Ltd,17471,website,https://www.bizaccountingltd.com/,https://www.bizaccountingltd.com/,unknown_if_new_site_row,non-healthcare-company-websites-all-sectors.csv:10305:website:production-target-17471:website,verified_blank_website_from_blocker_review
BL CHESWICK GREEN LIMITED T/A Bangla Lounge Cheswick Green,17547,website,https://www.banglaloungesolihull.co.uk/,https://www.banglaloungesolihull.co.uk/,unknown_if_new_site_row,non-healthcare-company-websites-all-sectors.csv:10323:website:production-target-17547:website,verified_blank_website_from_blocker_review
Blackwater Academy LTD,17749,website,https://www.blackwateracademy.co.uk/,https://www.blackwateracademy.co.uk/,unknown_if_new_site_row,non-healthcare-company-websites-all-sectors.csv:10347:website:production-target-17749:website,verified_blank_website_from_blocker_review
BLAK DIAMOND SOCIAL CARE LIMITED,17778,website,https://blakdiamond.co.uk/,https://blakdiamond.co.uk/,unknown_if_new_site_row,non-healthcare-company-websites-all-sectors.csv:10349:website:production-target-17778:website,verified_blank_website_from_blocker_review
Blanchards Inheritance Ltd,17798,website,https://blanchardsltd.co.uk/,https://blanchardsltd.co.uk/,unknown_if_new_site_row,non-healthcare-company-websites-all-sectors.csv:10352:website:production-target-17798:website,verified_blank_website_from_blocker_review
Blossom House School Limited,17997,website,https://www.blossomhouseschool.co.uk/,https://www.blossomhouseschool.co.uk/,unknown_if_new_site_row,non-healthcare-company-websites-all-sectors.csv:10375:website:production-target-17997:website,verified_blank_website_from_blocker_review
BLUE ORCHID ASPLEY GUISE LTD T/A BLUE ORCHID,18137,website,https://blueorchidrestaurant.co.uk/,https://blueorchidrestaurant.co.uk/,unknown_if_new_site_row,non-healthcare-company-websites-all-sectors.csv:38:website:production-target-18137:website,verified_blank_website_from_blocker_review
BLUE WIRE CAPITAL LTD,18204,website,https://www.bluewirecapital.com/,https://www.bluewirecapital.com/,unknown_if_new_site_row,non-healthcare-company-websites-all-sectors.csv:10395:website:production-target-18204:website,verified_blank_website_from_blocker_review
BMAS Accountants Ltd,18405,website,https://bmasaccountants.co.uk/,https://bmasaccountants.co.uk/,unknown_if_new_site_row,non-healthcare-company-websites-all-sectors.csv:10417:website:production-target-18405:website,verified_blank_website_from_blocker_review
BME Enclosures (NI) Limited,18415,website,https://bmeenclosures.co.uk/,https://bmeenclosures.co.uk/,unknown_if_new_site_row,non-healthcare-company-websites-all-sectors.csv:10421:website:production-target-18415:website,verified_blank_website_from_blocker_review
Bourne Education Trust,19122,website,https://www.bourne.education/,https://www.bourne.education/,unknown_if_new_site_row,non-healthcare-company-websites-all-sectors.csv:10460:website:production-target-19122:website,verified_blank_website_from_blocker_review
Bow Wow London Limited,19180,website,https://www.bowwow.london/,https://www.bowwow.london/,unknown_if_new_site_row,non-healthcare-company-websites-all-sectors.csv:10466:website:production-target-19180:website,verified_blank_website_from_blocker_review
Brabers Consultancy Ltd,19324,website,https://brabers.com/,https://brabers.com/,unknown_if_new_site_row,non-healthcare-company-websites-all-sectors.csv:10473:website:production-target-19324:website,verified_blank_website_from_blocker_review
Brentford School For Girls,19701,website,https://www.brentford.hounslow.sch.uk/,https://www.brentford.hounslow.sch.uk/,unknown_if_new_site_row,non-healthcare-company-websites-all-sectors.csv:10506:website:production-target-19701:website,verified_blank_website_from_blocker_review
Bridgepoint Alliance Ltd,19876,website,https://www.bridgepointalliance.com/,https://www.bridgepointalliance.com/,unknown_if_new_site_row,non-healthcare-company-websites-all-sectors.csv:10519:website:production-target-19876:website,verified_blank_website_from_blocker_review
Bridges Electrical Engineers Ltd,19878,website,https://bridgesltd.co.uk/,https://bridgesltd.co.uk/,unknown_if_new_site_row,non-healthcare-company-websites-all-sectors.csv:10520:website:production-target-19878:website,verified_blank_website_from_blocker_review
Bridgewood Trust Limited,19900,website,https://bridgewoodtrust.co.uk/,https://bridgewoodtrust.co.uk/,unknown_if_new_site_row,non-healthcare-company-websites-all-sectors.csv:10522:website:production-target-19900:website,verified_blank_website_from_blocker_review
BRIGHTEDGE ACADEMY LIMITED,20002,website,https://brightedgeacademy.com/,https://brightedgeacademy.com/,unknown_if_new_site_row,non-healthcare-company-websites-all-sectors.csv:10527:website:production-target-20002:website,verified_blank_website_from_blocker_review
Brighton Dome & Festival Ltd,20039,website,https://brightondome.org/,https://brightondome.org/,unknown_if_new_site_row,non-healthcare-company-websites-all-sectors.csv:10533:website:production-target-20039:website,verified_blank_website_from_blocker_review
Brinkworth Design Limited,20135,website,https://brinkworth.com/,https://brinkworth.com/,unknown_if_new_site_row,non-healthcare-company-websites-all-sectors.csv:10540:website:production-target-20135:website,verified_blank_website_from_blocker_review
Bristol Health Ltd,20178,website,https://bristol-health.co.uk/,https://bristol-health.co.uk/,unknown_if_new_site_row,non-healthcare-company-websites-all-sectors.csv:10542:website:production-target-20178:website,verified_blank_website_from_blocker_review
Brocc Finance AB - UK Branch,143110,website,https://broccfinance.com/,https://broccfinance.com/,unknown_if_new_site_row,non-healthcare-company-websites-all-sectors.csv:10580:website:production-target-143110:website,verified_blank_website_from_blocker_review
Burrell & Mistry Ltd,21381,website,https://www.burrellmistry.com/,https://www.burrellmistry.com/,unknown_if_new_site_row,non-healthcare-company-websites-all-sectors.csv:10629:website:production-target-21381:website,verified_blank_website_from_blocker_review
Business School England Limited,21487,website,https://www.bpp.com/,https://www.bpp.com/,unknown_if_new_site_row,non-healthcare-company-websites-all-sectors.csv:10631:website:production-target-21487:website,verified_blank_website_from_blocker_review
C & R Construction South West Ltd,21748,website,https://www.candrconstructionsw.co.uk/,https://www.candrconstructionsw.co.uk/,unknown_if_new_site_row,non-healthcare-company-websites-all-sectors.csv:10649:website:production-target-21748:website,verified_blank_website_from_blocker_review
Cambridge Seminars College,22477,website,https://csc.uk/,https://csc.uk/,unknown_if_new_site_row,non-healthcare-company-websites-all-sectors.csv:10693:website:production-target-22477:website,verified_blank_website_from_blocker_review
Cambridge Steiner School Project,22485,website,https://www.waldorfcambridge.uk/,https://www.waldorfcambridge.uk/,unknown_if_new_site_row,non-healthcare-company-websites-all-sectors.csv:10695:website:production-target-22485:website,verified_blank_website_from_blocker_review
Cambridge Street School,22487,website,https://www.cambridgestreetschool.com/,https://www.cambridgestreetschool.com/,unknown_if_new_site_row,non-healthcare-company-websites-all-sectors.csv:10697:website:production-target-22487:website,verified_blank_website_from_blocker_review
Cameron Flow Control Technology (UK) Limited,22546,website,https://www.slb.com/,https://www.slb.com/,unknown_if_new_site_row,non-healthcare-company-websites-all-sectors.csv:10701:website:production-target-22546:website,verified_blank_website_from_blocker_review
Camphill Blair Drummond Trust Ltd,22599,website,https://camphillblairdrummond.org.uk/,https://camphillblairdrummond.org.uk/,unknown_if_new_site_row,non-healthcare-company-websites-all-sectors.csv:10705:website:production-target-22599:website,verified_blank_website_from_blocker_review
Canford School,22720,website,https://www.canford.com/,https://www.canford.com/,unknown_if_new_site_row,non-healthcare-company-websites-all-sectors.csv:10712:website:production-target-22720:website,verified_blank_website_from_blocker_review
Capital City College Group,141821,website,https://www.capitalccg.ac.uk/,https://www.capitalccg.ac.uk/,unknown_if_new_site_row,non-healthcare-company-websites-all-sectors.csv:10722:website:production-target-141821:website,verified_blank_website_from_blocker_review
Capitax Financial Ltd,22941,website,https://capitaxfinancial.com/,https://capitaxfinancial.com/,unknown_if_new_site_row,non-healthcare-company-websites-all-sectors.csv:10729:website:production-target-22941:website,verified_blank_website_from_blocker_review
CARBONSPARK LTD,23117,website,https://carbonspark.co.uk/,https://carbonspark.co.uk/,unknown_if_new_site_row,batch3.csv:156:website_url:production-target-23117:website,verified_blank_website_from_blocker_review
Carclo Technical PLastics Ltd,23121,website,https://www.carclo.co.uk/,https://www.carclo.co.uk/,unknown_if_new_site_row,non-healthcare-company-websites-all-sectors.csv:4216:website:production-target-23121:website,verified_blank_website_from_blocker_review
Care Pro (South East) Limited,23346,website,https://careprosoutheast.co.uk/,https://careprosoutheast.co.uk/,unknown_if_new_site_row,non-healthcare-company-websites-all-sectors.csv:10753:website:production-target-23346:website,verified_blank_website_from_blocker_review
Careach Limited,153944,website,https://careach.co.uk/,https://careach.co.uk/,unknown_if_new_site_row,non-healthcare-company-websites-all-sectors.csv:10754:website:production-target-153944:website,verified_blank_website_from_blocker_review
Carers Trust Heart of England,23494,website,https://www.carerstrusthofe.org.uk/,https://www.carerstrusthofe.org.uk/,unknown_if_new_site_row,non-healthcare-company-websites-all-sectors.csv:10756:website:production-target-23494:website,verified_blank_website_from_blocker_review
Cargilfield School,23525,website,https://www.cargilfield.com/,https://www.cargilfield.com/,unknown_if_new_site_row,non-healthcare-company-websites-all-sectors.csv:10759:website:production-target-23525:website,verified_blank_website_from_blocker_review
Caribbean & African Health Network (CAHN),23550,website,https://www.cahn.org.uk/,https://www.cahn.org.uk/,unknown_if_new_site_row,non-healthcare-company-websites-all-sectors.csv:10761:website:production-target-23550:website,verified_blank_website_from_blocker_review
Caring Locals,23584,website,https://www.caringlocals.co.uk/,https://www.caringlocals.co.uk/,unknown_if_new_site_row,non-healthcare-company-websites-all-sectors.csv:10763:website:production-target-23584:website,verified_blank_website_from_blocker_review
Carshalton Boys Sports College,23743,website,https://www.carshaltonboys.org/,https://www.carshaltonboys.org/,unknown_if_new_site_row,non-healthcare-company-websites-all-sectors.csv:10778:website:production-target-23743:website,verified_blank_website_from_blocker_review
Castle School Education Trust,23958,website,https://cset.co.uk/,https://cset.co.uk/,unknown_if_new_site_row,non-healthcare-company-websites-all-sectors.csv:10785:website:production-target-23958:website,verified_blank_website_from_blocker_review
Chancery Education Trust,25126,website,https://www.chanceryeducation.com/,https://www.chanceryeducation.com/,unknown_if_new_site_row,non-healthcare-company-websites-all-sectors.csv:10870:website:production-target-25126:website,verified_blank_website_from_blocker_review
Channel Health Alliance,25179,website,https://www.channelhealthalliance.co.uk/,https://www.channelhealthalliance.co.uk/,unknown_if_new_site_row,non-healthcare-company-websites-all-sectors.csv:10873:website:production-target-25179:website,verified_blank_website_from_blocker_review
Channing School,25184,website,https://www.channing.co.uk/,https://www.channing.co.uk/,unknown_if_new_site_row,non-healthcare-company-websites-all-sectors.csv:10874:website:production-target-25184:website,verified_blank_website_from_blocker_review
Lattimer Ltd,70904,website,https://www.lattimer.com/,https://www.lattimer.com/,unknown_if_new_site_row,non-healthcare-company-websites-all-sectors.csv:13642:website:production-target-70904:website,verified_blank_website_from_blocker_review
Latymer Upper School,70907,website,https://www.latymer-upper.org/,https://www.latymer-upper.org/,unknown_if_new_site_row,non-healthcare-company-websites-all-sectors.csv:4612:website:production-target-70907:website,verified_blank_website_from_blocker_review
LAUNCH ROBOTICS LTD,70913,website,https://launch-robotics.com/,https://launch-robotics.com/,unknown_if_new_site_row,non-healthcare-company-websites-all-sectors.csv:13645:website:production-target-70913:website,verified_blank_website_from_blocker_review
Launch Tech Uk Ltd..,70914,website,https://www.launchtech.co.uk/,https://www.launchtech.co.uk/,unknown_if_new_site_row,non-healthcare-company-websites-all-sectors.csv:13646:website:production-target-70914:website,verified_blank_website_from_blocker_review
LAUNDRA LIMITED,70924,website,https://laundra.co.uk/,https://laundra.co.uk/,unknown_if_new_site_row,batch5.csv:381:website_url:production-target-70924:website,verified_blank_website_from_blocker_review
LaundRe Holdings Ltd,70925,website,https://www.laundre.co.uk/,https://www.laundre.co.uk/,unknown_if_new_site_row,batch5.csv:382:website_url:production-target-70925:website,verified_blank_website_from_blocker_review
LAURA HAMMETT LIMITED,70932,website,https://laurahammett.com/,https://laurahammett.com/,unknown_if_new_site_row,batch5.csv:387:website_url:production-target-70932:website,verified_blank_website_from_blocker_review
Leeds Theatre Trust Limited,71406,website,https://www.leedsplayhouse.org.uk/,https://www.leedsplayhouse.org.uk/,unknown_if_new_site_row,non-healthcare-company-websites-all-sectors.csv:67:website:production-target-71406:website,verified_blank_website_from_blocker_review
LONDON TIGERS,73981,website,https://londontigers.org/,https://londontigers.org/,unknown_if_new_site_row,non-healthcare-company-websites-all-sectors.csv:279:website:production-target-73981:website,verified_blank_website_from_blocker_review
Longridge Towers School,74090,website,https://lts.org.uk/,https://lts.org.uk/,unknown_if_new_site_row,non-healthcare-company-websites-all-sectors.csv:290:website:production-target-74090:website,verified_blank_website_from_blocker_review
Loretto School Ltd,74183,website,https://www.loretto.com/,https://www.loretto.com/,unknown_if_new_site_row,non-healthcare-company-websites-all-sectors.csv:301:website:production-target-74183:website,verified_blank_website_from_blocker_review
METREA MANAGEMENT LIMITED,79870,website,https://www.metrea.aero/,https://www.metrea.aero/,unknown_if_new_site_row,non-healthcare-company-websites-all-sectors.csv:674:website:production-target-79870:website,verified_blank_website_from_blocker_review
Monkton Combe School,82189,website,https://www.monktoncombeschool.com/,https://www.monktoncombeschool.com/,unknown_if_new_site_row,non-healthcare-company-websites-all-sectors.csv:816:website:production-target-82189:website,verified_blank_website_from_blocker_review
Monocle Solutions Ltd,82201,website,https://www.monocle.co.uk/,https://www.monocle.co.uk/,unknown_if_new_site_row,non-healthcare-company-websites-all-sectors.csv:818:website:production-target-82201:website,verified_blank_website_from_blocker_review
NALA PAYMENTS LIMITED,84831,website,https://www.nala.com/,https://www.nala.com/,unknown_if_new_site_row,non-healthcare-company-websites-all-sectors.csv:995:website:production-target-84831:website,verified_blank_website_from_blocker_review
Orlen LNG Trading Limited,91363,website,https://orlenlng.com/,https://orlenlng.com/,unknown_if_new_site_row,non-healthcare-company-websites-all-sectors.csv:1945:website:production-target-91363:website,verified_blank_website_from_blocker_review
Plymouth Diocesan Trust,96151,website,https://www.plymouth-diocese.org.uk/,https://www.plymouth-diocese.org.uk/,unknown_if_new_site_row,non-healthcare-company-websites-all-sectors.csv:1562:website:production-target-96151:website,verified_blank_website_from_blocker_review
QADRIA TRUST (UK),99291,website,https://www.qadriatrust.com/,https://www.qadriatrust.com/,unknown_if_new_site_row,non-healthcare-company-websites-all-sectors.csv:2117:website:production-target-99291:website,verified_blank_website_from_blocker_review
Ryde School with Upper Chine,106044,website,https://www.rydeschool.org.uk/,https://www.rydeschool.org.uk/,unknown_if_new_site_row,non-healthcare-company-websites-all-sectors.csv:2584:website:production-target-106044:website,verified_blank_website_from_blocker_review
ZUPLEX LTD,141531,website,https://zuplex.net/,https://zuplex.net/,unknown_if_new_site_row,non-healthcare-company-websites-all-sectors.csv:7923:website:production-target-141531:website,verified_blank_website_from_blocker_review
