identity_key,identity_snapshot,target_sponsor_licence_id,resolution_method
fa90c963248fd11171f664504d0306a2d656397123cee3f6f1ed958640ba3deb,"{""route"": ""Worker"", ""county"": """", ""region"": """", ""industry"": ""Technology"", ""subRoute"": ""Skilled Worker"", ""townCity"": ""Tewkesbury"", ""organisationName"": ""BM Data Solutions Limited T/A BM Aluminium""}",18387,exact_unique
faa3aeeb3199d977a359137b8a4e06891a7c395727c05a69385743b4894f4e9e,"{""route"": ""Worker"", ""county"": ""Oxfordshire"", ""region"": ""South East"", ""industry"": ""Social Care"", ""subRoute"": ""Skilled Worker"", ""townCity"": ""Over Norton"", ""organisationName"": ""You & Me Supported Living Limited""}",140260,exact_unique
faa66d153ef0ead23ca15056db902eba35e454514c365b96e1d0f31ba45d37b9,"{""route"": ""Worker"", ""county"": """", ""region"": """", ""industry"": ""Construction"", ""subRoute"": ""Skilled Worker"", ""townCity"": ""London"", ""organisationName"": ""Hub Design and Construction Ltd""}",143351,exact_unique
faa76b509a31880a97172a8fe1d83a32035280b16942b3e20d41a732c6ef84e5,"{""route"": ""Worker"", ""county"": ""Bedfordshire"", ""region"": ""East of England"", ""industry"": ""Other"", ""subRoute"": ""Skilled Worker"", ""townCity"": ""Luton"", ""organisationName"": ""3X Sports Limited""}",144294,exact_unique
faad46ab249bb1a8a23099f25b98bc22fa95b4c259ce82b9af128f78c792863d,"{""route"": ""Worker"", ""county"": """", ""region"": """", ""industry"": ""Education"", ""subRoute"": ""Skilled Worker"", ""townCity"": ""London"", ""organisationName"": ""Our Lady of Lourdes Catholic Primary School""}",91658,exact_unique
fab5de753198c4804dcfb9452aefeaa068ed82c4431211fa1abd6d7e80d0d09e,"{""route"": ""Worker"", ""county"": ""London"", ""region"": ""London"", ""industry"": ""Finance"", ""subRoute"": ""Skilled Worker"", ""townCity"": ""London"", ""organisationName"": ""UNIPaaS Financial Services Ltd""}",131854,exact_unique
fad582875dc9890f699191491974234136be822853c33be6a872b208b4825d8f,"{""route"": ""Worker"", ""county"": """", ""region"": """", ""industry"": ""Finance"", ""subRoute"": ""Skilled Worker"", ""townCity"": ""London"", ""organisationName"": ""BC INVESTMENT GROUP (UK) LIMITED""}",15068,exact_unique
fae1205f9a715755e2e22fd2e283295bc2957cb9c9d16bd7c2d704e306388825,"{""route"": ""Worker"", ""county"": """", ""region"": """", ""industry"": ""Technology"", ""subRoute"": ""Skilled Worker"", ""townCity"": ""Derry/Londonderry"", ""organisationName"": ""Alchemy Technology Services Limited""}",149658,exact_unique
fb0a31a14b9e63e41119aebc1fdf62fd51bd30d64f48503ac0ad9feda37ea344,"{""route"": ""Worker"", ""county"": """", ""region"": """", ""industry"": ""Education"", ""subRoute"": ""Skilled Worker"", ""townCity"": ""London"", ""organisationName"": ""The Babydrop Limited T/A The Butterfly Preschool""}",123366,exact_unique
fb1e012d328b155a0ae59be3711a48ebd99461bad6b5dd3f7a288f858757061f,"{""route"": ""Worker"", ""county"": ""North East Lincolnshire"", ""region"": ""Yorkshire and the Humber"", ""industry"": ""Social Care"", ""subRoute"": ""Skilled Worker"", ""townCity"": ""GRIMSBY"", ""organisationName"": ""NAViGO Health and Social Care CIC""}",85386,exact_unique
fb1f781e8a96f6026edaf441ea1fc86e24a604af7fe4ec0141e4af9d27a327b2,"{""route"": ""Worker"", ""county"": """", ""region"": """", ""industry"": ""Other"", ""subRoute"": ""Skilled Worker"", ""townCity"": ""Slough"", ""organisationName"": ""Alpha Construction (Pvt) Ltd""}",150578,exact_unique
fb27d3b3fac769e759264b4c4a87bdff875749205bfb651e7d19138966c0f519,"{""route"": ""Worker"", ""county"": """", ""region"": """", ""industry"": ""Healthcare"", ""subRoute"": ""Skilled Worker"", ""townCity"": ""London"", ""organisationName"": ""Harley Street ENT Clinic Ltd""}",54422,exact_unique
fb2da908bc85711cee3450ec1c10caab57eaf4d403c04253cf970f82992335d9,"{""route"": ""Worker"", ""county"": ""Bucks"", ""region"": """", ""industry"": ""Technology"", ""subRoute"": ""Skilled Worker"", ""townCity"": ""Milton Keynes"", ""organisationName"": ""EDW Technology Limited""}",38872,exact_unique
fb3162c934e42f87ba63f3100e8f41f817fa871f869eceab18de7f20ef07dc97,"{""route"": ""Worker"", ""county"": ""Bedfordshire"", ""region"": ""East of England"", ""industry"": ""Construction"", ""subRoute"": ""Skilled Worker"", ""townCity"": ""Luton"", ""organisationName"": ""Sahil Construction Ltd""}",106982,exact_unique
fb388f3ca900dca2a51035e56ff377e74e3b2768650d8bd00f21af8318affb82,"{""route"": ""Worker"", ""county"": """", ""region"": """", ""industry"": ""Healthcare"", ""subRoute"": ""Skilled Worker"", ""townCity"": ""WELWYN GARDEN CITY"", ""organisationName"": ""Neelkanth Healthcare Limited""}",85647,exact_unique
fb3d626a4a9c7bb1873761f1fb7bbf5a3d5cc25b940ab0e49c594aa78cc10a73,"{""route"": ""Worker"", ""county"": ""Cambridgeshire"", ""region"": ""East of England"", ""industry"": ""Engineering"", ""subRoute"": ""Skilled Worker"", ""townCity"": ""St Neots"", ""organisationName"": ""Titan Motorsport and Automotive Engineering Ltd""}",128076,exact_unique
fb45c7874719930970d9b1243ed6b4a99528a4fe7628c16d8a6774b489bccd5b,"{""route"": ""Worker"", ""county"": ""Hertfordshire"", ""region"": ""East of England"", ""industry"": ""Transport"", ""subRoute"": ""Skilled Worker"", ""townCity"": ""Watford"", ""organisationName"": ""London Lightworks Ltd""}",73797,exact_unique
fb6fe62263fd7aabe8680f22b3cfdd44f590fb10e6a957bc555fad4f061cff33,"{""route"": ""Worker"", ""county"": """", ""region"": """", ""industry"": ""Construction"", ""subRoute"": ""Skilled Worker"", ""townCity"": ""Uxbridge"", ""organisationName"": ""TECHNOCRATES CONSTRUCTION LTD""}",122181,exact_unique
fb818d53cb2a1fbe9ffc1e70202c08eb37bac0be5dfc61d2d74ce697655243df,"{""route"": ""Worker"", ""county"": """", ""region"": """", ""industry"": ""Other"", ""subRoute"": ""Skilled Worker"", ""townCity"": ""Bristol"", ""organisationName"": ""72 Point Limited""}",144519,exact_unique
fba45d19bc4ce18756db8130410685ddd25b2de032868a75caa7b67c08c705b1,"{""route"": ""Worker"", ""county"": ""West Midlands"", ""region"": ""West Midlands"", ""industry"": ""Construction"", ""subRoute"": ""Skilled Worker"", ""townCity"": ""West Bromwich"", ""organisationName"": ""Greystone Construction Ltd""}",52301,exact_unique
fba69029b4240775548da4bef95f01ec0a2255886d686b68a10634e0956122a4,"{""route"": ""Worker"", ""county"": ""Northamptonshire"", ""region"": ""East Midlands"", ""industry"": ""Education"", ""subRoute"": ""Skilled Worker"", ""townCity"": ""Northampton"", ""organisationName"": ""Northampton Free School Trust t/a Wootton Park School""}",88171,exact_unique
fbb3a2ec1a611bc14f29743b47367b250d4c1bf1d93b34d5ac8b2fa33befbe7b,"{""route"": ""Worker"", ""county"": """", ""region"": """", ""industry"": ""Technology"", ""subRoute"": ""Skilled Worker"", ""townCity"": ""London"", ""organisationName"": ""Seaborn Software Ltd""}",109132,exact_unique
fbc99e1dc65d112b17eeb78c54044d5c655c9b089586d689efdb334560d3554d,"{""route"": ""Worker"", ""county"": """", ""region"": """", ""industry"": ""Social Care"", ""subRoute"": ""Skilled Worker"", ""townCity"": ""ESSEX"", ""organisationName"": ""FORTE SUPPORT SERVICES LIMITED""}",46293,exact_unique
fbd777bbc46dbd07f269d568c442ee17a57b121bac6c55cece012709993277c8,"{""route"": ""Worker"", ""county"": """", ""region"": """", ""industry"": ""Finance"", ""subRoute"": ""Skilled Worker"", ""townCity"": ""Warrington"", ""organisationName"": ""Proton Payments Limited""}",98581,exact_unique
fbedf7ab87a1bd0ee11d26af9c6bde08aef895cb5eff586c4f54bfed7a23c1df,"{""route"": ""Worker"", ""county"": """", ""region"": """", ""industry"": ""Finance"", ""subRoute"": ""Skilled Worker"", ""townCity"": ""London"", ""organisationName"": ""Severin Finance Ltd""}",110100,exact_unique
fbeff1bcfdb9ca17af35fd6255f809f7513fa5e26f4e062475a5d68782708a10,"{""route"": ""Worker"", ""county"": """", ""region"": """", ""industry"": ""Finance"", ""subRoute"": ""Skilled Worker"", ""townCity"": ""London"", ""organisationName"": ""PAVE FINTECH LIMITED""}",93508,exact_unique
fbf12223499be61f4729908d9252436c574b81674e2ba620f3d4bef4f3d70f87,"{""route"": ""Worker"", ""county"": ""SURREY"", ""region"": ""South East"", ""industry"": ""Other"", ""subRoute"": ""Skilled Worker"", ""townCity"": ""Richmond upon Thames"", ""organisationName"": ""Old Vicarage School Trust""}",89946,exact_unique
fbf5423914ae9c1a82321ac4ed317d83571deac6beb17caaf013e0b3dde5a630,"{""route"": ""Worker"", ""county"": """", ""region"": """", ""industry"": ""Healthcare"", ""subRoute"": ""Skilled Worker"", ""townCity"": ""IPSWICH"", ""organisationName"": ""Dr A.M.Tabrizi Dental Practice Limited""}",36405,exact_unique
fc008d5eb1eecb067fa420eccf8ad6ede19090051fb8c57004bc3db908cab9b3,"{""route"": ""Worker"", ""county"": ""Berkshire"", ""region"": ""South East"", ""industry"": ""Healthcare"", ""subRoute"": ""Skilled Worker"", ""townCity"": ""Slough"", ""organisationName"": ""Loddon Healthcare Ltd""}",73383,exact_unique
fc3013941e63321b5ea90c6d743ecdbc1e869cae5dceb20e31825da4fff07880,"{""route"": ""Temporary Worker"", ""county"": ""Thomas Mills High School"", ""region"": """", ""industry"": ""Education"", ""subRoute"": ""Charity Worker"", ""townCity"": ""Woodbridge"", ""organisationName"": ""Thomas Mills High School""}",127443,exact_unique
fc51528632b5c19f7b73ac69594c722c7fd38840709acc0bbae58a0e68372c12,"{""route"": ""Worker"", ""county"": """", ""region"": """", ""industry"": ""Construction"", ""subRoute"": ""Skilled Worker"", ""townCity"": ""London"", ""organisationName"": ""TOGE CONSTRUCTION LTD""}",128349,exact_unique
fc8f86d92869ad110ff64ab32ff95d448e94f6e4432ebccd33979609de077dd4,"{""route"": ""Worker"", ""county"": """", ""region"": """", ""industry"": ""Other"", ""subRoute"": ""Skilled Worker"", ""townCity"": ""London"", ""organisationName"": ""National Art Collections Fund""}",85102,exact_unique
fc982dbe7bb66a1c0e03113e760fe46079a590f96385ecf8673583cd0b7ae6ef,"{""route"": ""Worker"", ""county"": ""Bucks"", ""region"": """", ""industry"": ""Healthcare"", ""subRoute"": ""Skilled Worker"", ""townCity"": ""High Wycombe"", ""organisationName"": ""Lansdales Pharmacy Ltd""}",70709,exact_unique
fcbb5eaded77594bc1cf9eafda371a99cb26d2efbbcf69dd79be22c349e74787,"{""route"": ""Worker"", ""county"": """", ""region"": """", ""industry"": ""Technology"", ""subRoute"": ""Skilled Worker"", ""townCity"": ""LONDON"", ""organisationName"": ""Pathway Accountancy Ltd""}",93380,exact_unique
fcc5194ab0c913467f2beb48e3aaad4b7623e981256133e616511f83c744f44c,"{""route"": ""Worker"", ""county"": """", ""region"": """", ""industry"": ""Healthcare"", ""subRoute"": ""Skilled Worker"", ""townCity"": ""HARTLEPOOL"", ""organisationName"": ""HART MEDICAL PRACTICE""}",54640,exact_unique
fcc5daba54789ac6645b097623385af7b5b98178852eb766f8291319b01d7255,"{""route"": ""Worker"", ""county"": ""Devon"", ""region"": ""South West"", ""industry"": ""Public Services"", ""subRoute"": ""Skilled Worker"", ""townCity"": ""Exeter"", ""organisationName"": ""South Western Ambulance Service NHS Foundation Trust""}",114946,exact_unique
fcd09cac94b53468652b7e2a1faaab16377f8175e64ac9a7bb9cfb21c431e1b4,"{""route"": ""Worker"", ""county"": ""LEICESTERSHIRE"", ""region"": ""East Midlands"", ""industry"": ""Social Care"", ""subRoute"": ""Skilled Worker"", ""townCity"": ""LOUGHBOROUGH"", ""organisationName"": ""FALCON SUPPORT SERVICES""}",43555,exact_unique
fd054ff9405dee5b65d50f3613da7e6dcdebd6ceb1a8441cbf9485306a5db8a7,"{""route"": ""Worker"", ""county"": """", ""region"": """", ""industry"": ""Social Care"", ""subRoute"": ""Skilled Worker"", ""townCity"": ""Wick"", ""organisationName"": ""R.F More Ltd T/A Riverside House care Home""}",100276,exact_unique
fd06c938e8157791e2f29c6482f528971e77446b0ba67e3825ffd3171c1d3b1b,"{""route"": ""Worker"", ""county"": """", ""region"": """", ""industry"": ""Other"", ""subRoute"": ""Skilled Worker"", ""townCity"": ""London"", ""organisationName"": ""A-Lab Solutions Limited (T/A Reseo)""}",145094,exact_unique
fd097f53c590dbf2afebb091f6174216118246728c153f247c2b7142f3f24469,"{""route"": ""Worker"", ""county"": """", ""region"": """", ""industry"": ""Construction"", ""subRoute"": ""Skilled Worker"", ""townCity"": ""London"", ""organisationName"": ""OFFSHORE CONSTRUCTION CONSULTANTS LIMITED""}",89740,exact_unique
fd14af4a923a9bdf2cd46d33d171f0a94ba3467dda10fe3588d91a5d448d033f,"{""route"": ""Worker"", ""county"": """", ""region"": """", ""industry"": ""Finance"", ""subRoute"": ""Skilled Worker"", ""townCity"": ""London"", ""organisationName"": ""Afro-Asian Insurance Services Limited""}",148059,exact_unique
fd2c0f5f62f4a8d38749692c648dc1a23d57e292c943cfb501f986788dc5478b,"{""route"": ""Worker"", ""county"": """", ""region"": """", ""industry"": ""Construction"", ""subRoute"": ""Skilled Worker"", ""townCity"": ""Stoke on Trent"", ""organisationName"": ""Dream Build Construction Ltd""}",36639,exact_unique
fd2d44b8cd9f5c1b472d0fb311713cdd5d9681fdc460829987eb71e62510b49b,"{""route"": ""Worker"", ""county"": ""West Midlands"", ""region"": ""West Midlands"", ""industry"": ""Technology"", ""subRoute"": ""Skilled Worker"", ""townCity"": ""Coventry"", ""organisationName"": ""SOLVIUM TECH LTD""}",114484,exact_unique
fd379a39d8ac3dc34c56d3fea80b72805c7ef4f887164e504391a0dec04db097,"{""route"": ""Worker"", ""county"": """", ""region"": """", ""industry"": ""Healthcare"", ""subRoute"": ""Skilled Worker"", ""townCity"": ""Coventry"", ""organisationName"": ""FOPP Healthcare Services Ltd.""}",46030,exact_unique
fd37a50f921850a5856eda8e6b0f4b2695620b0c7464e5444ffb729f63982dc6,"{""route"": ""Worker"", ""county"": ""Lincolnshire"", ""region"": ""East Midlands"", ""industry"": ""Social Care"", ""subRoute"": ""Skilled Worker"", ""townCity"": ""Stamford"", ""organisationName"": ""Braceborough Hall Care Home LTD LTD""}",155920,exact_unique
fd448cdb5f7bb7df5dc1b3055bef5f30b2597a758470b5cee4157ac78b79fc95,"{""route"": ""Worker"", ""county"": ""Berkshire"", ""region"": ""South East"", ""industry"": ""Technology"", ""subRoute"": ""Skilled Worker"", ""townCity"": ""Reading"", ""organisationName"": ""BLUESTAR SOFTWARE LIMITED""}",18326,exact_unique
fd4fea55500200211b0c324c41df78cec402b04201a0ed7c5de75fb3dc158b32,"{""route"": ""Worker"", ""county"": """", ""region"": """", ""industry"": ""Education"", ""subRoute"": ""Skilled Worker"", ""townCity"": ""London"", ""organisationName"": ""AL HASSAN EDUCATIONAL ACADEMY""}",149246,exact_unique
fd541fa98dc3f801054850c15503fb52710e78afea8d513ddcb79c869ff2f231,"{""route"": ""Worker"", ""county"": """", ""region"": """", ""industry"": ""Healthcare"", ""subRoute"": ""Skilled Worker"", ""townCity"": ""Manchester"", ""organisationName"": ""Dartford Clinic Ltd""}",32836,exact_unique
fd6b2158c5117158ee2e0e465172f9c271c2fa580e07ece6be9b4bde8a9fe2ef,"{""route"": ""Worker"", ""county"": """", ""region"": """", ""industry"": ""Finance"", ""subRoute"": ""Skilled Worker"", ""townCity"": ""London"", ""organisationName"": ""Botany Bay Asset Management Limited""}",19069,exact_unique
fd78ad4439002b7f2c51759825c45714a2d7a0f7566040c74c9e6a661e4055f5,"{""route"": ""Worker"", ""county"": """", ""region"": """", ""industry"": ""Other"", ""subRoute"": ""Skilled Worker"", ""townCity"": ""Omagh"", ""organisationName"": ""Love Utility Services Limited""}",74357,exact_unique
fd7a96090de5f49b1d55dbb5dfb2dd6abf12fe427ae8510f17cdc2c3b05c84dd,"{""route"": ""Worker"", ""county"": """", ""region"": """", ""industry"": ""Social Care"", ""subRoute"": ""Skilled Worker"", ""townCity"": ""Milton Keynes"", ""organisationName"": ""Burrow Down Support Services Limited""}",21386,exact_unique
fd7df193582e460702eb1557947f0ae6ddb055bf466772f7b9b3af4077a4fe03,"{""route"": ""Worker"", ""county"": """", ""region"": """", ""industry"": ""Manufacturing"", ""subRoute"": ""Skilled Worker"", ""townCity"": ""Wrexham"", ""organisationName"": ""H-Pack Paper & Board Manufacturing Ltd""}",53360,exact_unique
fda1f11bfb8d9c3ca549484d5555d87dec929d0b491cf13aee7390ce33ec01c5,"{""route"": ""Worker"", ""county"": ""Co. Tyrone"", ""region"": """", ""industry"": ""Engineering"", ""subRoute"": ""Skilled Worker"", ""townCity"": ""Dungannon"", ""organisationName"": ""Cortex Engineering Solutions Ltd""}",30156,exact_unique
fda2f80cecefede1afeabfab263e59eed72e8c88e27d24b9529feb833bc414ae,"{""route"": ""Worker"", ""county"": """", ""region"": """", ""industry"": ""Technology"", ""subRoute"": ""Skilled Worker"", ""townCity"": ""Keighley"", ""organisationName"": ""KSD TECHNOLOGY LIMITED""}",69597,exact_unique
fdcac56a3b8f7c9e494658fc6198ed317c83b00dd09a9cec5b91fe07340d39a4,"{""route"": ""Worker"", ""county"": """", ""region"": """", ""industry"": ""Other"", ""subRoute"": ""Skilled Worker"", ""townCity"": ""London"", ""organisationName"": ""AJL Medical Limited""}",148933,exact_unique
fdd539c2524a6aca46da029bf0e3c29fba024782294d71a02bb8fe699b686037,"{""route"": ""Worker"", ""county"": ""Greater London"", ""region"": ""London"", ""industry"": """", ""subRoute"": ""Skilled Worker"", ""townCity"": ""London"", ""organisationName"": ""A J Digital Management Ltd""}",154621,exact_unique
fdd605e7541b22b8dee00d085436fbbbe6b23577fd9d7100b7b40707092b8313,"{""route"": ""Worker"", ""county"": """", ""region"": """", ""industry"": ""Other"", ""subRoute"": ""Skilled Worker"", ""townCity"": ""Dagenham"", ""organisationName"": ""BKZH Ltd""}",17545,exact_unique
fdde00aeb0391840e7b8c40ef21b053f25546bccd4a3004c6ca1877b13d69fc9,"{""route"": ""Worker"", ""county"": ""Sunderland"", ""region"": ""North East"", ""industry"": ""Healthcare"", ""subRoute"": ""Skilled Worker"", ""townCity"": ""Sunderland"", ""organisationName"": ""ASPECT HEALTHCARE SERVICES LIMITED""}",11346,exact_unique
fddec915e2a672f4c5c4302035096f853197613771b2a4821a7851b5aed1ac18,"{""route"": ""Worker"", ""county"": """", ""region"": """", ""industry"": ""Other"", ""subRoute"": ""Skilled Worker"", ""townCity"": ""Bradford"", ""organisationName"": ""MHD Global Limited""}",80109,exact_unique
fde4af965db4f1a4fe049fcb4a1f7c911f6b7318139e2613902a7ef2b629426c,"{""route"": ""Worker"", ""county"": """", ""region"": """", ""industry"": ""Legal & Professional"", ""subRoute"": ""Skilled Worker"", ""townCity"": ""London"", ""organisationName"": ""Ashby Capital LLP""}",155772,exact_unique
fe05b4db50407d7fde50fb17189234f4296ce5dbb3f06e9b2f4d9bac7db44503,"{""route"": ""Worker"", ""county"": ""Congresbury"", ""region"": """", ""industry"": ""Technology"", ""subRoute"": ""Skilled Worker"", ""townCity"": ""Bristol"", ""organisationName"": ""Transvault Software Limited""}",129408,exact_unique
fe0bfae5af12a35dc4095a165512dc3a239d8d15255d165a3a7609310406c1ab,"{""route"": ""Worker"", ""county"": """", ""region"": """", ""industry"": ""Healthcare"", ""subRoute"": ""Skilled Worker"", ""townCity"": ""Northampton"", ""organisationName"": ""Blossom24 Healthcare & Training Ltd""}",18004,exact_unique
fe1454e2d3f76f861f9e434ff831eda75130cf33ad4064621073b8cab240833d,"{""route"": ""Worker"", ""county"": """", ""region"": """", ""industry"": ""Legal & Professional"", ""subRoute"": ""Skilled Worker"", ""townCity"": ""Bromley"", ""organisationName"": ""Novellus Limited t/a Novellus Finance""}",88612,exact_unique
fe1ab444f97709d08581e9ffbf74e2bb6b3f6b8266414fa16f97742d85ae5645,"{""route"": ""Worker"", ""county"": """", ""region"": """", ""industry"": ""Transport"", ""subRoute"": ""Skilled Worker"", ""townCity"": ""London"", ""organisationName"": ""Construction Logistics Group Ltd""}",155404,exact_unique
fe25081347b23342849e969474947ea8adc2b1410c0516244721b8838c76461a,"{""route"": ""Worker"", ""county"": ""Middlesex"", ""region"": """", ""industry"": ""Other"", ""subRoute"": ""Skilled Worker"", ""townCity"": ""Uxbridge"", ""organisationName"": ""BLS Burnells Limited""}",18012,exact_unique
fe2fcdc13a694ec2b4857dc9c9fa3a72ea5f963a622b629b1da5da559b942c3e,"{""route"": ""Worker"", ""county"": ""Middlesex"", ""region"": """", ""industry"": ""Public Services"", ""subRoute"": ""Skilled Worker"", ""townCity"": ""Harrow"", ""organisationName"": ""London North West University Healthcare NHS Trust""}",73838,exact_unique
fe564695c19f5c08ef287fa8a9c62caff715125fc0a09437c60a458d51d90fab,"{""route"": ""Worker"", ""county"": """", ""region"": """", ""industry"": ""Healthcare"", ""subRoute"": ""Skilled Worker"", ""townCity"": ""London"", ""organisationName"": ""Dr Mani Aesthetics limited T/A The Mittal Hair Clinic""}",36478,exact_unique
fe5790e383d1dc97918f4a4728f73398095c02d44959f58797862838eb556b8b,"{""route"": ""Worker"", ""county"": ""Hampshire"", ""region"": ""South East"", ""industry"": ""Engineering"", ""subRoute"": ""Skilled Worker"", ""townCity"": ""Horndean"", ""organisationName"": ""Virtue Aerospace Limited""}",134669,exact_unique
fe5d44a5ea7decdeee70a4357242430473e6efce8b44fffd7daacc51df8a6b44,"{""route"": ""Worker"", ""county"": ""Cheshire"", ""region"": ""North West"", ""industry"": ""Social Care"", ""subRoute"": ""Skilled Worker"", ""townCity"": ""Altrincham"", ""organisationName"": ""Wyncourt Nursing Home LTD""}",139350,exact_unique
fe725c0653960e97f7e5cf51a3f2cd4a0a4a4a28573145c42d9ced85220aa681,"{""route"": ""Worker"", ""county"": ""Isle Of Wight"", ""region"": ""South East"", ""industry"": ""Hospitality"", ""subRoute"": ""Skilled Worker"", ""townCity"": ""Freshwater"", ""organisationName"": ""FALCONIOW LTD T/A Jaffran Indian Restaurant""}",43563,exact_unique
fe76250950b5f31c27825247fd27e2e93cdc9ce8cb6f8963a3a5f50b726d2445,"{""route"": ""Worker"", ""county"": """", ""region"": """", ""industry"": ""Other"", ""subRoute"": ""Skilled Worker"", ""townCity"": ""Preston"", ""organisationName"": ""APPLE SOCIAL CARE LTD""}",152890,exact_unique
fe94ac40abd24373ab686bdd062ebcbba580f5a744ddcfef5d9cec280a9c6397,"{""route"": ""Worker"", ""county"": """", ""region"": """", ""industry"": ""Social Care"", ""subRoute"": ""Skilled Worker"", ""townCity"": ""Birmingham"", ""organisationName"": ""Avatar SWH Limited T/a Selly Wood House Nursing Home""}",12690,exact_unique
fea54c8e0ca82d0fcec0cfcc6b5958b56f265d814109e7c4512d9ca4c321bd17,"{""route"": ""Worker"", ""county"": """", ""region"": """", ""industry"": ""Technology"", ""subRoute"": ""Skilled Worker"", ""townCity"": ""Kingston Upon Thames"", ""organisationName"": ""Dama Tech Ltd. trading as Trustful hands""}",155729,exact_unique
fedda6735058f23ead46adbb45e7a642821e4d648a8a3428e1a2e295387ce2ca,"{""route"": ""Worker"", ""county"": ""North West"", ""region"": """", ""industry"": ""Healthcare"", ""subRoute"": ""Skilled Worker"", ""townCity"": ""BLACKBURN"", ""organisationName"": ""Great Harwood Medical Group""}",51770,exact_unique
fee4591b04dae167645fdc1ea8f82497788539abe4ccbd476795f717b57297b4,"{""route"": ""Worker"", ""county"": """", ""region"": """", ""industry"": ""Other"", ""subRoute"": ""Skilled Worker"", ""townCity"": ""BURNHAM"", ""organisationName"": ""A.Q. SKIN SOLUTIONS LIMITED""}",145196,exact_unique
feef68544851a1deda97a5122cdbf1971981b4de1374420e4f0faa88faf313f0,"{""route"": ""Worker"", ""county"": ""Lancashire"", ""region"": ""North West"", ""industry"": ""Other"", ""subRoute"": ""International Sportsperson"", ""townCity"": ""Manchester"", ""organisationName"": ""Middleton Cricket Club""}",80381,exact_unique
fefc7a56e78e2bb65f7e67ad0b23bbd656c503d24d15d8e302f4bcd1eaf49296,"{""route"": ""Worker"", ""county"": ""merseyside"", ""region"": ""North West"", ""industry"": ""Healthcare"", ""subRoute"": ""Skilled Worker"", ""townCity"": ""Liverpool"", ""organisationName"": ""Dr Rez Dental""}",36513,exact_unique
ff0de1f19f854838db0023edd89988c491fcc63b74e3402ef233f0b8a5b3139f,"{""route"": ""Worker"", ""county"": ""UK"", ""region"": """", ""industry"": ""Education"", ""subRoute"": ""Skilled Worker"", ""townCity"": ""Wolverhampton"", ""organisationName"": ""Wolverhampton Girls' High School""}",138603,exact_unique
ff0e29f87db2cdec7ba504443877cec089745ea93e4ce1f82c12e5138982c65d,"{""route"": ""Worker"", ""county"": ""Buckinghamshire"", ""region"": ""South East"", ""industry"": ""Technology"", ""subRoute"": ""Skilled Worker"", ""townCity"": ""HIGH WYCOMBE"", ""organisationName"": ""Polymer Systems Technology Ltd""}",96397,exact_unique
ff693ae12840e00d65b6e567dfd220d620d9344dbc1adb01adf61752069b0932,"{""route"": ""Worker"", ""county"": ""Wirral"", ""region"": ""North West"", ""industry"": ""Public Services"", ""subRoute"": ""Skilled Worker"", ""townCity"": ""Birkenhead"", ""organisationName"": ""Wirral Community Health and Care NHS Foundation Trust""}",138319,exact_unique
ff7e66560f34b93ec298e827517be1fade1b197befbf09aac2f48c196140ba14,"{""route"": ""Worker"", ""county"": """", ""region"": """", ""industry"": ""Education"", ""subRoute"": ""Skilled Worker"", ""townCity"": ""Wembley"", ""organisationName"": ""Wembley Multi-Academy Trust""}",136811,exact_unique
ff98c44c8a352299668311107f12693dc27e256a2dccd43ade3834d15a04b2b3,"{""route"": ""Worker"", ""county"": """", ""region"": """", ""industry"": ""Healthcare"", ""subRoute"": ""Skilled Worker"", ""townCity"": ""London"", ""organisationName"": ""LAVIEL CLINIC""}",70977,exact_unique
ffdb9acd758fcf63fbc51b42bf64dc69bc6be3a0d1f3e070756c90696c1c510d,"{""route"": ""Worker"", ""county"": ""Glasgow"", ""region"": ""Scotland"", ""industry"": ""Healthcare"", ""subRoute"": ""Skilled Worker"", ""townCity"": ""Milngavie"", ""organisationName"": ""Avalon Veterinary Clinic Ltd""}",12631,exact_unique
ffe38ca2e2ad50a8c826f74c587e73cd89114244b4fe09565b7108915f7241cc,"{""route"": ""Worker"", ""county"": ""STAFFORDSHIRE"", ""region"": ""West Midlands"", ""industry"": ""Other"", ""subRoute"": ""Skilled Worker"", ""townCity"": ""Stafford"", ""organisationName"": ""A-Z MOTOR SPARES (STAFFORD) LIMITED""}",145119,exact_unique
ffe596373c9ed9845e3d41c8ef68be60b49f35255b30251c9d99b814520fc2e2,"{""route"": ""Worker"", ""county"": """", ""region"": """", ""industry"": ""Other"", ""subRoute"": ""Skilled Worker"", ""townCity"": ""Truro"", ""organisationName"": ""A2B Taxis (Truro) Limited""}",145303,exact_unique
fffe36e98a5c68fd9298a87cd723a47b5d6ef5c3579d946b325c64b46940b5ff,"{""route"": ""Worker"", ""county"": ""Middlesex"", ""region"": """", ""industry"": ""Healthcare"", ""subRoute"": ""Skilled Worker"", ""townCity"": ""Uxbridge"", ""organisationName"": ""Agfa Healthcare IT UK Limited""}",148211,exact_unique
