sponsor_licence_id,organisation_name,normalized_organisation_name,town_city,county,region,industry,route,sub_route,existing_website,existing_contact_email,existing_careers_url,official_website_url,website_confidence,website_evidence_url,source,notes
154167,B A International Solicitors Ltd,b a international solicitors ltd,London,,,Legal & Professional,Worker,Skilled Worker,https://chamsolicitors.com/,info@chamsolicitors.com,,,low,https://chamsolicitors.com/,existing_website+contact_email_domain,possible_lead_not_accepted:only_one_name_token_on_page_without_hostname_match:solicitors; attempt_count:2
154169,B A Williams Solicitors,b a williams solicitors,London,London,London,Legal & Professional,Worker,Skilled Worker,https://bawilliamssolicitors.com/,info@bawilliamssolicitors.com,,https://bawilliamssolicitors.com/,high,https://bawilliamssolicitors.com/,existing_website+contact_email_domain,name_tokens_on_page:williams+solicitors;location_on_page; attempt_count:1
154886,29 Stoney Street LLP,29 stoney street llp,Nottingham,,,Legal & Professional,Worker,Skilled Worker,http://mitchellwilde.com/,info@mitchellwilde.com,https://www.mitchellwilde.com/vacancies,https://www.mitchellwilde.com/,high,https://www.mitchellwilde.com/,existing_website+contact_email_domain+verified_company_site_source_host,name_tokens_on_page:stoney+street;location_on_page; attempt_count:1
154975,36 South Capital Advisors LLP,36 south capital advisors llp,London,,,Legal & Professional,Worker,Skilled Worker,https://36south.com,,,,unverified,,,no_first_party_identity_verified; attempt_count:1
154988,360 Law Group Limited,360 law group limited,Lightwater,Surrey,South East,Legal & Professional,Worker,Skilled Worker,https://www.360lawgroup.co.uk/,careers@360lawgroup.co.uk,https://www.360lawgroup.co.uk/join-our-team,https://www.360lawgroup.co.uk/,high,https://www.360lawgroup.co.uk/,existing_website+existing_careers_url_domain+company_site_existing_file,name_tokens_on_page:360+law;location_on_page; attempt_count:1
155170,4170 UK LLP,4170 uk llp,London,,,Legal & Professional,Worker,Skilled Worker,https://www.4170.trading/,careers@4170trading.com,https://www.4170.trading/careers,https://www.4170.trading/,medium,https://www.4170.trading/,existing_website+existing_careers_url_domain+company_site_existing_file,name_tokens_on_page:4170;name_tokens_on_host:4170; attempt_count:1
155171,4170 UK LLP,4170 uk llp,London,,,Legal & Professional,Worker,Skilled Worker,https://www.4170.trading/,careers@4170trading.com,https://www.4170.trading/careers,https://www.4170.trading/,medium,https://www.4170.trading/,existing_website+existing_careers_url_domain+company_site_existing_file,name_tokens_on_page:4170;name_tokens_on_host:4170; verified_domain_identity_cache_hit; attempt_count:1
155199,4C Hotels - Minories LLP,4c hotels minories llp,London,,,Legal & Professional,Worker,Skilled Worker,https://www.4chotels.co.uk,,,,unverified,,,no_first_party_identity_verified; attempt_count:1
155200,4C Hotels Victoria LLP,4c hotels victoria llp,London,,,Legal & Professional,Worker,Skilled Worker,https://4cgroup.co.uk/,enquiries@4chotels.co.uk,https://careers.4cgroup.co.uk/,,low,https://4cgroup.co.uk/,existing_website,possible_lead_not_accepted:only_one_name_token_on_page_without_hostname_match:hotels; attempt_count:3
155201,4C Hotels-Camden Lock LLP,4c hotels camden lock llp,London,,,Legal & Professional,Worker,Skilled Worker,https://hicamdenlock.co.uk/,,,,unverified,,,no_first_party_identity_verified; attempt_count:1
155443,90 North Real Estate Partners LLP,90 north real estate partners llp,London,,,Legal & Professional,Worker,Skilled Worker,https://90northgroup.com,info@90northgroup.com,,https://90northgroup.com/,high,https://90northgroup.com/,existing_website+contact_email_domain,name_tokens_on_page:north+real+estate;location_on_page; attempt_count:1
155596,A City Law Firm Ltd,a city law firm ltd,London,Greater London,London,Legal & Professional,Worker,Skilled Worker,https://acitylawfirm.com/,enquiries@acitylawfirm.com,,,unverified,,,no_first_party_identity_verified; attempt_count:2
155648,A J Jones & Co Legal Services Ltd,a j jones and co legal services ltd,London,,,Legal & Professional,Worker,Skilled Worker,https://www.ajjonessolicitors.com,[email protected],,,low,https://ajjonessolicitors.com/,existing_website,possible_lead_not_accepted:only_one_name_token_on_page_without_hostname_match:jones; attempt_count:2
155868,"A&M Capital Advisors Europe, LLP",a and m capital advisors europe llp,London,,,Legal & Professional,Worker,Skilled Worker,https://a-mcapital.com/,,,https://www.a-mcapital.com/,high,https://www.a-mcapital.com/,existing_website,name_tokens_on_page:capital+advisors+europe;location_on_page; attempt_count:1
156066,A1 Accountancy (Croydon) LLP,a1 accountancy croydon llp,Croydon,,,Legal & Professional,Worker,Skilled Worker,https://a1accountancy.co.uk/,info@a1accountancy.com,,,low,https://a1accountancy.co.uk/,existing_website,possible_lead_not_accepted:only_one_name_token_on_page_without_hostname_match:accountancy; attempt_count:2
156180,A3/C Partners LLP,a3 c partners llp,London,London,London,Legal & Professional,Worker,Skilled Worker,https://www.a3cpartners.com/,contact@a3cpartners.com,,,unverified,,,no_first_party_identity_verified; attempt_count:2
156236,AA Group - Legal Services,aa group legal services,SWINDON,,,Legal & Professional,Worker,Skilled Worker,https://aa-group-ltd.com/,[email protected],,,unverified,,,no_first_party_identity_verified; attempt_count:1
156313,AAB Business & Tax Advisory LLP,aab business and tax advisory llp,Aberdeen,,,Legal & Professional,Worker,Skilled Worker,https://aab.uk/,hello@aab.uk,https://aab.pinpointhq.com/,https://aab.uk/,high,https://aab.uk/,existing_website+contact_email_domain,name_tokens_on_page:aab+business+tax+advisory;name_tokens_on_host:aab; attempt_count:1; existing_careers_url_not_employer_domain; company_site_cache_url_not_employer_domain; company_site_source_host_not_eligible
156314,AAB Business & Tax Advisory LLP,aab business and tax advisory llp,Aberdeen,,,Legal & Professional,Worker,Skilled Worker,https://aab.uk/,hello@aab.uk,https://aab.pinpointhq.com/,https://aab.uk/,high,https://aab.uk/,existing_website+contact_email_domain,name_tokens_on_page:aab+business+tax+advisory;name_tokens_on_host:aab; verified_domain_identity_cache_hit; attempt_count:1; existing_careers_url_not_employer_domain; company_site_cache_url_not_employer_domain; company_site_source_host_not_eligible
156737,Abbott Solicitors LLP,abbott solicitors llp,Luton,BEDFORDSHIRE,East of England,Legal & Professional,Worker,Skilled Worker,,,,,unverified,,,no_first_party_identity_verified; attempt_count:1
157387,Accounting Solutions Manchester LLP,accounting solutions manchester llp,Salford,Greater Manchester,North West,Legal & Professional,Worker,Skilled Worker,,,,,unverified,,,no_first_party_identity_verified; attempt_count:0
157502,Acer Tree Investment Management LLP,acer tree investment management llp,London,,,Legal & Professional,Worker,Skilled Worker,,,,,unverified,,,no_first_party_identity_verified; attempt_count:0
157858,Acuity Professional Services Ltd,acuity professional services ltd,London,,,Legal & Professional,Worker,Skilled Worker,,,,,unverified,,,no_first_party_identity_verified; attempt_count:0
158007,Adamas Investment Holdings LLP,adamas investment holdings llp,London,,,Legal & Professional,Worker,Skilled Worker,,,,,unverified,,,no_first_party_identity_verified; attempt_count:1
158183,ADG Market Making LLP,adg market making llp,London,,,Legal & Professional,Worker,Skilled Worker,https://www.adg.io/,info@adg.io,https://www.adg.io/careers,https://www.adg.io/,medium,https://www.adg.io/,existing_website+existing_careers_url_domain+company_site_existing_file,name_tokens_on_page:adg;name_tokens_on_host:adg; attempt_count:1
158319,ADPL LLP,adpl llp,London,,,Legal & Professional,Worker,Skilled Worker,https://accountingdirectplus.com,info@accountingdirectplus.com,,,low,https://accountingdirectplus.com/,existing_website+contact_email_domain,possible_lead_not_accepted:only_one_name_token_on_page_without_hostname_match:adpl; attempt_count:2
158735,AEW UK Investment Management LLP,aew uk investment management llp,London,,,Legal & Professional,Worker,Skilled Worker,,,,,unverified,,,no_first_party_identity_verified; attempt_count:1
160348,Alantra Corporate Finance LLP,alantra corporate finance llp,Birmingham,,,Legal & Professional,Worker,Skilled Worker,,,,https://www.alantra.com/,high,https://www.alantra.com/,SponsorList,name_tokens_on_page:alantra+corporate;name_tokens_on_host:alantra; attempt_count:1
160919,Alken Finance LLP,alken finance llp,London,,,Legal & Professional,Worker,Skilled Worker,,,,,unverified,,,no_first_party_identity_verified; attempt_count:1
161583,Alston & Bird LLP,alston and bird llp,London,,,Legal & Professional,Worker,Global Business Mobility: Senior or Specialist Worker,,,,https://www.alston.com/,high,https://www.alston.com/,SponsorList,name_tokens_on_page:alston+bird;name_tokens_on_host:alston; attempt_count:1
162398,AMPA Holdings LLP,ampa holdings llp,Birmingham,,,Legal & Professional,Worker,Skilled Worker,,,,https://ampa.co.uk/,medium,https://ampa.co.uk/,SponsorList,name_tokens_on_page:ampa;name_tokens_on_host:ampa; attempt_count:1
163934,AQR Capital Management (Europe) LLP,aqr capital management europe llp,London,,,Legal & Professional,Worker,Global Business Mobility: Senior or Specialist Worker,,,,,unverified,,,no_first_party_identity_verified; attempt_count:1
165012,Artemis Investment Management LLP,artemis investment management llp,London,,,Legal & Professional,Worker,Skilled Worker,,,,https://www.artemisfunds.com/,medium,https://www.artemisfunds.com/,SponsorList,name_tokens_on_page:artemis+investment+management; attempt_count:1
166434,Athlone Investment Management LLP,athlone investment management llp,LONDON,,,Legal & Professional,Worker,Skilled Worker,,,,,unverified,,,no_first_party_identity_verified; attempt_count:1
166849,Aura Financial LLP,aura financial llp,London,,,Legal & Professional,Worker,Skilled Worker,,,,https://www.aura-financial.com/,high,https://www.aura-financial.com/,SponsorList,name_tokens_on_page:aura+financial;name_tokens_on_host:aura+financial;location_on_page; attempt_count:1
166851,Aura Hexaa LLP,aura hexaa llp,London,,,Legal & Professional,Worker,Skilled Worker,,,,,unverified,,,no_first_party_identity_verified; attempt_count:1
167838,B&P Tax Legal Finance LLP,b and p tax legal finance llp,London,,,Legal & Professional,Worker,Skilled Worker,,,,,low,https://belluzzo.net/en/home/international,SponsorList,possible_lead_not_accepted:only_one_name_token_on_page_without_hostname_match:tax; attempt_count:1
168300,Balance Legal Capital LLP,balance legal capital llp,London,,,Legal & Professional,Worker,Skilled Worker,,,,https://www.balancelegalcapital.com/,medium,https://www.balancelegalcapital.com/,SponsorList,name_tokens_on_page:balance+capital; attempt_count:1
168977,Barony Castle LLP,barony castle llp,Eddleston,Scottish Borders,Scotland,Legal & Professional,Worker,Skilled Worker,,,,,unverified,,,no_first_party_identity_verified; attempt_count:0
172089,Blacks Solicitors LLP,blacks solicitors llp,Leeds,,,Legal & Professional,Worker,Skilled Worker,,,,,unverified,,,no_first_party_identity_verified; attempt_count:1
172104,BLACKSTONE LEGAL SERVICES LIMITED,blackstone legal services limited,London,,,Legal & Professional,Worker,Skilled Worker,,,,,unverified,,,no_first_party_identity_verified; attempt_count:1
172578,BLUE WATER ENERGY LLP,blue water energy llp,London,EMEA,,Legal & Professional,Worker,Skilled Worker,https://www.bluewaterenergy.com,info@bluewaterenergy.com,,https://www.bluewaterpe.com/,medium,https://www.bluewaterpe.com/,SponsorList,name_tokens_on_page:blue+water+energy; attempt_count:3
173582,Bower Cotton Hamilton LLP,bower cotton hamilton llp,London,,,Legal & Professional,Worker,Skilled Worker,,,,https://bowercotton.co.uk/,high,https://bowercotton.co.uk/,SponsorList,name_tokens_on_page:bower+cotton+hamilton;location_on_page; attempt_count:1
173713,Braavos Investment Advisers LLP,braavos investment advisers llp,London,,,Legal & Professional,Worker,Skilled Worker,,,,,unverified,,,no_first_party_identity_verified; attempt_count:0
173714,Braavos Investment Advisers LLP,braavos investment advisers llp,London,,,Legal & Professional,Worker,Skilled Worker,,,,,unverified,,,no_first_party_identity_verified; attempt_count:0
176123,Byrd Link Audit & Accountancy Services Limited,byrd link audit and accountancy services limited,Cheltenham,,,Legal & Professional,Worker,Skilled Worker,,,,https://www.byrdlink.co.uk/,high,https://www.byrdlink.co.uk/,SponsorList,name_tokens_on_page:byrd+link+audit+accountancy;location_on_page; attempt_count:1
177334,Capital Markets Trading UK LLP,capital markets trading uk llp,London,,,Legal & Professional,Worker,Skilled Worker,,,,https://www.capitalmarketstrading.com/,medium,https://www.capitalmarketstrading.com/,SponsorList,name_tokens_on_page:capital+markets+trading; attempt_count:1
177428,Capstone Investment Advisors  (UK) LLP,capstone investment advisors uk llp,London,,,Legal & Professional,Worker,Global Business Mobility: Senior or Specialist Worker,,,,https://www.capstoneco.com/,medium,https://www.capstoneco.com/,SponsorList,name_tokens_on_page:capstone+investment; attempt_count:1
177429,Capstone Investment Advisors  (UK) LLP,capstone investment advisors uk llp,London,,,Legal & Professional,Worker,Global Business Mobility: Senior or Specialist Worker,,,,https://www.capstoneco.com/,medium,https://www.capstoneco.com/,SponsorList,name_tokens_on_page:capstone+investment; verified_domain_identity_cache_hit; attempt_count:1
178308,CASM Technology LLP,casm technology llp,London,,,Legal & Professional,Worker,Skilled Worker,,,,,low,https://www.casmtechnology.com/,SponsorList,possible_lead_not_accepted:only_one_name_token_on_page_without_hostname_match:casm; attempt_count:1
178585,Cavendish Corporate Finance LLP,cavendish corporate finance llp,London,,,Legal & Professional,Worker,Skilled Worker,,,,,unverified,,,no_first_party_identity_verified; attempt_count:1
178748,CD&R LLP,cd and r llp,London,,,Legal & Professional,Worker,Skilled Worker,,,,,unverified,,,no_first_party_identity_verified; attempt_count:0
179090,Central Health London LLP,central health london llp,London,,,Legal & Professional,Worker,Skilled Worker,,,,,unverified,,,no_first_party_identity_verified; attempt_count:0
179091,Central Health London LLP,central health london llp,London,,,Legal & Professional,Worker,Skilled Worker,,,,,unverified,,,no_first_party_identity_verified; attempt_count:0
179263,Cerberus European Capital Advisors LLP,cerberus european capital advisors llp,London,,,Legal & Professional,Worker,Skilled Worker,,,,,unverified,,,no_first_party_identity_verified; attempt_count:0
180007,Cheeswrights LLP,cheeswrights llp,London,,,Legal & Professional,Worker,Skilled Worker,,,,,unverified,,,no_first_party_identity_verified; attempt_count:0
180776,CHRIS DYSON ARCHITECTS LLP,chris dyson architects llp,LONDON,,,Legal & Professional,Worker,Skilled Worker,,,,,unverified,,,no_first_party_identity_verified; attempt_count:1
182020,Clearwater Corporate Finance LLP,clearwater corporate finance llp,Birmingham,,,Legal & Professional,Worker,Skilled Worker,,,,,unverified,,,no_first_party_identity_verified; attempt_count:0
182021,Clearwater Corporate Finance LLP,clearwater corporate finance llp,Birmingham,,,Legal & Professional,Worker,Skilled Worker,,,,,unverified,,,no_first_party_identity_verified; attempt_count:0
184246,Cooper Tarry Partners LLP,cooper tarry partners llp,Canterbury,,,Legal & Professional,Worker,Skilled Worker,,,,,unverified,,,no_first_party_identity_verified; attempt_count:0
184366,Cordiant Digital Infrastructure Management LLP,cordiant digital infrastructure management llp,London,Select,,Legal & Professional,Worker,Skilled Worker,,,,,unverified,,,no_first_party_identity_verified; attempt_count:0
184990,COW PR LLP,cow pr llp,London,Shoreditch,,Legal & Professional,Worker,Skilled Worker,,,,,low,https://www.thisiscow.com/,SponsorList,possible_lead_not_accepted:only_one_name_token_on_page_without_hostname_match:cow; attempt_count:1
185098,CQS (UK) LLP,cqs uk llp,London,,,Legal & Professional,Worker,Global Business Mobility: Senior or Specialist Worker,,,,,unverified,,,no_first_party_identity_verified; attempt_count:1
185171,Crake Asset Management LLP,crake asset management llp,London,,,Legal & Professional,Worker,Skilled Worker,,,,,unverified,,,no_first_party_identity_verified; attempt_count:1
185223,"Cravath, Swaine & Moore LLP",cravath swaine and moore llp,London,,,Legal & Professional,Worker,Global Business Mobility: Senior or Specialist Worker,,,,https://www.cravath.com/,high,https://www.cravath.com/,SponsorList,name_tokens_on_page:cravath+swaine+moore;name_tokens_on_host:cravath; attempt_count:1
186041,Ct Global Freight Audit Ltd,ct global freight audit ltd,Birmingham,Warwickshire,West Midlands,Legal & Professional,Worker,Skilled Worker,,,,,unverified,,,no_first_party_identity_verified; attempt_count:1
187669,"Davidson Kempner European Partners, LLP",davidson kempner european partners llp,London,,,Legal & Professional,Worker,Global Business Mobility: Senior or Specialist Worker,,,,,unverified,,,no_first_party_identity_verified; attempt_count:0
188038,Dechert LLP,dechert llp,London,,,Legal & Professional,Worker,Global Business Mobility: Senior or Specialist Worker,,,,,unverified,,,no_first_party_identity_verified; attempt_count:1
188231,Delancey Investment Advisory Services Limited,delancey investment advisory services limited,London,,,Legal & Professional,Worker,Skilled Worker,,,,https://delancey.com/,high,https://delancey.com/,SponsorList,name_tokens_on_page:delancey+investment+advisory;name_tokens_on_host:delancey;location_on_page; attempt_count:1
188237,Delaware Digital LLP,delaware digital llp,London,,,Legal & Professional,Worker,Skilled Worker,,,,https://www.delaware.co.uk/,high,https://www.delaware.co.uk/en-gb,SponsorList,name_tokens_on_page:delaware+digital;name_tokens_on_host:delaware; attempt_count:1
188613,Dentons Europe LLP,dentons europe llp,London,,,Legal & Professional,Worker,Global Business Mobility: Senior or Specialist Worker,,,,,unverified,,,no_first_party_identity_verified; attempt_count:0
188944,Deutsche Finance International LLP,deutsche finance international llp,London,,,Legal & Professional,Worker,Skilled Worker,,,,,unverified,,,no_first_party_identity_verified; attempt_count:0
190199,DLA Piper UK LLP,dla piper uk llp,London,,,Legal & Professional,Worker,Global Business Mobility: Senior or Specialist Worker,,,,,unverified,,,no_first_party_identity_verified; attempt_count:0
193069,Ecovis Wingrave Yeats LLP,ecovis wingrave yeats llp,London,,,Legal & Professional,Worker,Skilled Worker,,,,,unverified,,,no_first_party_identity_verified; attempt_count:1
193187,EDGBASTON INVESTMENT PARTNERS LLP,edgbaston investment partners llp,LONDON,,,Legal & Professional,Worker,Skilled Worker,,,,https://www.edgbastonip.com/,high,https://www.edgbastonip.com/,SponsorList,name_tokens_on_page:edgbaston+investment;location_on_page; attempt_count:1
194924,ENA Investment Capital LLP,ena investment capital llp,London,,,Legal & Professional,Worker,Skilled Worker,,,,,unverified,,,no_first_party_identity_verified; attempt_count:1
195195,ENGI PRO (ENGINEERING PROFESSIONAL SERVICES) LIMITED,engi pro engineering professional services limited,Rayleigh,,,Legal & Professional,Worker,Skilled Worker,,,,,unverified,,,no_first_party_identity_verified; attempt_count:1
195893,Ergotec Health LLP,ergotec health llp,London,,,Legal & Professional,Worker,Skilled Worker,,,,,low,https://www.ergotechealth.co.uk/,SponsorList,possible_lead_not_accepted:only_one_name_token_on_page_without_hostname_match:ergotec; attempt_count:1
196876,Evergreen Investment Advisors (UK) LLP,evergreen investment advisors uk llp,London,,,Legal & Professional,Worker,Global Business Mobility: Senior or Specialist Worker,,,,,unverified,,,no_first_party_identity_verified; attempt_count:0
196877,Evergreen Investment Advisors (UK) LLP,evergreen investment advisors uk llp,London,,,Legal & Professional,Worker,Global Business Mobility: Senior or Specialist Worker,,,,,unverified,,,no_first_party_identity_verified; attempt_count:0
198576,FaulknerBrowns LLP,faulknerbrowns llp,Newcastle upon Tyne,,,Legal & Professional,Worker,Skilled Worker,,,,https://faulknerbrowns.com/,high,https://faulknerbrowns.com/,SponsorList,name_tokens_on_page:faulknerbrowns;name_tokens_on_host:faulknerbrowns;location_on_page; attempt_count:1
199186,Financial Advisory Services Limited,financial advisory services limited,London,,,Legal & Professional,Worker,Skilled Worker,,,,,unverified,,,no_first_party_identity_verified; attempt_count:0
199197,Financial Services Capital Partners LLP,financial services capital partners llp,Fitzrovia,London,London,Legal & Professional,Worker,Skilled Worker,,,,,unverified,,,no_first_party_identity_verified; attempt_count:0
200596,Foot Anstey LLP,foot anstey llp,Plymouth,DEVON,South West,Legal & Professional,Worker,Skilled Worker,,,,https://www.footanstey.com/,high,https://www.footanstey.com/,SponsorList,name_tokens_on_page:foot+anstey;location_on_page; attempt_count:1
200868,Forsters LLP,forsters llp,LONDON,,,Legal & Professional,Worker,Skilled Worker,,,,https://www.forsters.co.uk/,high,https://www.forsters.co.uk/,SponsorList,name_tokens_on_page:forsters;name_tokens_on_host:forsters;location_on_page; attempt_count:1
201184,Fox Williams LLP,fox williams llp,London,,,Legal & Professional,Worker,Skilled Worker,,,,https://www.foxwilliams.com/,medium,https://www.foxwilliams.com/,SponsorList,name_tokens_on_page:fox+williams; attempt_count:1
201626,Freshstream Investment Partners LLP,freshstream investment partners llp,London,,,Legal & Professional,Worker,Skilled Worker,,,,https://freshstream.com/,high,https://freshstream.com/,SponsorList,name_tokens_on_page:freshstream+investment;name_tokens_on_host:freshstream;location_on_page; attempt_count:1
201977,Fulcrum Asset Management LLP,fulcrum asset management llp,London,,,Legal & Professional,Worker,Skilled Worker,,,,https://fulcrumasset.com/,high,https://fulcrumasset.com/,SponsorList,name_tokens_on_page:fulcrum+asset+management;location_on_page; attempt_count:1
203472,Generation Investment Management LLP,generation investment management llp,London,,,Legal & Professional,Worker,Global Business Mobility: Senior or Specialist Worker,,,,,unverified,,,no_first_party_identity_verified; attempt_count:1
203473,Generation Investment Management LLP,generation investment management llp,London,,,Legal & Professional,Worker,Global Business Mobility: Senior or Specialist Worker,,,,,unverified,,,no_first_party_identity_verified; attempt_count:1
203510,"Genesis Investment Management, LLP",genesis investment management llp,London,,,Legal & Professional,Worker,Skilled Worker,,,,,unverified,,,no_first_party_identity_verified; attempt_count:1
204669,Global Gate Capital Partners (UK) LLP,global gate capital partners uk llp,London,,,Legal & Professional,Worker,Global Business Mobility: Senior or Specialist Worker,,,,,unverified,,,no_first_party_identity_verified; attempt_count:0
204670,Global Gate Capital Partners (UK) LLP,global gate capital partners uk llp,London,,,Legal & Professional,Worker,Global Business Mobility: Senior or Specialist Worker,,,,,unverified,,,no_first_party_identity_verified; attempt_count:0
206668,"Greenberg Traurig, LLP",greenberg traurig llp,London,,,Legal & Professional,Worker,Global Business Mobility: Senior or Specialist Worker,,,,https://www.gtlaw.com/,high,https://www.gtlaw.com/,SponsorList,name_tokens_on_page:greenberg+traurig;location_on_page; attempt_count:1
209505,Hausfeld & Co LLP,hausfeld and co llp,London,,,Legal & Professional,Worker,Skilled Worker,,,,,unverified,,,no_first_party_identity_verified; attempt_count:0
209506,Hausfeld & Co LLP,hausfeld and co llp,London,,,Legal & Professional,Worker,Skilled Worker,,,,,unverified,,,no_first_party_identity_verified; attempt_count:0
210168,HEATHROW MEDICAL SERVICES LLP,heathrow medical services llp,LONDON,MIDDLESEX,,Legal & Professional,Worker,Skilled Worker,,,,,low,https://www.heathrowmedical.com/,SponsorList,possible_lead_not_accepted:only_one_name_token_on_page_without_hostname_match:heathrow; attempt_count:1
210318,Helios Investment Partners LLP,helios investment partners llp,London,,,Legal & Professional,Worker,Skilled Worker,,,,,unverified,,,no_first_party_identity_verified; attempt_count:0
212605,House and Jackson LLP,house and jackson llp,Ingatestone,Essex,East of England,Legal & Professional,Worker,Skilled Worker,,,,https://www.houseandjackson.co.uk/,high,https://www.houseandjackson.co.uk/,SponsorList,name_tokens_on_page:house+jackson;location_on_page; attempt_count:1
212787,HPS Investment Partners (UK) LLP,hps investment partners uk llp,London,,,Legal & Professional,Worker,Global Business Mobility: Senior or Specialist Worker,,,,https://www.hpspartners.com/,medium,https://www.hpspartners.com/,SponsorList,name_tokens_on_page:hps+investment; attempt_count:1
212788,HPS Investment Partners (UK) LLP,hps investment partners uk llp,London,,,Legal & Professional,Worker,Global Business Mobility: Senior or Specialist Worker,,,,https://www.hpspartners.com/,medium,https://www.hpspartners.com/,SponsorList,name_tokens_on_page:hps+investment; verified_domain_identity_cache_hit; attempt_count:1
213049,Hugh-Jones LLP,hugh jones llp,London,,,Legal & Professional,Worker,Skilled Worker,https://www.hughjonessolicitors.co.uk/,,https://www.hughjonessolicitors.co.uk/careers,https://www.hughjonessolicitors.co.uk/,medium,https://www.hughjonessolicitors.co.uk/,existing_website+existing_careers_url_domain+company_site_existing_file,name_tokens_on_page:hugh+jones; attempt_count:1
215032,Independent Franchise Partners LLP,independent franchise partners llp,London,"London,City of",,Legal & Professional,Worker,Skilled Worker,,,,,unverified,,,no_first_party_identity_verified; attempt_count:1
217781,J & S LAW FIRM LTD,j and s law firm ltd,London,,,Legal & Professional,Worker,Skilled Worker,,,,https://jslawfirm.co.uk/,high,https://jslawfirm.co.uk/,SponsorList,name_tokens_on_page:law+firm;location_on_page; attempt_count:1
218148,Jacobs Holding LLP,jacobs holding llp,London,,,Legal & Professional,Worker,Global Business Mobility: Senior or Specialist Worker,,,,,unverified,,,no_first_party_identity_verified; attempt_count:0
218462,Jamieson Corporate Finance LLP,jamieson corporate finance llp,London,County,,Legal & Professional,Worker,Skilled Worker,,,,,unverified,,,no_first_party_identity_verified; attempt_count:0
220070,JP Private Clients 2019 LLP,jp private clients 2019 llp,Cardiff,,,Legal & Professional,Worker,Skilled Worker,,,,,unverified,,,no_first_party_identity_verified; attempt_count:0
222781,Kinetix Corporate Finance LLP,kinetix corporate finance llp,Oxford,Oxfordshire,South East,Legal & Professional,Worker,Skilled Worker,,,,https://www.kinetixcf.com/,high,https://www.kinetixcf.com/,SponsorList,name_tokens_on_page:kinetix+corporate;location_on_page; attempt_count:1
223020,KINGSTON TECHNOLOGY EUROPE CO LLP,kingston technology europe co llp,SUNBURY ON THAMES,,,Legal & Professional,Worker,Global Business Mobility: Senior or Specialist Worker,,,,,unverified,,,no_first_party_identity_verified; attempt_count:1
223021,KINGSTON TECHNOLOGY EUROPE CO LLP,kingston technology europe co llp,SUNBURY ON THAMES,,,Legal & Professional,Worker,Global Business Mobility: Senior or Specialist Worker,,,,,unverified,,,no_first_party_identity_verified; attempt_count:1
224735,L1 Health (UK) LLP,l1 health uk llp,London,,,Legal & Professional,Worker,Skilled Worker,,,,,unverified,,,no_first_party_identity_verified; attempt_count:0
225636,Lavender Medical Limited,lavender medical limited,Letchworth Garden City,Hertfordshire,East of England,Legal & Professional,Worker,Skilled Worker,,,,,unverified,,,no_first_party_identity_verified; attempt_count:1
226484,LetterOne Technology (UK) LLP,letterone technology uk llp,London,,,Legal & Professional,Worker,Skilled Worker,,,,,unverified,,,no_first_party_identity_verified; attempt_count:0
226563,Lewis Silkin LLP,lewis silkin llp,London,,,Legal & Professional,Temporary Worker,Creative Worker,,,,,unverified,,,no_first_party_identity_verified; attempt_count:0
227245,Lingotto Investment Management LLP,lingotto investment management llp,London,,,Legal & Professional,Worker,Global Business Mobility: Senior or Specialist Worker,,,,,unverified,,,no_first_party_identity_verified; attempt_count:0
227246,Lingotto Investment Management LLP,lingotto investment management llp,London,,,Legal & Professional,Worker,Global Business Mobility: Senior or Specialist Worker,,,,,unverified,,,no_first_party_identity_verified; attempt_count:0
228224,LONDON ACCOUNTING FIRM LTD,london accounting firm ltd,London,England,,Legal & Professional,Worker,Skilled Worker,,,,,unverified,,,no_first_party_identity_verified; attempt_count:1
230648,Magen Financial LLP,magen financial llp,London,,,Legal & Professional,Worker,Skilled Worker,,,,,unverified,,,no_first_party_identity_verified; attempt_count:1
230720,Magnetar Financial (UK) LLP,magnetar financial uk llp,London,,,Legal & Professional,Worker,Skilled Worker,,,,,unverified,,,no_first_party_identity_verified; attempt_count:0
230721,Magnetar Financial (UK) LLP,magnetar financial uk llp,London,,,Legal & Professional,Worker,Skilled Worker,,,,,unverified,,,no_first_party_identity_verified; attempt_count:0
231264,Man Capital LLP,man capital llp,London,,,Legal & Professional,Worker,Global Business Mobility: Senior or Specialist Worker,,,,,unverified,,,no_first_party_identity_verified; attempt_count:1
231265,Man Capital LLP,man capital llp,London,,,Legal & Professional,Worker,Global Business Mobility: Senior or Specialist Worker,,,,,unverified,,,no_first_party_identity_verified; attempt_count:1
231868,Maria Stolbova's Rhythmic Gymnastics Academy LLP,maria stolbova s rhythmic gymnastics academy llp,London,,,Legal & Professional,Worker,International Sportsperson,,,,https://www.centrum-gymnastics.com/,high,https://www.centrum-gymnastics.com/,SponsorList,name_tokens_on_page:maria+stolbova+rhythmic+gymnastics+academy;name_tokens_on_host:gymnastics;location_on_page; attempt_count:1
231885,Mariana UFP LLP,mariana ufp llp,London,,,Legal & Professional,Worker,Global Business Mobility: Senior or Specialist Worker,,,,https://marianaufp.com/,high,https://marianaufp.com/,SponsorList,name_tokens_on_page:mariana+ufp;location_on_page; attempt_count:1
233014,Mayfair Equity Partners LLP,mayfair equity partners llp,London,London,London,Legal & Professional,Worker,Skilled Worker,,,,,unverified,,,no_first_party_identity_verified; attempt_count:1
233224,MCAP Global Finance (UK) LLP,mcap global finance uk llp,London,,,Legal & Professional,Worker,Global Business Mobility: Senior or Specialist Worker,,,,,unverified,,,no_first_party_identity_verified; attempt_count:0
233225,MCAP Global Finance (UK) LLP,mcap global finance uk llp,London,,,Legal & Professional,Worker,Global Business Mobility: Senior or Specialist Worker,,,,,unverified,,,no_first_party_identity_verified; attempt_count:0
233702,MEDICAL & PROFESSIONAL SERVICES LIMITED T/A  MAPS MEDICAL,medical and professional services limited t a maps medical,LONDON,,,Legal & Professional,Worker,Skilled Worker,,,,,unverified,,,no_first_party_identity_verified; attempt_count:1
235197,Midmar Capital LLP,midmar capital llp,EDINBURGH,,,Legal & Professional,Worker,Skilled Worker,,,,https://midmarcapital.com/,high,https://midmarcapital.com/,SponsorList,name_tokens_on_page:midmar+capital;location_on_page; attempt_count:1
235446,Miller Insurance Services LLP,miller insurance services llp,London,,,Legal & Professional,Worker,Skilled Worker,,,,,unverified,,,no_first_party_identity_verified; attempt_count:0
235447,Miller Insurance Services LLP,miller insurance services llp,London,,,Legal & Professional,Worker,Skilled Worker,,,,,unverified,,,no_first_party_identity_verified; attempt_count:0
236302,MLL LEGAL LLP,mll legal llp,London,London,London,Legal & Professional,Worker,Global Business Mobility: Senior or Specialist Worker,,,,,unverified,,,no_first_party_identity_verified; attempt_count:1
237179,Moore Kingston Smith LLP,moore kingston smith llp,London,,,Legal & Professional,Worker,Skilled Worker,,,,https://mooreks.co.uk/,high,https://mooreks.co.uk/,SponsorList,name_tokens_on_page:moore+kingston+smith;location_on_page; attempt_count:1
240490,NEO Investment Partners LLP,neo investment partners llp,London,,,Legal & Professional,Worker,Skilled Worker,,,,,unverified,,,no_first_party_identity_verified; attempt_count:0
240993,New Financial Forum LLP,new financial forum llp,London,,,Legal & Professional,Worker,Skilled Worker,,,,,unverified,,,no_first_party_identity_verified; attempt_count:0
242701,Nordic Capital Investment Advisory LLP,nordic capital investment advisory llp,London,,,Legal & Professional,Worker,Global Business Mobility: Senior or Specialist Worker,,,,,unverified,,,no_first_party_identity_verified; attempt_count:1
242702,Nordic Capital Investment Advisory LLP,nordic capital investment advisory llp,London,,,Legal & Professional,Worker,Global Business Mobility: Senior or Specialist Worker,,,,,unverified,,,no_first_party_identity_verified; attempt_count:1
243348,NovaCore Capital LLP,novacore capital llp,London,,,Legal & Professional,Worker,Skilled Worker,,,,,unverified,,,no_first_party_identity_verified; attempt_count:1
248814,Pembroke Investment Managers LLP,pembroke investment managers llp,London,,,Legal & Professional,Worker,Skilled Worker,,,,,unverified,,,no_first_party_identity_verified; attempt_count:1
250945,Plum Consulting London LLP,plum consulting london llp,London,,,Legal & Professional,Worker,Skilled Worker,,,,https://plumconsulting.co.uk/,high,https://plumconsulting.co.uk/,SponsorList,name_tokens_on_page:plum+consulting+london;location_on_page; attempt_count:1
250970,Plurimi Wealth LLP,plurimi wealth llp,London,,,Legal & Professional,Worker,Skilled Worker,,,,,unverified,,,no_first_party_identity_verified; attempt_count:1
250999,Pluto Finance (UK) LLP,pluto finance uk llp,London,,,Legal & Professional,Worker,Skilled Worker,,,,,unverified,,,no_first_party_identity_verified; attempt_count:1
252779,Prism Financial Products LLP,prism financial products llp,London,,,Legal & Professional,Worker,Global Business Mobility: Senior or Specialist Worker,,,,,unverified,,,no_first_party_identity_verified; attempt_count:0
252780,Prism Financial Products LLP,prism financial products llp,London,,,Legal & Professional,Worker,Global Business Mobility: Senior or Specialist Worker,,,,,unverified,,,no_first_party_identity_verified; attempt_count:0
253219,Promeritum Investment Management LLP,promeritum investment management llp,London,,,Legal & Professional,Worker,Skilled Worker,,,,,unverified,,,no_first_party_identity_verified; attempt_count:0
297360,High Ground Investment Management LLP,high ground investment management llp,London,,,Legal & Professional,Worker,Skilled Worker,,,,https://www.hgim.co.uk/,high,https://www.hgim.co.uk/,SponsorList,name_tokens_on_page:high+ground+investment+management;location_on_page; attempt_count:1
299089,On Field Investment Research LLP,on field investment research llp,London,,,Legal & Professional,Worker,Skilled Worker,,,,https://onfieldresearch.com/,high,https://onfieldresearch.com/,SponsorList,name_tokens_on_page:field+investment+research;location_on_page; attempt_count:1
299514,Open Health Communications LLP,open health communications llp,Marlow,Buckinghamshire,South East,Legal & Professional,Worker,Skilled Worker,,,,https://careers.openhealthgroup.com/,medium,https://careers.openhealthgroup.com/,verified_company_site_source_host,name_tokens_on_page:open+communications; attempt_count:1
299515,Open Health Communications LLP,open health communications llp,Marlow,Buckinghamshire,South East,Legal & Professional,Worker,Skilled Worker,,,,https://careers.openhealthgroup.com/,medium,https://careers.openhealthgroup.com/,verified_company_site_source_host,name_tokens_on_page:open+communications; verified_domain_identity_cache_hit; attempt_count:1
299807,Opus Corporate Finance LLP,opus corporate finance llp,London,,,Legal & Professional,Worker,Skilled Worker,,,,,unverified,,,no_first_party_identity_verified; attempt_count:1
300739,Oxford Investment Consultants LLP,oxford investment consultants llp,Oxford,,,Legal & Professional,Worker,Skilled Worker,,,,,unverified,,,no_first_party_identity_verified; attempt_count:1
301306,Palladian Investment Partners LLP,palladian investment partners llp,London,,,Legal & Professional,Worker,Skilled Worker,,,,,unverified,,,no_first_party_identity_verified; attempt_count:0
301979,Prytania Investment Advisors LLP,prytania investment advisors llp,London,,,Legal & Professional,Worker,Skilled Worker,,,,,unverified,,,no_first_party_identity_verified; attempt_count:0
305938,RELIANCE PROFESSIONAL SERVICES LTD,reliance professional services ltd,London,United Kingdom,,Legal & Professional,Worker,Skilled Worker,,,,,unverified,,,no_first_party_identity_verified; attempt_count:1
307621,RM Accountant Services Ltd,rm accountant services ltd,Rochdale,,,Legal & Professional,Worker,Skilled Worker,,,,,unverified,,,no_first_party_identity_verified; attempt_count:1
309276,Running Hare Investment Management LLP,running hare investment management llp,Birmingham,,,Legal & Professional,Worker,Skilled Worker,,,,,unverified,,,no_first_party_identity_verified; attempt_count:0
311106,Sanarus Investment Management LLP,sanarus investment management llp,London,,,Legal & Professional,Worker,Skilled Worker,,,,,unverified,,,no_first_party_identity_verified; attempt_count:0
313648,SFM UK Management LLP,sfm uk management llp,London,,,Legal & Professional,Worker,Skilled Worker,,,,https://sfmukmgmt.com/,medium,https://sfmukmgmt.com/,SponsorList,name_tokens_on_page:sfm+management; attempt_count:1
316892,Smart Accounting & Tax Solutions LLP,smart accounting and tax solutions llp,Oxted,Surrey,South East,Legal & Professional,Worker,Skilled Worker,,,,,unverified,,,no_first_party_identity_verified; attempt_count:0
318094,Song Capital LLP,song capital llp,London,,,Legal & Professional,Worker,Skilled Worker,,,,https://www.songcap.co.uk/,high,https://www.songcap.co.uk/,SponsorList,name_tokens_on_page:song+capital;location_on_page; attempt_count:1
318784,Spark Digital Trading (UK) LLP,spark digital trading uk llp,London,,,Legal & Professional,Worker,Global Business Mobility: UK Expansion Worker,,,,,unverified,,,no_first_party_identity_verified; attempt_count:0
318785,Spark Digital Trading (UK) LLP,spark digital trading uk llp,London,,,Legal & Professional,Worker,Global Business Mobility: UK Expansion Worker,,,,,unverified,,,no_first_party_identity_verified; attempt_count:0
324109,Synergy Construction and Property Consultants LLP,synergy construction and property consultants llp,Guildford,Surrey,South East,Legal & Professional,Worker,Skilled Worker,,,,,unverified,,,no_first_party_identity_verified; attempt_count:0
324291,T & K Accountancy LLP,t and k accountancy llp,Carshalton,Surrey,South East,Legal & Professional,Worker,Skilled Worker,,,,,unverified,,,no_first_party_identity_verified; attempt_count:1
324538,Taconic Capital Advisors UK LLP,taconic capital advisors uk llp,London,,,Legal & Professional,Worker,Skilled Worker,,,,,unverified,,,no_first_party_identity_verified; attempt_count:1
324896,TAMSONS ACCOUNTING & TAX CONSULTANCY LTD,tamsons accounting and tax consultancy ltd,Orpington,Kent,South East,Legal & Professional,Worker,Skilled Worker,,,,,unverified,,,no_first_party_identity_verified; attempt_count:0
325823,"Technology Crossover Ventures UK, LLP",technology crossover ventures uk llp,London,,,Legal & Professional,Worker,Skilled Worker,,,,,unverified,,,no_first_party_identity_verified; attempt_count:1
325824,"Technology Crossover Ventures UK, LLP",technology crossover ventures uk llp,London,,,Legal & Professional,Worker,Skilled Worker,,,,,unverified,,,no_first_party_identity_verified; attempt_count:1
329191,The Money Map (Financial Navigation)LLP,the money map financial navigation llp,SHEFFIELD,South Yorkshire,Yorkshire and the Humber,Legal & Professional,Worker,Skilled Worker,,,,,unverified,,,no_first_party_identity_verified; attempt_count:0
329997,The Renaissance Club at Archerfield LLP,the renaissance club at archerfield llp,North Berwick,,,Legal & Professional,Worker,Skilled Worker,,,,,unverified,,,no_first_party_identity_verified; attempt_count:0
331208,Thornbridge Investment Management LLP,thornbridge investment management llp,London,,,Legal & Professional,Worker,Skilled Worker,,,,,unverified,,,no_first_party_identity_verified; attempt_count:0
333504,TRINETRA INVESTMENT MANAGEMENT LLP,trinetra investment management llp,London,,,Legal & Professional,Worker,Skilled Worker,,,,,unverified,,,no_first_party_identity_verified; attempt_count:1
333638,Triple Point Investment Management LLP,triple point investment management llp,London,,,Legal & Professional,Worker,Skilled Worker,,,,,unverified,,,no_first_party_identity_verified; attempt_count:1
333983,TSG Consumer UK LLP,tsg consumer uk llp,London,,,Legal & Professional,Worker,Skilled Worker,,,,https://www.tsgconsumer.com/,high,https://www.tsgconsumer.com/,SponsorList,name_tokens_on_page:tsg+consumer;location_on_page; attempt_count:1
334040,TT International Investment Management LLP,tt international investment management llp,London,,,Legal & Professional,Worker,Global Business Mobility: Senior or Specialist Worker,,,,,unverified,,,no_first_party_identity_verified; attempt_count:1
334041,TT International Investment Management LLP,tt international investment management llp,London,,,Legal & Professional,Worker,Global Business Mobility: Senior or Specialist Worker,,,,,unverified,,,no_first_party_identity_verified; attempt_count:1
337478,Venrex Investment Management LLP,venrex investment management llp,London,,,Legal & Professional,Worker,Skilled Worker,,,,,unverified,,,no_first_party_identity_verified; attempt_count:0
338024,Victory Hill Capital Partners LLP,victory hill capital partners llp,London,,,Legal & Professional,Worker,Skilled Worker,,,,https://victory-hill.com/,high,https://victory-hill.com/,SponsorList,name_tokens_on_page:victory+hill+capital;name_tokens_on_host:victory+hill; attempt_count:1
338097,Viewforth Investment Partners LLP,viewforth investment partners llp,London,,,Legal & Professional,Worker,Skilled Worker,,,,,low,https://viewforthpartners.com/,SponsorList,possible_lead_not_accepted:only_one_name_token_on_page_without_hostname_match:viewforth; attempt_count:1
341827,Wimmer Financial LLP,wimmer financial llp,London,,,Legal & Professional,Worker,Skilled Worker,,,,https://wimmerfinancial.com/,high,https://wimmerfinancial.com/,SponsorList,name_tokens_on_page:wimmer+financial;location_on_page; attempt_count:1
345442,Ashby Capital LLP,ashby capital llp,London,,,Legal & Professional,Worker,Skilled Worker,,,,,low,https://ashbycapital.com/,SponsorList,possible_lead_not_accepted:only_one_name_token_on_page_without_hostname_match:ashby; attempt_count:1
345689,Zeno Equity Partners LLP,zeno equity partners llp,London,,,Legal & Professional,Worker,Skilled Worker,,,,,unverified,,,no_first_party_identity_verified; attempt_count:0
