name,town,county,rating,routes,sector
1ST CHOICE RESOURCE GRP LTD,Edinburgh,,Worker (A rating),Skilled Worker,recruitment
24 7 Manpower Limited,Stanwell,,Worker (A rating),Skilled Worker,recruitment
247 staffing support ltd,Kettering,Northamptonshire,Worker (A rating),Skilled Worker,recruitment
4Site Recruitment limited,London,,Worker (A rating),Skilled Worker,recruitment
A PLUS DYNAMICS RECRUITMENT LTD,CHATHAM,,Worker (A rating),Skilled Worker,recruitment
A&T STAFFING LTD,LONDON,,Worker (A rating),Skilled Worker,recruitment
A2Z STAFFING SOLUTIONS LIMITED,Ilford,England,Worker (A rating),Skilled Worker,recruitment
AA Euro Recruitment UK Limited,London,AA Euro Recruitment UK Ltd,Worker (A rating),Skilled Worker,recruitment
AA RECRUITMENT CONSULTANTS LIMITED,London,,Worker (A rating),Skilled Worker,recruitment
ABILITY RECRUITMENT GROUP LIMITED,Romford,,Worker (A rating),Skilled Worker,recruitment
AC Talent Sport & Entertainment UK Limited,London,,Worker (A rating),Global Business Mobility: Senior or Specialist Worker; Skilled Worker,recruitment
ACCURA RESOURCING LIMITED,London,,Worker (A rating),Skilled Worker,recruitment
Acorn Recruitment Ltd,Newport,County (optional),Worker (A rating),Skilled Worker,recruitment
ACTION 8 RECRUITMENT LIMITED,LONDON,,Worker (A rating),Skilled Worker,recruitment
Action 8 Recruitment Ltd,London,,Worker (A rating),Skilled Worker,recruitment
Active Recruitment SEN Ltd,Loughton,Essex,Worker (A rating),Skilled Worker,recruitment
Acumen Recruitment Limited,Winchester,Hampshire,Worker (A rating),Skilled Worker,recruitment
Advanced Personnel Management Group (UK) Ltd,Birmingham,West Midlands,Worker (A rating),Global Business Mobility: Senior or Specialist Worker; Skilled Worker,recruitment
Aegis UK - Recruiting and Consulting Ltd,London,,Worker (A rating),Global Business Mobility: Senior or Specialist Worker; Skilled Worker,recruitment
AGA Recruitment Solutions lTD,Bournemouth,Dorset,Worker (A rating),Skilled Worker,recruitment
Agenda Resource Management Limited,Hull,ERY,Worker (A rating),Skilled Worker,recruitment
Agora Talent Limited,Wallington,Surrey,Worker (A rating),Skilled Worker,recruitment
AI Recruitment Technologies Limited,Knowsley,Merseyside,Worker (A rating),Skilled Worker,recruitment
ALIGN RECRUITMENT NORTHWEST LTD,Liverpool,,Worker (A rating),Skilled Worker,recruitment
Alpha Talent Group Ltd,Bishop's Stortford,Hertfordshire,Worker (A rating),Skilled Worker,recruitment
Alters Recruitment Ltd,Stratford,London,Worker (A rating),Skilled Worker,recruitment
Altrad Employment Services Limited,"Rotherham, England",,Worker (A rating),Global Business Mobility: Senior or Specialist Worker; Skilled Worker,recruitment
Amazing Grace Personnel,Basildon,Essex,Worker (A rating),Skilled Worker,recruitment
Amco Recruits Ltd,Ruislip,Greater London,Worker (A rating),Skilled Worker,recruitment
ANCER RECRUITMENT LTD.,Manselton,Swansea,Worker (A rating),Skilled Worker,recruitment
Angel Care Recruitment Ltd,Leyland,,Worker (A rating),Skilled Worker,recruitment
Angela's Workforce Ltd,Tipton,West Midlands,Worker (A rating),Skilled Worker,recruitment
Angelic Care Resourcing Ltd,Maldon,Essex,Worker (A rating),Skilled Worker,recruitment
Anglo Health Care Recruitment Limited,London,,Worker (A rating),Skilled Worker,recruitment
ANR Locums Ltd,Bradford,West Yorkshire,Worker (A rating),Skilled Worker,recruitment
Anytime Recruitment Limited,Romford,Essex,Worker (A rating),Skilled Worker,recruitment
APHARO RECRUITMENT UK LTD,STOCK-ON-TRENT,,Worker (A rating),Skilled Worker,recruitment
APT LOCUM LTD,London,Wandsworth,Worker (A rating),Skilled Worker,recruitment
Arcade Talent Agency,London,,Temporary Worker (A rating),Creative Worker,recruitment
ARITA LIMITED T/a ARITA RECRUITMENT,Luton,Bedforshire,Worker (A rating),Skilled Worker,recruitment
ARU Recruitment Ltd T/A ARU Homecare,Hull,,Worker (A rating),Skilled Worker,recruitment
AS RECRUITMENT SERVICES LONDON LTD,London,,Worker (A rating),Skilled Worker,recruitment
ASAP Staffing Limited,Luton,,Worker (A rating),Skilled Worker,recruitment
Ashford Personnel and Solutions,Ashford,Kent,Worker (A rating),Skilled Worker,recruitment
ASIAN RESOURCE CENTRE OF CROYDON LIMITED,Croydon,England,Worker (A rating),Skilled Worker,recruitment
ASM Recruitment Ltd,London,,Worker (A rating),Skilled Worker,recruitment
ASM Talent Ltd,London,,Temporary Worker (A rating),Creative Worker,recruitment
ASPIRE RECRUITMENT & TRAINING LTD,London,,Temporary Worker (A rating),Creative Worker,recruitment
ASSD Employment LTD,London,,Worker (A rating),Skilled Worker,recruitment
Association of Employment & Learning Providers,Bristol,,Worker (A rating),Skilled Worker,recruitment
ATL RESOURCE CO. LTD,London,,Worker (A rating),Skilled Worker,recruitment
Atrium Workforce Solutions UK Ltd,London,,Worker (A rating),Skilled Worker,recruitment
Austin Professional Resourcing LLP,London,,Worker (A rating),Skilled Worker,recruitment
Australasian Recruitment Company Limited,Chester,,Worker (A rating),Skilled Worker,recruitment
Avatar Recruitment Consultancy Limited,Bracknell,,Worker (A rating),Skilled Worker,recruitment
AVIATION PERSONNEL LTD,Uxbridge,Middlesex,Worker (A rating),Skilled Worker,recruitment
Axis Recruitment Limited,Nottingham,Nottinghamshire,Worker (A rating),Skilled Worker,recruitment
B & L Recruitment Ltd,London,Essex,Worker (A rating),Skilled Worker,recruitment
B&T RECRUITMENT LIMITED,London,,Worker (A rating),Skilled Worker,recruitment
B2B WORKFORCE LTD,Ilford,,Worker (A rating),Skilled Worker,recruitment
Badenoch and Clark Limited T/A LHH Recruitment Solutions,London,,Worker (A rating),Global Business Mobility: Senior or Specialist Worker; Skilled Worker,recruitment
Balfour Beatty Group Employment Limited,London,,Worker (A rating),Global Business Mobility: Senior or Specialist Worker; Skilled Worker,recruitment
Beacon Legal Recruitment (UK) Limited,London,,Worker (A rating),Global Business Mobility: Senior or Specialist Worker; Skilled Worker,recruitment
BEENA STAFFING LIMITED,London,,Worker (A rating),Skilled Worker,recruitment
BEST RECRUITMENT AGENCY LTD,London,,Worker (A rating),Skilled Worker,recruitment
Bestcare Agency & Recruitment Limited,Bradford,,Worker (A rating),Skilled Worker,recruitment
Better Support Staffing Ltd,London,,Worker (A rating),Skilled Worker,recruitment
Big Hearts Recruitment Ltd,Andover,Hampshire,Worker (A rating),Skilled Worker,recruitment
Black Women's Resource Centre  Watoto Preschool Ltd,SHEFFIELD,South Yorkshire,Worker (A rating),Skilled Worker,recruitment
BLACKROCK RECRUITMENT SERVICES LIMITED,Ilford,,Temporary Worker (A rating); Worker (A rating),Creative Worker; Skilled Worker,recruitment
Blackwood Recruitment LLP,London,,Worker (A rating),Skilled Worker,recruitment
Blossom Staffing Ltd,Birkenhead,,Worker (A rating),Skilled Worker,recruitment
Bluefin Talent Limited,London,England,Worker (A rating),Skilled Worker,recruitment
Bluelight Healthcare Recruitment Limited,Essex,Essex,Worker (A rating),Skilled Worker,recruitment
Blueprint Talent Group Limited,London,,Worker (A rating),Global Business Mobility: Senior or Specialist Worker; Skilled Worker,recruitment
Bluewood Recruitment Ltd,Leicester,Leicestershire,Worker (A rating),Skilled Worker,recruitment
BOOKACHEMIST RECRUITMENT LTD,SHEFFIELD,,Worker (A rating),Skilled Worker,recruitment
Borne Resourcing Limited,London,,Worker (A rating),Skilled Worker,recruitment
BPRO RECRUITMENT EMPLOYMENT AGENCY,Canvey Island (Essex),ESSEX,Worker (A rating),Skilled Worker,recruitment
BRIJ RECRUITMENT SOLUTIONS LTD,UXBRIDGE,,Worker (A rating),Skilled Worker,recruitment
BROOKS RESOURCE ACADEMY LIMITED,London,,Worker (A rating),Skilled Worker,recruitment
Built Recruitment Limited,London,,Worker (A rating),Skilled Worker,recruitment
Business & Human Rights Resource Centre,London,,Temporary Worker (A rating); Worker (A rating),Charity Worker; Skilled Worker; Global Business Mobility: Senior or Specialist Worker,recruitment
Business Talent Group Europe Ltd,London,,Worker (A rating),Global Business Mobility: Senior or Specialist Worker; Skilled Worker,recruitment
C &  S RECRUITMENT LIMITED,Glasgow,Glasgow,Worker (A rating),Skilled Worker,recruitment
Caledonian Recruitment Group,Watford,Hertfordshire,Worker (A rating),Skilled Worker,recruitment
Cando Personnel LTD,Gravesend,Kent,Worker (A rating),Skilled Worker,recruitment
Capital First Resourcing Limited,Bedford,,Worker (A rating),Skilled Worker,recruitment
Capstone Property Recruitment Ltd,LONDON,,Worker (A rating),Skilled Worker,recruitment
Care and Support (Resource) Services Ltd,Birmingham,West Midlands -,Worker (A rating),Skilled Worker,recruitment
Care Direct Recruitment Ltd,St. Leonards-On-Sea,East Sussex,Worker (A rating),Skilled Worker,recruitment
Care Education Ltd T/A Staffing Connect,Hounslow,,Worker (A rating),Skilled Worker,recruitment
Care Plus Recruitment Agency Limited,WATFORD,HERTFORDSHIRE,Worker (A rating),Skilled Worker,recruitment
Care Resource Bureau Ltd,Penn,Buckinghamshire,Worker (A rating),Skilled Worker,recruitment
Care24 Recruitment LTD,Southampton,Hampshire,Worker (A rating),Skilled Worker,recruitment
CareConnect Staffing Solutions LTD,Keighley,West Yorkshire,Worker (A rating),Skilled Worker,recruitment
CAREER DRIVE RESOURCING LTD,Kettering,,Worker (A rating),Skilled Worker,recruitment
Castlebridge Hotels Birmingham Airport Employment Limited,Leamington,,Worker (A rating),Skilled Worker,recruitment
CAVENDISH (RECRUITMENT) PROFESSIONALS LTD,LONDON,,Worker (A rating),Skilled Worker,recruitment
CBS EMPLOYMENT LTD,Hounslow,,Worker (A rating),Skilled Worker,recruitment
CDD HEALTHCARE STAFFING LTD,Taunton,,Worker (A rating),Skilled Worker,recruitment
Central Care Recruitment,Harlow,,Worker (A rating),Skilled Worker,recruitment
CEPHAS RESOURCE SOLUTIONS LIMITED,London,,Worker (A rating),Skilled Worker,recruitment
Chartered Institute of Personnel and Development,Wimbledon,London,Worker (A rating),Skilled Worker,recruitment
Chiltern Jigsaw Resource Centre,Harrow,Middlesex,Worker (A rating),Skilled Worker,recruitment
China Association for International Exchange of Personnel,London,,Temporary Worker (A rating),International Agreement,recruitment
Chinite Resourcing Limited (trading as Chinite Home Care),Braintree,Essex,Worker (A rating),Skilled Worker,recruitment
Chroma Recruitment Limited,Sale,Greater Manchester,Worker (A rating),Skilled Worker,recruitment
Cielo Talent Ltd,London,,Worker (A rating),Skilled Worker; Global Business Mobility: Senior or Specialist Worker,recruitment
CITYLIFE RECRUITMENT LTD,Birmingham,WEST MIDLANDS,Worker (A rating),Skilled Worker,recruitment
Civic Recruitment Limited,Dartford,Kent,Worker (A rating),Skilled Worker,recruitment
Class 1 Personnel Limited,Hounslow,Middx,Worker (A rating),Skilled Worker,recruitment
Clyde Marine Recruitment Ltd,Glasgow,,Worker (A rating),Skilled Worker,recruitment
Coba Resourcing Ltd,Northampton,Northants,Worker (A rating),Skilled Worker,recruitment
Compact Personnel Ltd,Stockport,,Worker (A rating),Skilled Worker,recruitment
COMPASSION HEALTHCARE STAFFING SERVICES LTD,MAIDSTONE,,Worker (A rating),Skilled Worker,recruitment
Complex Recruitment Ltd,London,,Worker (A rating),Skilled Worker,recruitment
Compliance Recruitment Solutions Ltd,London,,Worker (A rating),Skilled Worker,recruitment
Connect Talent CIO,Salford,,Temporary Worker (A rating),Charity Worker,recruitment
Construction & Property Recruitment Ltd,Edinburgh,,Worker (A rating),Skilled Worker,recruitment
COPPERSMITH RECRUITMENT AND SERVICES LTD,London,,Worker (A rating),Skilled Worker,recruitment
Corvus Recruitment,BELFAST,COUNTY ANTRIM,Worker (A rating),Skilled Worker,recruitment
Coyle Personnel LTD,London,Greater London,Worker (A rating),Skilled Worker,recruitment
Cpl Talent Solutions Limited,Reading,,Worker (A rating),Global Business Mobility: Senior or Specialist Worker; Skilled Worker,recruitment
Credit Resource Solutions Limited,Halifax,,Worker (A rating),Skilled Worker,recruitment
Crown Resourcing Limited,Houslow,Middlesex,Worker (A rating),Skilled Worker,recruitment
CS Modern Workforce UK Ltd,Stirling,,Worker (A rating),Skilled Worker,recruitment
D.R.C Locums Limited,Buckinghamshire,,Worker (A rating),Skilled Worker,recruitment
Daira's Personnel Ltd.,Coventry,,Worker (A rating),Skilled Worker,recruitment
DC TALENT AGENCY LTD,London,,Worker (A rating),Skilled Worker,recruitment
Deluxe Staffing Limited,Hounslow,,Worker (A rating),Skilled Worker,recruitment
Demand Recruitment Services LTD,London,,Worker (A rating),Skilled Worker,recruitment
Dex Talent Ltd,London,,Worker (A rating),Skilled Worker,recruitment
DHR RECRUITING LIMITED,LONDON,,Worker (A rating),Skilled Worker,recruitment
Digital Workforce Services Ltd,Warwick,,Worker (A rating),Skilled Worker; Global Business Mobility: Senior or Specialist Worker,recruitment
Dingo Recruitment Ltd,London,,Worker (A rating),Skilled Worker,recruitment
Disability Resource Centre,Birmingham,,Worker (A rating),Skilled Worker,recruitment
Diversity Resource International (DRI) C.I.C.,Lewes,East Sussex,Worker (A rating),Skilled Worker,recruitment
DOLPHIN PERSONNEL LTD,Cannock,,Worker (A rating),Skilled Worker,recruitment
Doodle Recruitment Ltd,London,,Worker (A rating),Skilled Worker,recruitment
DOORMAN RECRUITMENT LTD,Hounslow,,Worker (A rating),Skilled Worker,recruitment
DRIVAS RECRUITMENT LTD,Abingdon,,Worker (A rating),Skilled Worker,recruitment
DSS Recruitment Ltd,Northampton,Northamptonshire,Worker (A rating),Skilled Worker,recruitment
E2E Human Resource Consultancy Ltd,BIRMINGHAM,West Midlands,Worker (A rating),Skilled Worker,recruitment
Eagles Recruitment and Healthcare,Norwich,Norfolk,Worker (A rating),Skilled Worker,recruitment
Easy Staffing Group Limited,"Ilford, Essex",,Worker (A rating),Skilled Worker,recruitment
Eden College of Human Resource Development and Management Studies Limited,Romford,,Worker (A rating),Skilled Worker,recruitment
Education Personnel Services,Winchester,Hampshire,Worker (A rating),Skilled Worker,recruitment
ELARIS SUPPORT STAFFING LTD,Bedfordshire,,Worker (A rating),Skilled Worker,recruitment
ELEMENTS TALENT CONSULTANCY LIMITED,London,,Worker (A rating),Skilled Worker,recruitment
Elite Groupe Recruitment Limited,LONDON,Victoria,Worker (A rating),Skilled Worker,recruitment
Elite Recruit Pte Limited,Wolverhampton,,Worker (A rating),Skilled Worker,recruitment
Elliott Scott HR Recruitment Limited,Lambeth,London,Temporary Worker (A rating); Worker (A rating),Global Business Mobility: Graduate Trainee; Skilled Worker; Global Business Mobility: Senior or Specialist Worker,recruitment
Ellis Recruitment Group,"Richmond Upon Thames, England, Unit",London,Worker (A rating),Skilled Worker,recruitment
Emerald Technology Recruitment Limited,Birmingham,,Worker (A rating),Skilled Worker,recruitment
Emerald Training and Medical Staffing Ltd,London,,Worker (A rating),Skilled Worker,recruitment
Employment Conditions Abroad T/A ECA International,London,,Worker (A rating),Skilled Worker,recruitment
Employment Hero (UK) Limited,London,,Worker (A rating),Global Business Mobility: Senior or Specialist Worker; Skilled Worker,recruitment
Empower Recruitment Ltd,Ipswich,,Worker (A rating),Skilled Worker,recruitment
ENDEAVOUR RECRUITMENT SOLUTIONS LIMITED,Southampton,Hampshire County,Worker (A rating),Skilled Worker,recruitment
Energize Recruitment Solutions Ltd,Manchester,,Worker (A rating),Skilled Worker,recruitment
EP Resource Limited,Watford,Hertfordshire,Worker (A rating),Skilled Worker,recruitment
"Esprit Spa Recruitment Ltd,",Rugely,Staffordshire,Worker (A rating),Skilled Worker,recruitment
EU WORKFORCE LIMITED,WALSALL,,Worker (A rating),Skilled Worker,recruitment
European Recruitment Limited,Brighton,East Sussex,Worker (A rating),Skilled Worker,recruitment
Evercare Recruitment Ltd,Preston,Lancashire,Worker (A rating),Skilled Worker,recruitment
Everest Recruitment and Services Ltd,Preston,Lancashire,Worker (A rating),Skilled Worker,recruitment
Everlyn Resourcing Limited,Nottingham,Nottinghamshire,Worker (A rating),Skilled Worker,recruitment
Excelsis Healthcare Recruitment Ltd,Forest Gate,London,Worker (A rating),Skilled Worker,recruitment
EXECUTIVE SECURITIES PERSONNEL LTD,Southampton,,Worker (A rating),Skilled Worker,recruitment
EXHALE STAFFING LTD,Liverpool,Merseyside,Worker (A rating),Skilled Worker,recruitment
EXPERT ONE EMPLOYMENT SERVICES LTD,Accrington,,Worker (A rating),Skilled Worker,recruitment
Express Medical Personnel Ltd,London,,Worker (A rating),Skilled Worker,recruitment
FALCON RESOURCE AND RECRUITMENT SERVICES LTD,London,,Worker (A rating),Skilled Worker,recruitment
FEMACK TRAINING AND RECRUITMENT CONSULTANCY LIMITED,Crayford,Kent,Worker (A rating),Skilled Worker,recruitment
FENS HEAHCARE AND RECRUITMENT LIMITED,"Mitcham,",,Worker (A rating),Skilled Worker,recruitment
First Rate Recruit Limited,Northampton,,Worker (A rating),Skilled Worker,recruitment
FIRST RECRUITMENT LIMITED,Berkshire,,Worker (A rating),Skilled Worker,recruitment
Formula Recruitment Limited,St Ives,,Worker (A rating),Skilled Worker,recruitment
FOUR BLUE RECRUITMENT LTD,Colchester,Essex,Worker (A rating),Skilled Worker,recruitment
Fresh Minds Talent Limited,London,,Worker (A rating),Skilled Worker,recruitment
Future Connect Recruitment,Birmingham,,Worker (A rating),Skilled Worker,recruitment
Future Connect Training & Recruitment Ltd,Finchley Central,London,Worker (A rating),Skilled Worker,recruitment
Future Connect Training and Recruitment Ltd,London,London,Worker (A rating),Skilled Worker,recruitment
G2V Recruitment Group Limited,London,,Worker (A rating),Global Business Mobility: Senior or Specialist Worker; Skilled Worker,recruitment
Galaxy Care Staffing Ltd,Aldershot,,Worker (A rating),Skilled Worker,recruitment
GBO Personnel Ltd,Spilsby,,Worker (A rating),Skilled Worker,recruitment
Get Skills Employment & Training UK,London,,Worker (A rating),Skilled Worker,recruitment
Gi Group Recruitment Limited,Chesterfield,,Worker (A rating),Global Business Mobility: Senior or Specialist Worker; Skilled Worker,recruitment
Global Recruitment Kent,Ramsgate,Kent,Worker (A rating),Skilled Worker,recruitment
Global Recruitment Training Centre Limited,London,,Worker (A rating),Skilled Worker,recruitment
Global Resourcing,Watford,Hertfordshire,Worker (A rating),Skilled Worker,recruitment
GLOBAL STAFFING SOLUTIONS LTD T/A YOUTILITIES,Rainham,,Worker (A rating),Skilled Worker,recruitment
Global Talent Creators (GTC) Limited,London,,Worker (A rating),Skilled Worker,recruitment
Globe Locums Limited,London,,Worker (A rating),Skilled Worker,recruitment
GoHire Recruitment Ltd,Bedfordshire,,Worker (A rating),Skilled Worker,recruitment
GOLD CARE RECRUITMENT SERVICES LTD,Burton-On-Trent,,Worker (A rating),Skilled Worker,recruitment
GOLDEN EYE STAFFING LIMITED,SLOUGH,BERKSHIRE,Worker (A rating),Skilled Worker,recruitment
GOLDEN GLITTERS TRAINING NURSERY & RECRUITMENT LTD,LONDON,,Worker (A rating),Skilled Worker,recruitment
Goldsmith Personnel Limited,London,,Worker (A rating),Skilled Worker,recruitment
GPAH Resource Centre Limited,LUTON,,Worker (A rating),Skilled Worker,recruitment
GQ Employment Law LLP,LONDON,,Worker (A rating),Skilled Worker,recruitment
GQ STAFFING LIMITED,LEEDS,WEST YORKSHIRE,Worker (A rating),Skilled Worker,recruitment
Gracewell Staffing Limited,Southampton,Hampshire,Worker (A rating),Skilled Worker,recruitment
Gravitas Recruitment Group Ltd,London,,Worker (A rating),Skilled Worker,recruitment
Grounded Resource Limited,Bolton,,Worker (A rating),Skilled Worker,recruitment
GTI Recruiting Solutions,London,,Temporary Worker (A rating),Government Authorised Exchange,recruitment
GU RESOURCE LIMITED,London,,Worker (A rating),Skilled Worker,recruitment
GULF TALENT (UK) LTD,LONDON,,Worker (A rating),Global Business Mobility: Senior or Specialist Worker; Skilled Worker,recruitment
H & G Recruitment Solutions Limited,St Albans,,Worker (A rating),Skilled Worker,recruitment
H&A SHARMA LIMITED T/A BLUESTAR RESOURCING,CRAWLEY,,Worker (A rating),Skilled Worker,recruitment
Hand In Hand Recruitment Group Ltd,London,,Worker (A rating),Skilled Worker,recruitment
Handle Recruitment,London,,Worker (A rating),Skilled Worker,recruitment
HEADHUNTING EXPERTS MANAGEMENT LTD,London,,Worker (A rating),Skilled Worker,recruitment
HEALTH PERSONNEL LIMITED,Chalton,,Worker (A rating),Skilled Worker,recruitment
Health Professionals Recruitment Services Limited,Bromsgrove,Worcestershire,Worker (A rating),Skilled Worker,recruitment
Heritage Staffing Services Limited,Harlow,Essex,Worker (A rating),Skilled Worker,recruitment
HFS RECRUITMENT LTD,"London,",,Worker (A rating),Skilled Worker,recruitment
HI-TECH RESOURCING LIMITED,BRIDPORT,,Worker (A rating),Skilled Worker,recruitment
HIDDEN TALENT BOOKING,DARLINGTON,CO DURHAM,Temporary Worker (A rating),Creative Worker,recruitment
Hindu Cultural Resource Centre,Telford,Shropshire,Worker (A rating); Temporary Worker (A rating),Skilled Worker; Religious Worker,recruitment
Hollborn Recruitment LTD,Greater London,England,Worker (A rating),Skilled Worker,recruitment
Holt Engineering Recruitment Ltd,Bournemouth,Dorset,Worker (A rating),Skilled Worker,recruitment
HOTEL RECRUITMENT SERVICES LTD,London,,Worker (A rating),Skilled Worker,recruitment
Howarths HR and Employment Law Limited,Cleckheaton,West Yorkshire,Worker (A rating),Skilled Worker,recruitment
HR Recruitment & consultancy Services Limited,Ilford,Essex,Worker (A rating),Skilled Worker,recruitment
HRA IT CONSULTANTS & RECRUITERS LTD,Birmingham,United Kingdom,Worker (A rating),Skilled Worker,recruitment
HRA RECRUITMENT SERVICES LTD,Wolverhampton,,Worker (A rating),Skilled Worker,recruitment
HRC Recruitment,Glasgow,,Worker (A rating),Skilled Worker,recruitment
HTR CARE AND RECRUITMENT LIMITED,Uxbridge,,Worker (A rating),Skilled Worker,recruitment
Hult Recruiting Services,London,,Worker (A rating),Global Business Mobility: Senior or Specialist Worker; Skilled Worker,recruitment
Hunter Healthcare Resourcing Ltd,London,,Worker (A rating),Skilled Worker,recruitment
ICare Resource Limited,Barking,Essex,Worker (A rating),Skilled Worker,recruitment
Impel Talent LTD,London,,Worker (A rating),Skilled Worker,recruitment
IMPERIAL EMPLOYMENT RESOURCES LTD,London,,Worker (A rating),Skilled Worker,recruitment
Imperial Recruitment Agency Ltd,London,,Worker (A rating),Skilled Worker,recruitment
IMPERIAL RECRUITMENT SOLUTION LIMITED,London,,Worker (A rating),Skilled Worker,recruitment
In-Workforce Ltd,Killamarsh,Yorkshire,Worker (A rating),Skilled Worker,recruitment
IN4.0 Talent Limited,Salford,,Worker (A rating),Skilled Worker,recruitment
INSPIRE CONNECT COLLEGE & RECRUITMENT LTD,Hounslow,MIDDLESEX,Worker (A rating),Skilled Worker,recruitment
Inspire Talent Ltd,London,,Worker (A rating),Skilled Worker,recruitment
Institute for Employment Studies,HOVE,East Sussex,Worker (A rating),Skilled Worker,recruitment
INTERACTION RECRUITMENT PLC,Huntingdon,Cambridgeshire,Worker (A rating),Skilled Worker,recruitment
INTERNATIONAL RECRUITMENT SOLUTIONS LIMITED,London,,Worker (A rating),Skilled Worker,recruitment
Interocean Personnel Services UK Limited,Cleveland,,Worker (A rating),Skilled Worker,recruitment
Intsol Recruitment,London,,Worker (A rating),Skilled Worker,recruitment
INVICTUS SECURITY AND RECRUITMENT SERVICES LTD,South Woodford,London,Worker (A rating),Skilled Worker,recruitment
IOS RECRUITMENT AND TRAINING SERVICES LTD,Cardiff,Wales,Worker (A rating),Skilled Worker,recruitment
J&T Recruitment Ltd,London,,Worker (A rating),Skilled Worker,recruitment
J24 RESOURCING LIMITED,DERBY,DERBYSHIRE,Worker (A rating),Skilled Worker,recruitment
JAC Recruitment (UK) Limited,London,,Worker (A rating),Skilled Worker; Global Business Mobility: Senior or Specialist Worker,recruitment
James Andrews Recruitment Solutions,London,,Worker (A rating),Skilled Worker,recruitment
James Gray Recruitment Ltd,Glasgow,,Worker (A rating),Skilled Worker,recruitment
Jamia Hanfia Ghosia Mosque And Princess Street Resource Centre,Burton on Trent,Staffordshire,Worker (A rating),Tier 2 Ministers of Religion,recruitment
JJ Employment Services Ltd,Croydon,,Worker (A rating),Skilled Worker,recruitment
JJK Personnel Limited,London,,Worker (A rating),Skilled Worker,recruitment
JK STAFFING & SERVICES MANAGEMENT LTD,London,,Worker (A rating),Skilled Worker,recruitment
JK Staffing Ltd,Manchester,,Worker (A rating),Skilled Worker,recruitment
JMJ RECRUITMENT LTD,Dudley,England,Worker (A rating),Skilled Worker,recruitment
Job Bank Recruitment Network LTD,Blackburn,,Worker (A rating),Skilled Worker,recruitment
Josak care and recruitment ltd,Warlingham,Surrey,Worker (A rating),Skilled Worker,recruitment
JS Locum Services Ltd,Hartlepool,,Worker (A rating),Skilled Worker,recruitment
JSR LOCUMS LIMITED,London,Leyton,Worker (A rating),Skilled Worker,recruitment
Justworks Employment UK Ltd.,London,,Worker (A rating),Global Business Mobility: Senior or Specialist Worker; Skilled Worker,recruitment
K&G Recruitment Consultancy Limited,London,,Worker (A rating),Skilled Worker,recruitment
Kare Recruitment Limited,London,,Worker (A rating),Skilled Worker,recruitment
Kartiikeya Resource Solutions Limited,Bedford,,Worker (A rating),Skilled Worker,recruitment
Kayline Recruitment Lmited,Stockport,,Worker (A rating),Skilled Worker,recruitment
KBM TRAINING & RECRUITMENT LTD,LONDON,,Worker (A rating),Skilled Worker,recruitment
KE 247 STAFFING SOLUTIONS LTD,Derby,,Worker (A rating),Skilled Worker,recruitment
Kerry Collins Recruitment Limited,Walsall,,Worker (A rating),Skilled Worker,recruitment
Keystone Employment Group No.1 Limited,Dover,,Worker (A rating),Skilled Worker,recruitment
Kintec Recruitment Limited,Salford Quays,,Worker (A rating),Skilled Worker,recruitment
KMG Recruitment Ltd,London,,Worker (A rating),Skilled Worker,recruitment
KOBIR EMPLOYMENT AGENCY LTD,Birmingham,,Worker (A rating),Skilled Worker,recruitment
Konnect Personnel Ltd,London,,Worker (A rating),Skilled Worker,recruitment
KWIKFIX RECRUITMENT SERVICES LIMITED,Northampton,,Worker (A rating),Skilled Worker,recruitment
LA YAANAT PROJECTS & RECRUITMENT LTD,London,,Worker (A rating),Skilled Worker,recruitment
Launchpad Recruits Ltd,Bromley,,Worker (A rating),Skilled Worker,recruitment
LAW Absolute Recruitment Ltd,London,,Worker (A rating),Skilled Worker,recruitment
Le Talent Limited,London,,Worker (A rating),Skilled Worker,recruitment
LEADING TALENT LIMITED,BRIDGEND,MID GLAMORGAN,Worker (A rating),Skilled Worker,recruitment
Learning Resource Network Ltd,Romford,,Worker (A rating),Skilled Worker,recruitment
Leisure Employment Services,Hemel Hempstead,Hertfordshire,Temporary Worker (A rating); Worker (A rating),Creative Worker; Skilled Worker,recruitment
LEO RECRUITS LTD,Chelmsford,,Worker (A rating),Skilled Worker,recruitment
LevelUP Talent Solutions Ltd,Reading,,Worker (A rating),Skilled Worker,recruitment
Linca Workforce Development Ltd,Lincoln,England,Worker (A rating),Skilled Worker,recruitment
Link Medical Staffing Solutions Ltd,Haverhill,,Worker (A rating),Skilled Worker,recruitment
Link3 Recruitment Ltd,Nottingham,Nottinghamshire,Worker (A rating),Skilled Worker,recruitment
LLOYDS HEALTH CARE AND STAFFING LIMITED,Ilford,Redbridge,Worker (A rating),Skilled Worker,recruitment
LMS Recruitment Systems Ltd,Skipton,North Yorkshire,Worker (A rating),Skilled Worker,recruitment
Loch Employment Law Limited,Tunbridge Wells,Kent,Worker (A rating),Skilled Worker,recruitment
Locum Seek Ltd T/A Kings Pharmacy,London,,Worker (A rating),Skilled Worker,recruitment
Locumprime Ltd,Hounslow,,Worker (A rating),Skilled Worker,recruitment
Locumtap Ltd T/AS Patchwork Health,London,,Worker (A rating),Skilled Worker,recruitment
LSA RECRUIT LTD,Harrow on the Hills,,Worker (A rating),Skilled Worker,recruitment
M J LOCUM SERVICES LIMITED,Birmingham,,Worker (A rating),Skilled Worker,recruitment
M4 Recruitment,Thatcham,Berkshire,Worker (A rating),Skilled Worker,recruitment
MAA RECRUITMENT LTD,Huddersfield,,Worker (A rating),Skilled Worker,recruitment
Managed Property Personnel Ltd,London Euston,London,Worker (A rating),Skilled Worker,recruitment
Mango Solutions Recruitment Group Ltd,Romford,Greater London,Worker (A rating),Skilled Worker,recruitment
Manpower UK Limited,Uxbridge,,Worker (A rating),Global Business Mobility: Senior or Specialist Worker; Skilled Worker,recruitment
Market Resource Partners Limited,Belfast,Antrim,Worker (A rating),Skilled Worker,recruitment
MARLYN RECRUITMENT LTD,"Essex,",,Worker (A rating),Skilled Worker,recruitment
Mars Secure Transport & Recruitment Service Ltd,Borehamwood,,Worker (A rating),Skilled Worker,recruitment
MARVELLOUS TALENT LTD,London,,Worker (A rating),Skilled Worker,recruitment
Matrix Staffing Solutions Limited,London,,Worker (A rating),Skilled Worker,recruitment
Mavin Recruitment Limited,Southend-on-Sea,,Worker (A rating),Skilled Worker,recruitment
MAXIMUS STAFFING LTD,LONDON,,Worker (A rating),Skilled Worker,recruitment
Mayfair Recruitment Services Ltd,london,uk,Worker (A rating),Skilled Worker,recruitment
MDA RPO Ltd t/a NL Recruitment,Egham,Surrey,Worker (A rating),Skilled Worker,recruitment
Medical Locum Recruitment Limited,London,,Worker (A rating),Skilled Worker,recruitment
Medline Recruitment Ltd,Essex,,Worker (A rating),Skilled Worker,recruitment
MEDUKCARE RECRUITMENT LIMITED,Great Bookham,,Worker (A rating),Skilled Worker,recruitment
MF Care and Housing Recruitment Limited,Bexley,Kent,Worker (A rating),Skilled Worker,recruitment
MH RECRUITMENT LIMITED,Staines,Surrey,Worker (A rating),Skilled Worker,recruitment
Michael Page International Recruitment Ltd,London,,Worker (A rating),Global Business Mobility: Senior or Specialist Worker; Skilled Worker,recruitment
Mighty Recruitment Ltd,Hatfield,Hertfordshire,Worker (A rating),Skilled Worker,recruitment
Millenium Employment Agency Ltd,London,Lambeth,Worker (A rating),Skilled Worker,recruitment
Millennium Staffing Limited,Coventry,,Worker (A rating),Skilled Worker,recruitment
Mindset Recruitment Ltd,Nottingham,,Worker (A rating),Skilled Worker,recruitment
MJ Homecare Staffing Limited,Taunton,Somerset,Worker (A rating),Skilled Worker,recruitment
MJK Resourcing Ltd,Luton,,Worker (A rating),Skilled Worker,recruitment
Moon Rise 24 Hr Recruitment Ltd,Stockton,,Worker (A rating),Skilled Worker,recruitment
MSAQ Recruitment Ltd,Leatherhead,,Worker (A rating),Skilled Worker,recruitment
Multi Trades Recruitment Ltd,Bolton,Greater Manchester,Worker (A rating),Skilled Worker,recruitment
Multicultural Resource Centre,Rochdale,,Temporary Worker (A rating),Charity Worker,recruitment
National Workforce Ltd,York,,Worker (A rating),Skilled Worker,recruitment
NATIONWIDE LOCUMS LTD,ENGLAND,London,Worker (A rating),Skilled Worker,recruitment
Nefid Personnel LTD,Leeds,,Worker (A rating),Skilled Worker,recruitment
Neighbourhood Resource Centre,Bradford,West Yorkshire,Temporary Worker (A rating); Worker (A rating),Charity Worker; Skilled Worker,recruitment
Neptune International Recruitment Services Ltd,Cambridge,Cambridgeshire,Worker (A rating); Temporary Worker (A rating),Skilled Worker; Creative Worker,recruitment
NEW AGE RECRUITERS LIMITED,London,,Worker (A rating),Skilled Worker,recruitment
New Dawn Recruitment Agency Ltd,Croydon,Surrey,Worker (A rating),Skilled Worker,recruitment
New4all Recruitment Solutions Ltd,Cannock,,Worker (A rating),Skilled Worker,recruitment
NewGen Talent Limited,London,,Worker (A rating),Skilled Worker,recruitment
nGAGE Talent UK Employees Limited,London,,Worker (A rating),Skilled Worker,recruitment
Nightingales Recruitment Care Agency Ltd,Warwick,WARWICKSHIRE,Worker (A rating),Skilled Worker,recruitment
Northeast Disabilities Resource centre,Sunderland,Tyne & Wear,Worker (A rating),Skilled Worker,recruitment
Number 8 Resourcing Limited,Windsor,,Worker (A rating),Skilled Worker,recruitment
Nursing Care Personnel Ltd,Hertfordshire,Hertfordshire,Worker (A rating),Skilled Worker,recruitment
Nutrix Personnel Ltd,London,,Worker (A rating),Skilled Worker,recruitment
Occupational Personnel Services Ltd,London,,Worker (A rating),Skilled Worker,recruitment
Omni Resource Management Solutions Limited,Altrincham,,Worker (A rating),Skilled Worker,recruitment
OMNIA RESOURCING LTD TA Staffing Match,Hounslow,Middlesex,Worker (A rating),Skilled Worker,recruitment
Openborder recruitment Limited,LANARK,South Lanarkshire,Worker (A rating),Skilled Worker,recruitment
Opus Talent Solutions Limited,London,,Worker (A rating),Skilled Worker,recruitment
Origin Recruitment Ltd,Lancaster,,Worker (A rating),Skilled Worker,recruitment
Original Talent Limited,London,,Worker (A rating),Skilled Worker,recruitment
Outreach Care and Staffing Ltd,Slough,Berkshire,Worker (A rating),Skilled Worker,recruitment
Pacific International Recruitment Limited,Norwich,Norfolk,Worker (A rating),Skilled Worker; Global Business Mobility: Senior or Specialist Worker,recruitment
Pangea Resourcing Limited,London,,Worker (A rating),Skilled Worker,recruitment
PARADIGM PERSONNEL LTD,Slough,,Worker (A rating),Skilled Worker,recruitment
Park Avenue Recruitment,London,,Worker (A rating),Skilled Worker,recruitment
PartnerWise Recruitment Ltd,Scarborough,,Worker (A rating),Skilled Worker,recruitment
Passion Care Staffing Ltd,Northampton,West Northamptonshire,Worker (A rating),Skilled Worker,recruitment
Passion Recruitment Agency Limited,Chertsey,,Worker (A rating),Skilled Worker,recruitment
Pave Recruit Ltd,London,,Worker (A rating),Skilled Worker,recruitment
PERSONNEL HYGIENE SERVICES LIMITED,Caerphilly,,Worker (A rating),Skilled Worker,recruitment
PH Legal Recruitment LTD,Birmingham,West Midlands,Worker (A rating),Skilled Worker,recruitment
PH STAFFING LTD,LEEDS,West Yorkshire,Worker (A rating),Skilled Worker,recruitment
PHOENIX HEALTHCARE STAFFING LTD,London,Greater London,Worker (A rating),Skilled Worker,recruitment
PHOENIX TALENT MANAGEMENT LIMITED,LONDON,,Temporary Worker (A rating),Creative Worker,recruitment
PLATINUM HEALTHCARE STAFFING LIMITED,Slough,Berkshire,Worker (A rating),Skilled Worker,recruitment
"Poole Resourcing Ltd, trading as Verrus",Leeds,West Yorkshire,Worker (A rating),Skilled Worker,recruitment
"PP Recruitment Holdings Ltd t/a Levin & Storm2,3,4",London,,Worker (A rating),Skilled Worker,recruitment
PP Recruitment Ltd,Farnborough,Hampshire,Worker (A rating),Skilled Worker,recruitment
Premium Health Care Staffing Ltd,Wakefield,,Worker (A rating),Skilled Worker,recruitment
PREOS TALENT LIMITED,London,,Worker (A rating),Skilled Worker,recruitment
Primary Care Point Limited T/A PCP Dental Recruitment,London,,Worker (A rating),Skilled Worker,recruitment
Primary Talent International Limited,London,,Temporary Worker (A rating),Creative Worker,recruitment
PRIME SECURITY AND RESOURCE MANAGEMENT LTD,Peterborough,,Worker (A rating),Skilled Worker,recruitment
Primed Talent Limited,London,,Worker (A rating),Skilled Worker,recruitment
Primeguard Workforce Management Ltd.,Southampton,,Worker (A rating),Skilled Worker,recruitment
Principles Recruitment Care Agency,CIRNECESTER,,Worker (A rating),Skilled Worker,recruitment
Pristine Recruitment Ltd,Barnet,London,Worker (A rating),Skilled Worker,recruitment
PRN HEALTHCARE STAFFING LIMITED,"Leeds,",,Worker (A rating),Skilled Worker,recruitment
PROACTIVE RESOURCE GROUP LTD,London,,Worker (A rating),Skilled Worker,recruitment
Production Resource Group UK Ltd,Longbridge,Birmingham,Worker (A rating),Global Business Mobility: Senior or Specialist Worker; Skilled Worker,recruitment
Profiles Personnel,Farnham,Surrey,Worker (A rating),Skilled Worker,recruitment
Progressive UK Recruitment Ltd,Waltham Cross,Greater London,Worker (A rating),Skilled Worker,recruitment
Proman Recruitment limited,london,,Worker (A rating),Skilled Worker,recruitment
Promittere Recruitment LTD,London,,Worker (A rating),Skilled Worker,recruitment
Prompt Healthcare Staffing Ltd,Basildon,Essex,Worker (A rating),Skilled Worker,recruitment
PROXY RECRUITMENT & SERVICES LTD,Southampton,,Worker (A rating),Skilled Worker,recruitment
PS WORKFORCE LTD,Staines,Surre,Worker (A rating),Skilled Worker,recruitment
PSN RECRUITMENTS LTD,HASTINGS,LEONARDS-ON-SEA,Worker (A rating),Skilled Worker,recruitment
Pure Recruitment Group,London,,Worker (A rating),Global Business Mobility: Senior or Specialist Worker; Skilled Worker,recruitment
Pure Recruitment Services,Uxbridge,,Worker (A rating),Skilled Worker,recruitment
QUALITY CARE & RECRUITMENT SOLUTIONS LIMITED,Greenford,,Worker (A rating),Skilled Worker,recruitment
Quality Care Resourcing,Colchester,,Worker (A rating),Skilled Worker,recruitment
QUANTWING STAFFING LTD,London,,Worker (A rating),Skilled Worker,recruitment
R2 Global Recruitment Services LTD,Gateshead,Tyne and Wear,Worker (A rating),Global Business Mobility: Senior or Specialist Worker; Skilled Worker,recruitment
Radial Recruitment Ltd,Edinburgh,,Worker (A rating),Skilled Worker,recruitment
RAINBOW PERSONNEL LIMITED,Manchester,,Worker (A rating),Skilled Worker,recruitment
Rainbow Staffing Services,Birmingham,West Midlands,Worker (A rating),Skilled Worker,recruitment
Rainbow Staffing Services Ltd,Birmingham,West Midlands,Worker (A rating),Skilled Worker,recruitment
RAPID RESPONSE PERSONNEL LTD,Weston-super-Mare,England,Worker (A rating),Skilled Worker,recruitment
RAYNET RECRUITMENT AGENCY LTD,ROMFORD,Essex,Worker (A rating),Skilled Worker,recruitment
RE Recruitment (a Trading Division of Taskmaster Resources Limited),Cheltenham,Gloucestershire,Temporary Worker (A rating),Seasonal Worker,recruitment
Reach Manpower Ltd,Wembley,,Worker (A rating),Skilled Worker,recruitment
Real Resource Ltd,Slough,,Worker (A rating),Skilled Worker,recruitment
Realm Staffing Solutions Ltd,Stevenage,Herts,Worker (A rating),Skilled Worker,recruitment
RECRUIT 4CARE LTD,Portsmouth,Hampshire,Worker (A rating),Skilled Worker,recruitment
Recruit Genie (Europe) Ltd,Leeds,West Yorkshire,Worker (A rating),Skilled Worker,recruitment
Recruit in Care Ltd,NOTTINGHAM,,Worker (A rating),Skilled Worker,recruitment
Recruit Workforce Ltd,Ilford,,Worker (A rating),Skilled Worker,recruitment
RECRUIT WORLDWIDE LIMITED.T/A Zebra Multimedia,London,,Temporary Worker (A rating); Worker (A rating),Creative Worker; Skilled Worker,recruitment
Recruiter Insider Limited,London,,Worker (A rating),Skilled Worker,recruitment
RecruitHub Platform,London,,Worker (A rating),Skilled Worker,recruitment
Recruiting Hub International Ltd,Peterborough,,Worker (A rating),Skilled Worker,recruitment
Recruitment and Employment Confederation,London,,Worker (A rating),Skilled Worker,recruitment
Recruitment Drive,LONDON,,Worker (A rating),Skilled Worker,recruitment
Recruitment For You Limited,Lancashire,,Worker (A rating),Skilled Worker,recruitment
RECRUITMENT PRECISION LIMITED,SUNDERLAND,,Worker (A rating),Skilled Worker,recruitment
Recruitment Smart Technologies Ltd,London,,Worker (A rating),Skilled Worker,recruitment
Recruitment Solutions Alba Ltd,Glasgow,,Worker (A rating),Skilled Worker,recruitment
Red Parrot Recruitment Limited,Swindon,Wiltshire,Worker (A rating),Skilled Worker,recruitment
RedLaw Recruitment Limited,London,,Worker (A rating),Skilled Worker,recruitment
Reed Specialist Recruitment Limited,Raynes Park,,Worker (A rating),Skilled Worker,recruitment
REHOBOTH RECRUITMENT SERVICES LIMITED,Gillingham,kent,Worker (A rating),Skilled Worker,recruitment
Rehoboth Resource Services Limited,Burt St Edmunds,England,Worker (A rating),Skilled Worker,recruitment
Reliance Locums Ltd,Sheffield,,Worker (A rating),Skilled Worker,recruitment
REMAJ CARE RECRUITMENT SERVICES LIMITED,Pitsea,,Worker (A rating),Skilled Worker,recruitment
Reni Care Personnel,Croydon,,Worker (A rating),Skilled Worker,recruitment
Resilience Personnel Ltd,Potters Bar,,Worker (A rating),Skilled Worker,recruitment
Resource Data Management LTD,Glasgow,,Worker (A rating),Skilled Worker,recruitment
Resource Experts Ltd,Uxbridge,,Worker (A rating),Skilled Worker,recruitment
Resource Finder Recruitment Ltd,Hull,,Worker (A rating),Skilled Worker,recruitment
Resource Futures Ltd,Bristol,Bristol,Worker (A rating),Skilled Worker,recruitment
Resource Gate Ltd,Luton,Bedfordshire,Worker (A rating),Skilled Worker,recruitment
Resource Guru Limited,London,,Worker (A rating),Skilled Worker,recruitment
Resource Limited,Cardiff,,Worker (A rating),Skilled Worker,recruitment
Response Recruitment Ltd,Park Royal,London,Worker (A rating),Skilled Worker,recruitment
REYMC 247 (PVT) LIMITED t/a Royal Care Health Recruitment & Training,Worksop,,Worker (A rating),Skilled Worker,recruitment
RICHO RECRUITMENT SERVICES LTD,London,,Worker (A rating),Skilled Worker,recruitment
RIDGE HEALTHCARE AND RECRUITMENT LTD,HULL,EAST RIDING OF YORKSHIRE,Worker (A rating),Skilled Worker,recruitment
Right Choice Recruitment Solutions,Camberley,Surrey,Worker (A rating),Skilled Worker,recruitment
Right Recruitment 24-7 Limited,Birmingham,,Worker (A rating),Skilled Worker,recruitment
Roots Staffing Solutions Ltd,Norwich,,Worker (A rating),Skilled Worker,recruitment
Royale Personnel Ltd,Bedford,Bedfordshire,Worker (A rating),Skilled Worker,recruitment
RT Staffing Ltd T/A Steps Support,Newcastle Upon Tyne,Swalwell,Worker (A rating),Skilled Worker,recruitment
Rubies Recruitment Ltd,Sale,Greater Manchester,Worker (A rating),Skilled Worker,recruitment
S & M RECRUITMENT LTD,Dereham,,Worker (A rating),Skilled Worker,recruitment
SA RESOURCING LTD,Reading,Berkshire,Worker (A rating),Skilled Worker,recruitment
Safe Recruits Limited,Tunbridge Wells,,Worker (A rating),Skilled Worker,recruitment
Safe Space Talent Limited,London,,Worker (A rating),Skilled Worker,recruitment
SAFECARE PERSONNEL LTD,Leighton Buzzard,,Worker (A rating),Skilled Worker,recruitment
Sanctuary Personnel Ltd,Ipswich,,Worker (A rating),Skilled Worker,recruitment
SAROIA STAFFING SERVICES LTD,Birmingham,West Midlands,Worker (A rating),Skilled Worker,recruitment
Satyaom Recruitment Ltd,Luton,,Worker (A rating),Skilled Worker,recruitment
Science Recruitment Group Ltd,Luton,,Worker (A rating),Skilled Worker,recruitment
Scissett Recruitment Group Limited,Huddersfield,West Yorkshire,Worker (A rating),Skilled Worker,recruitment
Screen Talent Agency Limited,London,,Temporary Worker (A rating),Creative Worker,recruitment
SEC Recruitment Limited,London,,Worker (A rating),Skilled Worker,recruitment
SEP (Site Engineering Personnel) Ltd,Ormskirk,Lancashire,Worker (A rating),Skilled Worker,recruitment
SERVION IT RESOURCING LTD,London,,Worker (A rating),Skilled Worker,recruitment
Servis Personnel Ltd,Nottingham,England,Worker (A rating),Skilled Worker,recruitment
SHALOM HEALTH RECRUITMENT LTD,Dagenham East,Essex,Worker (A rating),Skilled Worker,recruitment
SHEZ RECRUITMENT LTD,LONDON,UNITED KINGDOM,Worker (A rating),Skilled Worker,recruitment
Shine Health Care Recruitment Services Pvt Ltd,Slough,,Worker (A rating),Skilled Worker,recruitment
Sibling Recruitment Ltd,London,,Worker (A rating),Skilled Worker,recruitment
Simplified Staffing Limited,Mitcham,,Worker (A rating),Skilled Worker,recruitment
SK RECRUITMENTS (LONDON) LTD,London,,Worker (A rating),Skilled Worker,recruitment
Skylark Recruitment Ltd,Birmingham,West Midlands,Worker (A rating),Skilled Worker,recruitment
Sloane Talent Ltd,London,,Temporary Worker (A rating),Creative Worker,recruitment
SM Global Consultancy Ltd t/a Staffing Match,Feltham,Middlesex,Worker (A rating),Skilled Worker,recruitment
Sophie Chapman Talent Ltd,Beckenham,,Worker (A rating),Skilled Worker,recruitment
SP STAFFING SERVICES LTD,Ilford,,Worker (A rating),Skilled Worker,recruitment
Specialist Resource Solutions,Aberdeen,,Worker (A rating),Skilled Worker,recruitment
Sphere Digital Recruitment Limited,London,,Worker (A rating),Skilled Worker,recruitment
Spring Recruitment Solutions Limited,Milton Keynes,,Worker (A rating),Skilled Worker,recruitment
Spring Staffing Limited,Manchester,,Worker (A rating),Skilled Worker,recruitment
Springcare Recruitment Ltd,Barking,,Worker (A rating),Skilled Worker,recruitment
SQUARE LOCUM LIMITED,WEMBLEY,MIDDLESEX,Worker (A rating),Skilled Worker,recruitment
SSP Recruitment Solutions Limited,Stirling,Stirlingshire,Worker (A rating),Skilled Worker,recruitment
Staff-Kingdom Recruitment Agency Ltd,London,,Worker (A rating),Skilled Worker,recruitment
STAFFING PLUS LTD,Edgbaston,Birmingham,Worker (A rating),Skilled Worker,recruitment
Staffing Professionals Ltd,London,,Worker (A rating),Skilled Worker,recruitment
Staffing Solutions 24/7 Ltd,Hounslow,Middlesex,Worker (A rating),Skilled Worker,recruitment
Starlit Recruitment Ltd,Dudley,West Midlands,Worker (A rating),Skilled Worker,recruitment
Steady Recruitment Limited,London,,Worker (A rating),Skilled Worker,recruitment
Stepahead Resource Services,Tameside,Greater Manchester,Worker (A rating),Skilled Worker,recruitment
Stuart Toper t/a Abbatt Property Recruitment,London,,Worker (A rating),Skilled Worker,recruitment
Summerley Recruitment LTD,Bognor Regis,,Worker (A rating),Skilled Worker,recruitment
Sunlite Recruitment Company Limited,Dartford,,Worker (A rating),Skilled Worker,recruitment
Support care recruitment,Belfast,Antrim,Worker (A rating),Skilled Worker,recruitment
Supreme Workforce LTD,Welling,Kent,Worker (A rating),Skilled Worker,recruitment
Sussex Staffing Ltd,Bexhill-On-Sea,,Worker (A rating),Skilled Worker,recruitment
SW Global Resourcing Ltd,Glasgow,,Worker (A rating),Skilled Worker,recruitment
Swann Recruitment Limited,Shaftesbury,,Worker (A rating),Skilled Worker,recruitment
Swift Healthcare Staffing Services Limited,Salford,,Worker (A rating),Skilled Worker,recruitment
SWIFT WORKFORCE LTD,ILFORD,ESSEX,Worker (A rating),Skilled Worker,recruitment
Symphony Talent Limited,London,,Worker (A rating),Skilled Worker,recruitment
TALA TRAINING AND EMPLOYMENT LIMITED,Manchester,,Worker (A rating),Skilled Worker,recruitment
Talenbot Recruitment Ltd,Pinner,,Worker (A rating),Skilled Worker,recruitment
Talent AcquisitionCo UK Limited,London,,Worker (A rating),Global Business Mobility: Senior or Specialist Worker; Skilled Worker,recruitment
Talent Artistic Group Ltd,Bedford,Bedfordshire,Temporary Worker (A rating); Worker (A rating),Creative Worker; Skilled Worker,recruitment
Talent Beyond Boundaries UK,London,,Worker (A rating),Skilled Worker,recruitment
TALENT BY UK LIMITED,Preston,,Worker (A rating),Skilled Worker,recruitment
TALENT CARE EDUCATION LTD,BARKING,,Worker (A rating),Skilled Worker,recruitment
Talent Connex ltd,London,,Worker (A rating),Skilled Worker,recruitment
Talent Gold Plus Limited,Harrow,,Worker (A rating),Skilled Worker,recruitment
TALENT GROUP PARTNERS LIMITED,Watford,,Worker (A rating),Skilled Worker,recruitment
Talent Innovations Ltd,Milton Keynes,Bucks,Worker (A rating),Skilled Worker,recruitment
Talent International (UK) Limited,Bristol,,Worker (A rating),Skilled Worker,recruitment
Talent International (UK) Ltd,Bristol,,Worker (A rating),Skilled Worker,recruitment
Talent Link Ltd,London,,Worker (A rating),Skilled Worker,recruitment
TALENT NEXT CONSULTING SERVICES LTD,Milton Keynes,,Worker (A rating),Skilled Worker,recruitment
Talent Nexus Limited,London,Surrey,Worker (A rating),Skilled Worker,recruitment
Talent Republic Limited,London,,Worker (A rating),Skilled Worker,recruitment
Talent Spike Ltd,Surrey,,Worker (A rating),Skilled Worker,recruitment
Talent Supply Ltd TA The TalentPool Company,London,,Worker (A rating),Skilled Worker,recruitment
Talent Systems Europe Limited,London,,Worker (A rating),Skilled Worker,recruitment
Talent Technology Limited,London,,Worker (A rating),Skilled Worker,recruitment
Talking Talent Limited,London,,Worker (A rating),Skilled Worker,recruitment
Team Locum Limited,Birmingham,West Midlands,Worker (A rating),Skilled Worker,recruitment
TEAM PERSONNEL SOLUTIONS LIMITED,Leeds,England,Worker (A rating),Skilled Worker,recruitment
Tech Talent Consulting Limited,Sutton,Surrey,Worker (A rating),Skilled Worker,recruitment
Telecom Solutions Resource Ltd,Watford,Hertfordshire,Worker (A rating),Skilled Worker,recruitment
Tempcare Personnel Limited,Bradford,,Worker (A rating),Skilled Worker,recruitment
Templine Employment Agency Ltd,Birmingham,,Worker (A rating),Skilled Worker,recruitment
TGRC Ltd trading as The Green Recruitment Company,London,,Worker (A rating),Skilled Worker,recruitment
The Aviation Recruitment & Consulting Group Ltd,Exeter,Devon,Worker (A rating),Skilled Worker,recruitment
THE HEALTHY EMPLOYMENT HUB CIC,Oldbury,,Worker (A rating),Skilled Worker,recruitment
The Legal Resource Partnership,Edgware,,Worker (A rating),Skilled Worker,recruitment
The Liverpool Recruitment Company (UK) Ltd,Liverpool,United Kingdom (+44),Worker (A rating),Skilled Worker,recruitment
The Management Recruitment Group Limited,London,,Worker (A rating),Skilled Worker,recruitment
The Recruitment Partnership Limited T/A Total Care UK,Newcastle,,Worker (A rating),Skilled Worker,recruitment
The Sunrise Recruitment Ltd,Harrow,,Worker (A rating),Skilled Worker,recruitment
The Workforce Development Trust,Bristol,,Worker (A rating),Skilled Worker,recruitment
Think Employment Ltd,Grimsby,North East Lincolnshire,Worker (A rating),Skilled Worker,recruitment
Third Way Recruitment Ltd,London,,Worker (A rating),Skilled Worker,recruitment
Tiger Recruitment Ltd,London,,Worker (A rating),Skilled Worker,recruitment
Timeless Recruitment Ltd,Strood,Kent,Worker (A rating),Skilled Worker,recruitment
TimeTarget Workforce Management Limited,London,,Worker (A rating),Skilled Worker,recruitment
TINKER TAILOR TALENT LIMITED,London,,Worker (A rating),Skilled Worker,recruitment
TKS Staffing Limited,Derby,,Worker (A rating),Skilled Worker,recruitment
Top Talent Recruitment Limited,Southall,Middlesex,Worker (A rating),Skilled Worker,recruitment
Top Team Resources & Recruitment Ltd,Wolverhampton,,Worker (A rating),Skilled Worker,recruitment
Toucan Talent Agency Ltd,London,,Temporary Worker (A rating),Creative Worker,recruitment
Tradewind Recruitment Ltd,LONDON,,Worker (A rating),Skilled Worker,recruitment
Training And Employment Services Ltd.,Ilford,Redbridge,Worker (A rating),Skilled Worker,recruitment
Trinity Recruitment Partners Ltd,Manchester,,Worker (A rating),Skilled Worker,recruitment
TRIOTECH RECRUITMENT LTD,Basildon,,Worker (A rating),Skilled Worker,recruitment
TRUELANCE RECRUITMENT LTD,Leeds,England,Worker (A rating),Skilled Worker,recruitment
Two Way Talent Ltd,London,,Worker (A rating),Skilled Worker,recruitment
UK Business Resource Centre,London,,Worker (A rating),Skilled Worker,recruitment
UK Care Staffing Ltd,Leicester,Leicestershire,Worker (A rating),Skilled Worker,recruitment
Unique Personnel (UK) Limited,London,,Worker (A rating),Skilled Worker,recruitment
United Talent Agency UK Operations Ltd T/A United Talent Agency,London,,Temporary Worker (A rating); Worker (A rating),Creative Worker; Global Business Mobility: Senior or Specialist Worker; Skilled Worker,recruitment
Vail Williams Employment Services Limited,Southampton,,Worker (A rating),Skilled Worker,recruitment
Vanilla Resource UK Ltd,Salford,Greater Manchester,Worker (A rating),Skilled Worker,recruitment
Vantage Resourcing Solutions Ltd t/a VRS Ltd,Sale,Cheshire,Worker (A rating),Skilled Worker,recruitment
Vargo Recruitment Ltd,Cardiff,,Worker (A rating),Skilled Worker,recruitment
VCARE STAFFING LIMITED,MANCHESTER,,Worker (A rating),Skilled Worker,recruitment
Venesky-Brown Recruitment Ltd.,Edinburgh,,Worker (A rating),Skilled Worker,recruitment
Very Clever Locums Ltd,Plymouth,,Worker (A rating),Skilled Worker,recruitment
Vibe Teacher Recruitment Limited,London,,Worker (A rating),Skilled Worker,recruitment
Violet Talent Group Limited,Grays,Essex,Worker (A rating),Skilled Worker,recruitment
Visual Talent Limited,London,,Worker (A rating),Skilled Worker,recruitment
VMA Global Resourcing Group Limited,Aylesbury,,Worker (A rating),Skilled Worker,recruitment
Wasted Talent LTD,London,,Worker (A rating),Skilled Worker,recruitment
Wave Talent,London,,Worker (A rating),Skilled Worker,recruitment
We-Care-Recruitment Ltd,Oxford,,Worker (A rating),Skilled Worker,recruitment
Wild Recruitment Limited,London,,Worker (A rating),Skilled Worker,recruitment
Willow Recruitment London Ltd,Harrow,,Worker (A rating),Skilled Worker,recruitment
WMS Recruitment,Wisbech,,Worker (A rating),Skilled Worker,recruitment
Workforce Employment Solutions Limited,London,,Worker (A rating),Skilled Worker,recruitment
Workforce HCM Limited,London,,Worker (A rating),Global Business Mobility: Senior or Specialist Worker; Skilled Worker,recruitment
WORKFORCE PEOPLE SOLUTIONS LTD,BOLTON,LANCASHIRE,Worker (A rating),Skilled Worker,recruitment
WORKFORCE RECRUITMENT SOLUTIONS LTD,Manchester,,Worker (A rating),Skilled Worker,recruitment
WorkForce Software Limited,Milton Keynes,,Worker (A rating),Skilled Worker,recruitment
Workforce Training & Development Ltd,London,,Worker (A rating),Skilled Worker,recruitment
Worldwide Education Recruitment,Langley,,Worker (A rating),Skilled Worker,recruitment
Y3 RECRUITMENT LTD,Glasgow,Glasgow,Worker (A rating),Skilled Worker,recruitment
Your Talent Solutions Ltd,Wickwar,Gloucestershire,Worker (A rating),Skilled Worker,recruitment
YOURSTAFF RECRUITMENT LIMITED,West Sussex,,Worker (A rating),Skilled Worker,recruitment
ZEN PERSONNEL LIMITED,London,,Worker (A rating),Skilled Worker,recruitment
Zenithcare Resources Management Services Ltd T/A Zenithcare Recruitment,Dagenham,,Worker (A rating),Skilled Worker,recruitment
