sponsor_licence_id,organisation_name,normalized_organisation_name,town_city,county,region,industry,existing_website,existing_careers_url,existing_ats_provider,existing_ats_board_id,discovered_source_url,source_pipeline,source_type,provider,board_id,sample_vacancy_url,evidence_url,confidence,should_import,notes
"141526","ZVF PHARMA LTD","zvf pharma ltd","Slough","Berkshire","South East","Healthcare","","","","","https://zavianpharma.com/careers","unverified","unverified","","","","https://zavianpharma.com/careers","unverified","no_unverified","Fetched page identifies Zavian Pharma Pvt Ltd, not the sponsor ZVF PHARMA LTD in Slough; no reliable identity match."
"154039","AZAAN HEALTHCARE (DUNDEE) LTD","azaan healthcare dundee ltd","Dundee","","","Healthcare","","","","","","unverified","directory_only","","","","https://sponsordirectory.co.uk/azaan-healthcare-dundee-ltd-dundee","unverified","no_unverified","Fetched sponsor directory page only; it provides licence/company information but no employer vacancy, careers, or CV route."
"154351","B R PATEL T/As RIDDHI'S BEAUTY CLINIC","b r patel t as riddhi s beauty clinic","London","","","Healthcare","","","","","https://patelsistersclinic.co.uk/","unverified","unverified","","","","https://patelsistersclinic.co.uk/","unverified","no_unverified","Fetched Patel Sisters Clinic site is a London beauty clinic but does not establish identity as B R PATEL T/As RIDDHI'S BEAUTY CLINIC or provide a verified hiring route."
"154434","Brooke Healthcare Ltd","brooke healthcare ltd","Nottingham","","","Healthcare","","","","","https://brookehealthcare.co.uk/","unverified","unverified","","","","https://brookehealthcare.co.uk/","unverified","no_unverified","Fetched first-party Brooke Healthcare site and Nottingham location lead, but no verified careers/vacancy/CV route was found."
"154468","Hilton Pharmacy Ltd T/A Hilton Pharmacy & Opticians","hilton pharmacy ltd t a hilton pharmacy and opticians","Hilton","Derby","East Midlands","Healthcare","","","","","https://hiltonpharma.com/opportunities-and-openings","unverified","unverified","","","","https://hiltonpharma.com/opportunities-and-openings","unverified","no_unverified","Fetched/search career lead is Hilton Pharma and could not be tied to Hilton Pharmacy Ltd T/A Hilton Pharmacy & Opticians in Hilton, Derby; proposed CV route is not identity-safe."
"154533","Riverside medical practice","riverside medical practice","Blackwood","Caerphilly","Wales","Healthcare","","","","","https://www.pontllanfraithhealthcentre.co.uk/","unverified","unverified","","","","https://www.pontllanfraithhealthcentre.co.uk/","unverified","no_unverified","Fetched Riverside Medical Practice site confirms the practice/location lead, but no reliable vacancy, careers, or recruitment route was found."
"154592","1 Kings Dental Limited","1 kings dental limited","London","","","Healthcare","","","","","https://1kingsdental.com/","unverified","unverified","","","","https://1kingsdental.com/","unverified","no_unverified","Fetched first-party 1 King's Dental site in London, but it exposes treatment/booking content and no verified vacancy or recruitment route."
"154714","18A Charing Cross Dental Surgery","18a charing cross dental surgery","London","","","Healthcare","","","","","","unverified","directory_only","","","","https://www.cqc.org.uk/location/1-215610365/contact","unverified","no_unverified","Fetched CQC contact page confirms the practice address but is a regulator directory and supplies no vacancy source or employer hiring route."
"154847","24/7 Medicine Limited T/ A 24-7 Pharmacy","24 7 medicine limited t a 24 7 pharmacy","Liverpool","Merseyside","North West","Healthcare","","","","","https://medicuspharmacy.co.uk/","unverified","unverified","","","","https://medicuspharmacy.co.uk/","unverified","no_unverified","Fetched Medicus Pharmacy site does not establish identity as 24/7 Medicine Limited T/A 24-7 Pharmacy and no verified hiring route was found."
"154961","313 Healthcare LTD","313 healthcare ltd","Bedford","","","Healthcare","","","","","","unverified","unverified","","","","https://find-and-update.company-information.service.gov.uk/company/10634417","unverified","no_unverified","Only Companies House and unrelated directory/search leads were available; no reliable employer vacancy, careers, ATS, or CV source."
"154979","360 Degrees Clinic Ltd","360 degrees clinic ltd","Surrey","","","Healthcare","","","","","https://careers.smartrecruiters.com/360clinic","unverified","identity_mismatch","SmartRecruiters","360clinic","https://jobs.smartrecruiters.com/360clinic/743999731856592-np-pa","https://jobs.smartrecruiters.com/360clinic/743999731856592-np-pa","unverified","no_unverified","Rejected after fetching the individual NP/PA posting: it is based in Anaheim, California and belongs to a different 360 Clinic. The Surrey sponsor and its UK 360 Degree Clinic site do not match this SmartRecruiters employer."
"154980","360 Degrees Healthcare","360 degrees healthcare","Nelson","Lancashire","North West","Healthcare","","","","","https://www.360degreeshealthcare.co.uk/send-us-your-cv/","send_cv","send_cv_email","","","","https://www.360degreeshealthcare.co.uk/send-us-your-cv/","high","yes_high_confidence","Fetched dedicated first-party Send Us Your CV page. It invites applicants to apply for jobs with 360 and gives the Nelson office address and telephone route. Career-in-care page links to this route."
"155059","3D Healthcare Ltd T/A Proheal Pharma","3d healthcare ltd t a proheal pharma","Taunton","","","Healthcare","","","","","https://www.prohealpharma.co.uk/","unverified","unverified","","","","https://www.prohealpharma.co.uk/about-us","unverified","no_unverified","Fetched Proheal Pharma site identifies 3D Healthcare LTD and Taunton, but no explicit vacancy, careers, application, or CV route was found."
"155071","3D'S Healthcare Services Ltd","3d s healthcare services ltd","Grays","Essex","East of England","Healthcare","","","","","https://www.3dshealthcareservices.co.uk/contact-us","unverified","not_found","","","","https://www.3dshealthcareservices.co.uk/contact-us","unverified","no_unverified","Fetched the first-party contact page. It contains a generic name/email/message form but no reference to jobs, recruitment, applications, or CVs, so it is not a confirmed recruitment contact route."
"155163","4 Ways Healthcare Limited","4 ways healthcare limited","Hemel Hempstead","","","Healthcare","","","","","https://4waysdiagnostics.co.uk/work-for-us","company_website","company_recruitment_page","","","https://uk.indeed.com/job/digital-marketing-executive-b546fae9175ff857","https://4waysdiagnostics.co.uk/work-for-us","high","yes_high_confidence","First-party 4ways Work For Us page identifies the teleradiology business associated with 4 Ways Healthcare Limited and lists current vacancies. It links to a Digital Marketing Executive role on Indeed; the company page remains the primary route."
"155260","5 STAR CLINIC LTD","5 star clinic ltd","Preston","Lancashire","North West","Healthcare","","","","","https://www.5starclinicltd.com/work-with-us","company_website","company_vacancies_page","","","https://myfu.5starclinicltd.com/job-hiring-page-physiotherapist","https://www.5starclinicltd.com/work-with-us","high","yes_high_confidence","First-party Work with Us page lists physiotherapy, administrator, and practice-manager roles. The linked physiotherapist detail page identifies a job offer and application route on a 5starclinicltd.com subdomain."
"155483","A & B Dental Ltd","a and b dental ltd","Northwood","","","Healthcare","","","","","https://www.northwoodhillsdental.co.uk/","unverified","unverified","","","","https://www.northwoodhillsdental.co.uk/","unverified","no_unverified","Search lead points to a Northwood Hills dental site but the fetched evidence did not verify identity as A & B Dental Ltd or establish a hiring route."
"155523","A & M Pharmacies Ltd","a and m pharmacies ltd","Coventry","West Midlands","West Midlands","Healthcare","","","","","https://ah-pharma.com/job-search","unverified","unverified","","","","https://ah-pharma.com/job-search","unverified","no_unverified","Fetched lead is AH Pharma recruitment content, not a verified employer source for A & M Pharmacies Ltd in Coventry."
"155567","A A Rahman t/a Visage Dental Laboratory","a a rahman t a visage dental laboratory","Glasgow","","","Healthcare","","","","","https://visagedentalrecruitment.co.uk/employers","unverified","unverified","","","","https://visagedentalrecruitment.co.uk/employers","unverified","no_unverified","Lead is a dental recruitment agency and does not verify a vacancy or recruitment route belonging to A A Rahman t/a Visage Dental Laboratory."
"155670","A Karim Pharma Ltd","a karim pharma ltd","Bradford","","","Healthcare","","","","","https://www.alkarim.net/policies/terms-of-service","unverified","unverified","","","","https://www.alkarim.net/policies/terms-of-service","unverified","no_unverified","Fetched ALKARIM commerce site but it does not establish identity as A Karim Pharma Ltd in Bradford and contains no verified vacancy route."
"155917","A&U Dental Surgeries Ltd","a and u dental surgeries ltd","Market Harborough","Leicestershire","East Midlands","Healthcare","","","","","https://careers.smartrecruiters.com/audentalsurgeriesltd","job_board","ats_board","SmartRecruiters","audentalsurgeriesltd","https://jobs.smartrecruiters.com/audentalsurgeriesltd/743999871763296-social-media-manager","https://audental.co.uk/careers","high","yes_high_confidence","Fetched SmartRecruiters page explicitly titled Careers at A&U Dental Surgeries Ltd and a Social Media Manager listing. The official audental.co.uk careers page also links to the employer hiring routes; sponsor name and Market Harborough location align."
"155952","A-Z Healthcare (UK) Limited","a z healthcare uk limited","West Croydon","","","Healthcare","","","","","https://a2zhealthcare.us/employment-application","unverified","unverified","","","","https://a2zhealthcare.us/employment-application","unverified","no_unverified","Fetched employment form is a US a2zhealthcare site and does not verify identity as A-Z Healthcare (UK) Limited in West Croydon."
"156010","A.K Medical Consultancy Ltd. T/A Cockerton Pharmacy","a k medical consultancy ltd t a cockerton pharmacy","Darlington","Tyne And Wear","North East","Healthcare","","","","","https://cockertonpharmacy.co.uk/","unverified","unverified","","","","https://cockertonpharmacy.co.uk/","unverified","no_unverified","Fetched first-party Cockerton Pharmacy site matches the trading name and Darlington lead, but no vacancy, careers, application, or CV route was found."
"156393","AAM PHARMA LTD T/A  AR CHEMIST","aam pharma ltd t a ar chemist","LONDON","","","Healthcare","","","","","https://aahpharmaceuticalsweb.eploy.net/vacancies/vacancy-search-results.aspx","unverified","unverified","Eploy","","","https://aahpharmaceuticalsweb.eploy.net/vacancies/vacancy-search-results.aspx","unverified","no_unverified","Fetched Eploy board belongs to AAH Pharmaceuticals, not AAM PHARMA LTD T/A AR CHEMIST; identity mismatch, so it is rejected."
"156488","Aash Pharm Limited T/A Horn Lane Pharmacy","aash pharm limited t a horn lane pharmacy","London","","","Healthcare","","","","","https://www.aashpharm.co.uk/","unverified","unverified","","","","https://www.aashpharm.co.uk/","unverified","no_unverified","Fetched AASH Pharm homepage matches the name family but not enough evidence tied the London sponsor's Horn Lane Pharmacy operation to a specific vacancy or CV route."
"156551","AB Littlejohn & Sons LTD  T/A Dental Technology Services","ab littlejohn and sons ltd t a dental technology services","Glasgow","Starthclyde","","Healthcare","","","","","","unverified","unverified","","","","https://abmltd.co.uk/careers/","unverified","no_unverified","Fetched ABM Ltd careers page; it explicitly requests CVs by email, but the page identifies ABM Ltd and does not establish identity with AB Littlejohn & Sons Ltd T/A Dental Technology Services in Glasgow. Rejected as wrong-employer evidence."
"156607","ABAN HEALTHCARE LTD T/A VICTORIA PHARMACY","aban healthcare ltd t a victoria pharmacy","LONDON","","","Healthcare","","","","","","unverified","unverified","","","","https://abnahhealthcare.co.uk/about.html","unverified","no_unverified","Fetched ABNAH Healthcare page; it describes a specialist recruiter in London, not ABAN Healthcare Ltd T/A Victoria Pharmacy. No reliable employer-specific vacancy or CV route was verified."
"156648","Abbey Dental Clinic","abbey dental clinic","Whiteabbey","Co Antrim","","Healthcare","","","","","","unverified","not_found","","","","https://www.abbeydentalclinic.com/","unverified","no_unverified","Fetched the apparent official Abbey Dental Clinic site for the Whiteabbey/Newtownabbey area, but no careers, vacancies, recruitment, or explicit CV route was verified."
"156658","Abbey House Medical Practice","abbey house medical practice","Daventry","","","Healthcare","","","","","","unverified","unreachable","","","","https://www.abbeyhousemedicalpractice.nhs.uk/","unverified","no_unverified","Official practice domain was identified, but the fetched page did not expose a current vacancy or recruitment route. The NHS Jobs result was explicitly marked closed and was not treated as importable."
"156664","Abbey Meads Dental Practice","abbey meads dental practice","Swindon","","","Healthcare","","","","","","unverified","not_found","","","","https://abbeymeadsdentalcentre.co.uk/","unverified","no_unverified","Fetched an Abbey Meads Dental Centre site in Swindon, but no current careers, vacancies, recruitment, or explicit CV route was verified for the sponsor."
"156667","Abbey Medical Practice","abbey medical practice","Lincoln","","","Healthcare","","","","","","unverified","not_found","","","","https://www.abbeymedicalpractice.co.uk/","unverified","no_unverified","Fetched a possible Abbey Medical Practice site, but no employer-specific vacancy or recruitment route was verified for the Lincoln sponsor."
"156668","ABBEY MEDICAL PRACTICE","abbey medical practice","Wellingborough","Northamptonshire","East Midlands","Healthcare","","","","","","unverified","not_found","","","","https://www.abbeymedicalpractice.uk.com/","unverified","no_unverified","Fetched the official-looking Abbey Medical Practice site and confirmed its Wellingborough address, but no current careers, vacancies, recruitment, or CV route was verified."
"156687","abbey wood dental practice","abbey wood dental practice","LONDON","London","London","Healthcare","","","","","","unverified","unreachable","","","","https://abbeywooddental.co.uk/","unverified","no_unverified","The apparent Abbeywood Dental site could not be fetched successfully. Search leads did not verify a current vacancy or recruitment route tied to the London sponsor."
"156705","Abbeywell Veterinary Clinic Limited","abbeywell veterinary clinic limited","Folkestone","Kent","South East","Healthcare","","","","","","unverified","not_found","","","","https://abbeywellvets.co.uk/","unverified","no_unverified","Fetched the apparent official AbbeyWell Vets site and confirmed the Folkestone practice identity, but no careers, vacancies, recruitment, or explicit CV route was verified."
"156714","Abbots Healthcare Ltd","abbots healthcare ltd","Abbots Langley","Hertfordshire","East of England","Healthcare","","","","","","unverified","unverified","","","","https://www.abbeyhealthcare.org.uk/careers","unverified","no_unverified","Fetched Abbey Healthcare careers content, but the employer identity does not match Abbots Healthcare Ltd in Abbots Langley. Rejected as a likely wrong-employer match."
"156715","Abbots Lodge Dental Practice Ltd","abbots lodge dental practice ltd","Ristington","","","Healthcare","","","","","","unverified","not_found","","","","https://www.abbotslodge.com/","unverified","no_unverified","Fetched the apparent official Abbots Lodge Dental Practice site for Rustington, but no careers, vacancies, recruitment, or explicit CV route was verified."
"156817","Abell Pharma Ltd","abell pharma ltd","Watford","","","Healthcare","","","","","","unverified","unverified","","","","https://abpharma.org/jobs-careers","unverified","no_unverified","Fetched AB Pharma jobs page, but it does not establish identity with Abell Pharma Ltd in Watford. Rejected as wrong-employer evidence."
"156821","Aber Medical Centre","aber medical centre","Caerphilly","","","Healthcare","","","","","","unverified","not_found","","","","https://meddygfatridwr.co.uk/","unverified","no_unverified","Fetched the Aber Medical Centre site and confirmed the Caerphilly-area practice, but no current careers, vacancies, recruitment, or explicit CV route was verified."
"156826","Abercrombie Dental Practice","abercrombie dental practice","Westhill","Aberdeenshire","Scotland","Healthcare","","","","","","unverified","not_found","","","","https://abercrombie-dental.co.uk/","unverified","no_unverified","Fetched the official-looking Abercrombie Dental Practice site and confirmed its Westhill/Aberdeenshire location, but no careers, vacancies, recruitment, or CV route was verified."
"156851","Aberdeen Osteopathy Clinic LTD","aberdeen osteopathy clinic ltd","Aberdeen","Aberdeenshire","Scotland","Healthcare","","","","","","unverified","not_found","","","","https://aberdeenosteopathyclinic.com/","unverified","no_unverified","Fetched the apparent Aberdeen Osteopathy and Massage Clinic site and confirmed Aberdeen-related identity, but no careers, vacancies, recruitment, or explicit CV route was verified."
"156894","Abhishek Vijaya Kumar T/A Blantyre Family Dental Care","abhishek vijaya kumar t a blantyre family dental care","Glasgow","","","Healthcare","","","","","","unverified","not_found","","","","https://blantyrefamilydentalcare.com/","unverified","no_unverified","Fetched the Blantyre Family Dental Care site and confirmed the dental practice identity, but no careers, vacancies, recruitment, or explicit CV route was verified for the sponsor."
"156925","Ability Healthcare Cannock Ltd","ability healthcare cannock ltd","Walsall","","","Healthcare","","","","","","unverified","unverified","","","","https://www.abilityhealthcareltd.com/","unverified","no_unverified","The fetched site names Ability Healthcare Cannock Ltd but contains placeholder San Francisco address, phone, and email details. No trustworthy recruitment evidence was accepted."
"157000","Abney Dental Practice","abney dental practice","London","","","Healthcare","","","","","","unverified","not_found","","","","https://www.abneydental.co.uk/","unverified","no_unverified","Fetched the apparent Abney Dental site for London, but no careers, vacancies, recruitment, or explicit CV route was verified."
"157003","ABODE HEALTHCARE LTD","abode healthcare ltd","Poulton","Lancashire","North West","Healthcare","","","","","","unverified","unverified","","","","https://abonyhealthcare.com/careers","unverified","no_unverified","Fetched Abony Healthcare careers content, but it does not establish identity with ABODE Healthcare Ltd in Poulton. Rejected as wrong-employer evidence."
"157098","Absolute Healthcare Providers Ltd","absolute healthcare providers ltd","Four Marks","Hampshire","South East","Healthcare","","","","","https://absolute-healthcare.co.uk/careers","send_cv","send_cv_email","","","","https://absolute-healthcare.co.uk/careers","high","yes_high_confidence","Fetched first-party Absolute Healthcare Providers Ltd careers page. It says applicants should send a CV to hr@absolute-healthcare.co.uk. Employer name and Alton/Four Marks area match the sponsor; no structured ATS is present."
"157135","Abundant Graze Ltd T/A ACH Healthcare (Bicester)","abundant graze ltd t a ach healthcare bicester","Bicester","","","Healthcare","","","","","https://achhealthcare.org/uk/careers","company_website","company_careers_page","","","","https://achhealthcare.org/uk/careers","medium","review_medium_confidence","Fetched ACH Healthcare UK careers page with Support Worker recruitment and an Apply route. The page mentions Cambridge, while the sponsor row is Abundant Graze Ltd T/A ACH Healthcare (Bicester); confirm the legal-entity and Bicester connection before import."
"157190","Academy Dental Care Ltd","academy dental care ltd","Aberdeen","","","Healthcare","","","","","","unverified","not_found","","","","https://www.academydentalcare.co.uk/","unverified","no_unverified","Fetched Academy Dental Care and confirmed Aberdeen identity, but no careers, vacancies, recruitment, or explicit CV route was verified."
"157195","Academy Medical Centre","academy medical centre","Forfar","Angus","Scotland","Healthcare","","","","","","unverified","not_found","","","","https://www.academymedicalcentre.co.uk/news/2025/np-vacancy.htm","unverified","no_unverified","Fetched the Forfar Academy Medical Centre vacancy page, but it is an old July 2025 posting. Old/closed or stale postings were not treated as importable current vacancy sources."
"157348","Accord Healthcare Limited","accord healthcare limited","North Harrow","Middlesex","","Healthcare","","","","","https://www.intasaccordcareers.com/accordemena/","job_board","external_job_board","Accord Healthcare careers portal (platform unconfirmed)","","","https://www.accord-healthcare.com/uk/careers","high","yes_high_confidence","The official UK careers page identifies Accord Healthcare Ltd and links to its portal, which has keyword, location, category, and country filters. The underlying platform and a specific live vacancy were not confirmed."
"157349","Accord Healthcare Limited","accord healthcare limited","North Harrow","Middlesex","","Healthcare","","","","","https://www.intasaccordcareers.com/accordemena/","job_board","external_job_board","Accord Healthcare careers portal (platform unconfirmed)","","","https://www.accord-healthcare.com/uk/careers","high","yes_high_confidence","Duplicate sponsor record for Accord Healthcare Limited. The official UK careers page links to the Accord portal, which has keyword, location, category, and country filters; underlying platform and a specific live vacancy were not confirmed."
"157412","Accu-Set Healthcare Ltd","accu set healthcare ltd","Newark","Nottinghamshire","East Midlands","Healthcare","","","","","","unverified","unverified","","","","https://accusethealthcare.com/","unverified","no_unverified","Fetched Accu-Set Healthcare's site, which identifies a UK healthcare recruitment agency and candidate services, but the page did not clearly verify the Newark, Nottinghamshire sponsor identity or provide an employer-specific vacancy route."
"157488","Ace24 Healthcare Ltd","ace24 healthcare ltd","Colchester","","","Healthcare","","","","","https://www.ace24healthcare.com/contact-us","send_cv","recruitment_contact_form","","","","https://www.ace24healthcare.com/contact-us","high","yes_high_confidence","First-party Ace 24 Healthcare Colchester page explicitly invites people seeking care-sector work to contact the company about current vacancies and receive an application form."
"157516","Acetherix Healthcare Limited","acetherix healthcare limited","LEICESTER","UNITED KINGDOM","","Healthcare","","","","","","unverified","unreachable","","","","https://acetherixhealthcare.com/","unverified","no_unverified","The apparent official Acetherix Healthcare domain could not be fetched for identity or recruitment verification; directory and sponsor-list results were not treated as evidence."
"157527","Achieve Pharma UK Limited","achieve pharma uk limited","Henley-On-Thames","","","Healthcare","","","","","","unverified","identity_mismatch","","","","http://www.achieveng.com/careers/","unverified","no_unverified","The careers result appears to belong to another Achieve/NG organisation and could not be fetched to establish a match to Achieve Pharma UK Limited in Henley-on-Thames."
"157557","Acklam Medical Centre","acklam medical centre","Middlesbrough","Cleveland","","Healthcare","","","","","","unverified","not_found","","","","https://www.acklammedicalcentre.co.uk/","unverified","no_unverified","The first-party Acklam Medical Centre site was fetched and matches the Middlesbrough practice, but it exposes patient/service information rather than a current vacancy, careers, or recruitment route. The NHS result was an old closed posting."
"157574","Acme Pharma Limited","acme pharma limited","Welwyn Garden City","","","Healthcare","","","","","https://www.acmepharma.co.uk/Careers.html","company_website","company_careers_page","","","https://www.acmepharma.co.uk/Careers.html","https://www.acmepharma.co.uk/contact.html","high","yes_high_confidence","First-party Acme Pharma careers page identifies a Pharmaceutical Sales Representative vacancy and the fetched contact page confirms Acme Pharma Ltd at Welwyn Garden City."
"157588","Acocks green dental practice","acocks green dental practice","Acocks Green","","","Healthcare","","","","","","unverified","identity_mismatch","","","","https://www.cqc.org.uk/location/1-189718876/contact","unverified","no_unverified","Search results produced several unrelated Acocks Green dental practices, but no fetched first-party page was proven to represent the exact sponsor named Acocks green dental practice."
"157775","Active Healthcare Services","active healthcare services","Livingston","West Lothian","Scotland","Healthcare","","","","","https://activehealthcare.org.uk/working-for-us","company_website","company_recruitment_page","","","https://activehealthcare.org.uk/working-for-us","https://activehealthcare.org.uk/contact-us","high","yes_high_confidence","Fetched first-party Active Healthcare Services recruitment page. The official contact page confirms the Livingston, West Lothian address and contact details."
"157784","Active Olive Healthcare Limited","active olive healthcare limited","Wellingborough","","","Healthcare","","","","","","unverified","not_found","","","","https://aohcare.co.uk/","unverified","no_unverified","The Active Olive Healthcare site was fetched and appears to be a healthcare service site, but no careers, vacancy, or explicit recruitment/CV route was found. Location evidence did not clearly reconcile the Wellingborough sponsor row."
"157785","Active Olive Healthcare Ltd","active olive healthcare ltd","Irthlingborough","","","Healthcare","","","","","","unverified","not_found","","","","https://aohcare.co.uk/","unverified","no_unverified","The same Active Olive Healthcare site was fetched and matches a healthcare provider, but no vacancy or recruitment route was found. It was not treated as a source solely because it matched the name; the sponsor identity/location relationship remained insufficient for routing."
"157880","Acupro Clinic","acupro clinic","London","","","Healthcare","","","","","","unverified","not_found","","","","https://acuproclinic.co.uk/","unverified","no_unverified","Fetched AcuPro Clinic's first-party site and confirmed a London clinic, but no careers, vacancy, recruitment, or CV route was identified."
"158002","Adam's Healthcare Nelson Ltd","adam s healthcare nelson ltd","Nelson","England","","Healthcare","","","","","","unverified","not_found","","","","https://www.adamshealthcarenelson.co.uk/","unverified","no_unverified","Fetched Adams Health Care Nelson's site and confirmed a Nelson-area healthcare recruitment agency, but no employer-specific vacancy or application route was found."
"158033","ADAP HEALTHCARE LTD","adap healthcare ltd","HARLOW","","","Healthcare","","","","","","unverified","identity_mismatch","","","","https://adicocare.co.uk/join-our-team","unverified","no_unverified","The join-our-team result belongs to Adico Care, not clearly to ADAP Healthcare Ltd in Harlow; it was rejected as an identity mismatch."
"158100","Addison Road Medical Practice","addison road medical practice","London","Waltham Forest","","Healthcare","","","","","","unverified","not_found","","","","https://www.addisonroadmedicalpractice.nhs.uk/","unverified","no_unverified","Fetched the official Addison Road Medical Practice site and confirmed the London/Waltham Forest practice, but the NHS vacancy result was closed and no current first-party recruitment route was found."
"158139","Adelik Healthcare Ltd","adelik healthcare ltd","Liss","Hampshire","South East","Healthcare","","","","","","unverified","not_found","","","","https://adelikhealthcare.co.uk/services/home-care","unverified","no_unverified","Fetched Adelik Healthcare's official Liss/Hampshire service pages and confirmed the organisation, but no first-party careers, vacancies, recruitment, or CV route was identified."
"158258","Adman's Health Care Ltd","adman s health care ltd","Bolton","","","Healthcare","","","","","","unverified","identity_mismatch","","","","https://wecarestaffing.co.uk/","unverified","no_unverified","Search leads pointed to We Care Staffing and unrelated Bolton pages, not a verified official page for Adman's Health Care Ltd."
"158275","Admire Healthcare T/A Apollo House","admire healthcare t a apollo house","Northampton","","","Healthcare","","","","","","unverified","identity_mismatch","","","","https://www.adarahealthcare.co.uk/careers","unverified","no_unverified","The fetched careers page is for Adara Healthcare and its Apollo House facility, not clearly for the sponsor named Admire Healthcare T/A Apollo House; it was not routed."
"158384","Advance Dental Centre","advance dental centre","Aberdeen","Aberdeenshire","Scotland","Healthcare","","","","","","unverified","not_found","","","","https://www.advancedentalcentre.co.uk/","unverified","no_unverified","Fetched the official Advance Dental Centre site and confirmed the Aberdeen practice, but no careers, vacancy, recruitment, or CV route was found."
"158385","Advance Dental Ltd T/A Advance Dental Care","advance dental ltd t a advance dental care","HOUNSLOW","","","Healthcare","","","","","https://advance-dental-care.co.uk/job-vacancies","send_cv","send_cv_email","","","https://advance-dental-care.co.uk/job-vacancies","https://advance-dental-care.co.uk/contact-us","high","yes_high_confidence","Fetched first-party Advance Dental Care Job Vacancies page listing an Associate Dentist position and explicitly asking applicants to email a CV to info@advance-dental-care.co.uk. Hounslow contact details support the sponsor match."
"158426","Advanced Dental Laboratories Limited","advanced dental laboratories limited","Birmingham","West Midlands","West Midlands","Healthcare","","","","","","unverified","not_found","","","","https://www.advanceddentallaboratories.co.uk/","unverified","no_unverified","Fetched Advanced Dental Laboratories' Birmingham site and confirmed the dental laboratory, but no careers, vacancy, recruitment, or CV route was found."
"158441","Advanced Healthcare Ltd","advanced healthcare ltd","Tonbridge","Kent","South East","Healthcare","","","","","","unverified","identity_mismatch","","","","https://advancehealthcare.co.uk/careers","unverified","no_unverified","The fetched careers page provides an explicit CV email route, but its phone/location evidence points to Staffordshire/West Midlands rather than the Tonbridge, Kent sponsor row; it was rejected pending identity reconciliation."
"158520","Advanz Pharma Services (UK) Limited","advanz pharma services uk limited","London","","","Healthcare","","","","","https://careers.advanzpharma.com/viewalljobs?locale=en_US","job_board","ats_board","SAP SuccessFactors","advanzpharma","","https://www.advanzpharma.com/careers","high","yes_high_confidence","Official ADVANZ PHARMA careers site links to a structured SuccessFactors-style job board and identifies the pharmaceutical company with London operations. No individual live vacancy URL was retained."
"158521","Advanz Pharma Services (UK) Limited","advanz pharma services uk limited","London","","","Healthcare","","","","","https://careers.advanzpharma.com/viewalljobs?locale=en_US","job_board","ats_board","SAP SuccessFactors","advanzpharma","","https://www.advanzpharma.com/careers","high","yes_high_confidence","Duplicate sponsor row for ADVANZ PHARMA Services (UK) Limited. The official company careers page and structured careers board were fetched and identity-verified; no individual live vacancy URL was retained."
"158665","AERO HEALTHCARE LTD","aero healthcare ltd","HORSHAM","","","Healthcare","","","","","https://aerohealthcare.com/uk/about-us/careers","company_website","company_careers_page","","","","https://aerohealthcare.com/uk/about-us","high","yes_high_confidence","Fetched official Aero Healthcare UK careers page and corroborating About Us page. It provides the current opportunities route and states there are no vacancies at present; retained as a careers source, not as an active vacancy."
"158711","Aesthetic care beauty clinic ltd","aesthetic care beauty clinic ltd","Heywood","Lancashire","North West","Healthcare","","","","","","unverified","not_found","","","","https://aestheticcareclinic.co.uk/","unverified","no_unverified","Fetched the first-party Aesthetic Care Beauty Clinic site and confirmed its Heywood address, but found no careers, vacancies, recruitment, or explicit CV/application route."
"158712","AESTHETIC DENTAL IMPLANTS TEAM LIMITED","aesthetic dental implants team limited","LONDON","","","Healthcare","","","","","https://www.aestheticdentalimplants.co.uk/","unverified","unreachable","","","","https://www.aestheticdentalimplants.co.uk/","unverified","no_unverified","Fetched site is only a Softaculous default hosting page; no employer identity, careers route, or vacancy source was available."
"158716","Aesthetica Dental Clinique","aesthetica dental clinique","Warlingham","","","Healthcare","","","","","https://aestheticadental.co.uk/contact-us/","unverified","unreachable","","","","https://aestheticadental.co.uk/contact-us/","unverified","no_unverified","Search lead showed an apparent Aesthetica Dental Clinique contact page and Bletchingley address, but fetching the official page failed; no source accepted without verification."
"158728","Aether Dental Ltd T/A Ambleside Dental Practice","aether dental ltd t a ambleside dental practice","Shrewsbury","","","Healthcare","","","","","https://www.amblesidedental.co.uk/","unverified","not_found","","","","https://www.amblesidedental.co.uk/","unverified","no_unverified","Fetched first-party Ambleside Dental page is consistent with the Shrewsbury practice, but no careers, vacancies, recruitment, or clear CV route was found."
"158743","AF PHARMA LTD","af pharma ltd","Glasgow","","","Healthcare","","","","","https://www.afpharma.com/corporate.html","unverified","identity_mismatch","","","","https://www.afpharma.com/corporate.html","unverified","no_unverified","Fetched AF Pharma corporate page did not establish a connection to the Glasgow sponsor; AFT Pharmaceuticals results are a separate employer."
"158773","AFFINIA HEALTHCARE LIMITED","affinia healthcare limited","Romford","","","Healthcare","","","","","http://affiniahealthcareltd.co.uk/contact.html","unverified","not_found","","","","http://affiniahealthcareltd.co.uk/contact.html","unverified","no_unverified","Fetched first-party Affinia Healthcare page verifies the Romford address and generic info@affiniahealthcare.co.uk contact, but does not direct applicants to CV/recruitment or list vacancies."
"158805","Affordable Healthcare Ltd","affordable healthcare ltd","Leicester","","","Healthcare","","","","","https://www.cqc.org.uk/provider/1-11809674345","unverified","directory_only","","","","https://www.cqc.org.uk/provider/1-11809674345","unverified","no_unverified","Only a CQC provider record was verified; no first-party employer website or vacancy/recruitment route was found. Directory evidence is not importable."
"158923","AFT Pharma UK Limited","aft pharma uk limited","London","","","Healthcare","","","","","https://www.aftpharm.com/uk-en/careers","company_website","company_careers_page","","","","https://www.aftpharm.com/uk-en/careers","high","yes_high_confidence","Fetched official AFT Pharmaceuticals UK careers page; employer page identifies the UK business and directs applicants to current career opportunities."
"158924","AFT Pharma UK Limited","aft pharma uk limited","London","","","Healthcare","","","","","https://www.aftpharm.com/uk-en/careers","company_website","company_careers_page","","","","https://www.aftpharm.com/uk-en/careers","high","yes_high_confidence","Duplicate sponsor row for AFT Pharma UK Limited; fetched official UK careers page and contact/about pages identify the London UK business."
"159057","Agfa Healthcare IT UK Limited","agfa healthcare it uk limited","Uxbridge","Middlesex","","Healthcare","","","","","https://careers.agfa.com/","job_board","ats_board","SAP SuccessFactors","agfa","","https://careers.agfa.com/content/location?locale=en_US","high","yes_high_confidence","Fetched AGFA official careers portal; it explicitly identifies careers.agfa.com as the only official career site and provides structured job search. AGFA HealthCare UK evidence links the healthcare business."
"159247","AH Trueman Limited T/A Hawthorn Drive Dental Practice","ah trueman limited t a hawthorn drive dental practice","Chantry, Ipswich","","","Healthcare","","","","","https://www.hawthorndrivedentalpractice.co.uk/","unverified","not_found","","","","https://www.hawthorndrivedentalpractice.co.uk/","unverified","no_unverified","Fetched first-party Hawthorn Drive Dental Practice page verifies the Ipswich practice, but no careers, vacancies, recruitment, or CV route was found."
"159382","AIAM LIMITED T/A ARIANA PHARMACY","aiam limited t a ariana pharmacy","GREENFORD","","","Healthcare","","","","","https://www.arianapharmacy.co.uk/career.html","company_website","company_careers_page","","","","https://www.arianapharmacy.co.uk/career.html","high","yes_high_confidence","Fetched official Ariana Pharmacy Greenford careers page. It says to ask in store about vacancies and provides company contact details; no structured vacancy list or email-CV instruction was found, so routed as a first-party careers page."
"159438","Ailsa Craig Medical Practice","ailsa craig medical practice","Manchester","","","Healthcare","","","","","https://beta.jobs.nhs.uk/candidate/jobadvert/A1586-26-0002","unverified","unreachable","NHS Jobs","A1586-26-0002","https://beta.jobs.nhs.uk/candidate/jobadvert/A1586-26-0002","https://beta.jobs.nhs.uk/candidate/jobadvert/A1586-26-0002","unverified","no_unverified","Recognized NHS Jobs advert identifies Ailsa Craig Medical Practice, but fetched posting is explicitly closed/old and therefore is not an importable current vacancy source."
"159490","Ainsdale Medical Centre","ainsdale medical centre","Ainsdale","","","Healthcare","","","","","https://www.ainsdalemedicalcentre.nhs.uk/","unverified","not_found","","","","https://www.ainsdalemedicalcentre.nhs.uk/","unverified","no_unverified","Fetched official Ainsdale Medical Centre page verifies the Southport practice, but no careers, vacancies, recruitment, or CV route was found."
"159715","AJ & SJ Healthcare Ltd T/A Mitton Dental Surgery","aj and sj healthcare ltd t a mitton dental surgery","Stourport on Severn","Worcestershire","West Midlands","Healthcare","","","","","https://www.mittondental.co.uk/","unverified","not_found","","","","https://www.mittondental.co.uk/","unverified","no_unverified","Fetched official Mitton Dental page verifies the Stourport-on-Severn practice and location, but no careers, vacancies, recruitment, or CV route was found."
"159769","Ajido Ltd TA Dominion Pharmacy","ajido ltd ta dominion pharmacy","Sunderland","Tyne and Wear","North East","Healthcare","","","","","https://a2dominion.csod.com/ux/ats/careersite/3/home/requisition/3226?c=a2dominion","unverified","identity_mismatch","Cornerstone OnDemand","a2dominion","https://a2dominion.csod.com/ux/ats/careersite/3/home/requisition/3226?c=a2dominion","https://a2dominion.csod.com/ux/ats/careersite/3/home/requisition/3226?c=a2dominion","unverified","no_unverified","Structured career result belongs to a2dominion rather than Ajido Ltd/Dominion Pharmacy; exact employer identity failed."
"159841","AK Pharma Ltd","ak pharma ltd","willand","Devon","South West","Healthcare","","","","","https://www.willandpharmacy.co.uk/","unverified","not_found","","","","https://www.willandpharmacy.co.uk/","unverified","no_unverified","Fetched Willand Pharmacy page and disclaimer identify the pharmacy/trading name, but no careers, vacancies, recruitment, or CV route was found."
"159860","AKA PHARMA","aka pharma","Stoke on Trent","","","Healthcare","","","","","https://careers.akauk.com/jobs","unverified","identity_mismatch","","","","https://careers.akauk.com/jobs","unverified","no_unverified","Fetched AKA careers result is for AKA Group/creative agency and does not establish identity with the Healthcare sponsor AKA PHARMA in Stoke-on-Trent."
"159954","AKM Trading Ltd T/A Gosport Community Pharmacy","akm trading ltd t a gosport community pharmacy","Gosport","","","Healthcare","","","","","https://gcpharmacy.co.uk/","unverified","not_found","","","","https://gcpharmacy.co.uk/","unverified","no_unverified","Fetched Gosport Community Pharmacy site verifies the pharmacy and location, but no careers, vacancies, recruitment, or CV route was found."
"159976","AKRO PHARMACEUTICAL CO LTD","akro pharmaceutical co ltd","LONDON","ENGLAND","","Healthcare","","","","","https://akropharmaceutical.co.uk/","unverified","not_found","","","","https://akropharmaceutical.co.uk/","unverified","no_unverified","Fetched Akro Pharmaceutical corporate/product page, but no careers, vacancies, recruitment, or CV route was found and no London employer location was corroborated."
"159977","Akroates Health Care Limited","akroates health care limited","Stafford","Staffordshire","West Midlands","Healthcare","","","","","https://akroateshealthcare.co.uk/join-our-team","unverified","unreachable","","","","https://akroateshealthcare.co.uk/join-our-team","unverified","no_unverified","Search result indicated an official Join Our Team page, but fetching it returned an anti-bot verification page; no source accepted without page verification."
"159978","AKRON HEALTHCARE LTD","akron healthcare ltd","BIRMINGHAM","WEST MIDLANDS","West Midlands","Healthcare","","","","","https://akron.ai/careers","unverified","identity_mismatch","","","","https://akron.ai/careers","unverified","no_unverified","Fetched Akron careers page is an India-based indoor-air-quality technology company and does not match AKRON HEALTHCARE LTD in Birmingham."
"160022","Aktive Healthcare Limited","aktive healthcare limited","Romford","","","Healthcare","","","","","https://www.aktivepharmacy.co.uk/","unverified","not_found","","","","https://www.aktivepharmacy.co.uk/","unverified","no_unverified","Fetched Aktive Pharmacy site verifies a UK pharmacy, but no careers, vacancies, recruitment, or CV route was found; a third-party careers result was not identity-safe."
"160279","Al-Shafa Medical Centre","al shafa medical centre","Birmingham","","","Healthcare","","","","","https://www.al-shafamedicalcentre.co.uk/","unverified","not_found","","","","https://www.al-shafamedicalcentre.co.uk/","unverified","no_unverified","Fetched official Al-Shafa Medical Centre page verifies the Birmingham address and practice identity, but no careers, vacancies, recruitment, or CV route was found."
"160395","Alba Chiropractic Clinic","alba chiropractic clinic","Dundee","","","Healthcare","","","","","https://www.albachiropractic.com/","unverified","not_found","","","","https://www.albachiropractic.com/","unverified","no_unverified","Fetched official Alba Chiropractic page and Dundee search lead establish the clinic identity, but no careers, vacancies, recruitment, or CV route was found."
"160399","Alba Medical Group","alba medical group","Grangemouth","","","Healthcare","","","","","https://www.fmg.scot.nhs.uk/","unverified","not_found","","","","https://www.fmg.scot.nhs.uk/","unverified","no_unverified","Fetched NHS Forth Valley/Alba Medical Group practice site, but no careers, vacancies, recruitment, or CV route was found and the sponsor-to-group employment route was not explicit."
