sponsor_licence_id,organisation_name,town_city,field,existing_value,proposed_value,confidence,evidence_url,action,reason
171297,Biggs Beit Ltd TA Biggs Healthcare,DUNSTABLE,website_url,,https://www.biggshealthcare.co.uk/,high,https://www.biggshealthcare.co.uk/,update_blank,high-confidence first-party evidence; target website is blank
171419,BIN-SEENA HEALTHCARE LTD,LONDON,website_url,,https://bin-seena.co.uk/,high,https://bin-seena.co.uk/,update_blank,high-confidence first-party evidence; target website is blank
171510,Biomet UK Healthcare Ltd,Mid Glamorgan,careers_url,,https://careers.zimmerbiomet.com/us/en,medium,https://careers.zimmerbiomet.com/us/en,review_only,"medium-confidence value is retained for later review, not promoted"
171510,Biomet UK Healthcare Ltd,Mid Glamorgan,website_url,,https://www.zimmerbiomet.com/en,medium,https://www.zimmerbiomet.com/en,review_only,"medium-confidence value is retained for later review, not promoted"
171511,Biomet UK Healthcare Ltd,Mid Glamorgan,careers_url,,https://careers.zimmerbiomet.com/us/en,medium,https://careers.zimmerbiomet.com/us/en,review_only,"medium-confidence value is retained for later review, not promoted"
171511,Biomet UK Healthcare Ltd,Mid Glamorgan,website_url,,https://www.zimmerbiomet.com/en,medium,https://www.zimmerbiomet.com/en,review_only,"medium-confidence value is retained for later review, not promoted"
171543,Biotech Consultants Limited (BTCL),London,website_url,,https://www.biotechconsultants.co.uk/,medium,https://www.biotechconsultants.co.uk/,review_only,"medium-confidence value is retained for later review, not promoted"
171561,Birbeck Medical Group,Penrith,careers_url,,https://www.birbeckmedicalgroup.co.uk/jobs/,high,https://www.birbeckmedicalgroup.co.uk/,update_blank,high-confidence careers evidence; target careers URL is blank
171561,Birbeck Medical Group,Penrith,website_url,,https://www.birbeckmedicalgroup.co.uk/,high,https://www.birbeckmedicalgroup.co.uk/,update_blank,high-confidence first-party evidence; target website is blank
171615,Birkby Dental Care Limited,Huddersfield,website_url,,https://www.birkbydentalcare.com/,high,https://www.birkbydentalcare.com/,update_blank,high-confidence first-party evidence; target website is blank
171730,BISCOT PHARMACY LTD,Luton,website_url,,https://biscotpharmacy.com/,high,https://biscotpharmacy.com/,update_blank,high-confidence first-party evidence; target website is blank
171756,Bishops Stortford Veterinary Hospital Limited,Bishops Stortford,careers_url,,https://www.stortvet.com/careers/,high,https://www.stortvet.com/,update_blank,high-confidence careers evidence; target careers URL is blank
171756,Bishops Stortford Veterinary Hospital Limited,Bishops Stortford,website_url,,https://www.stortvet.com/,high,https://www.stortvet.com/,update_blank,high-confidence first-party evidence; target website is blank
171919,Black & Brown Dental Limited,Dunfermline,careers_url,,https://www.blackandbrowndental.co.uk/careers,high,https://www.blackandbrowndental.co.uk/,update_blank,high-confidence careers evidence; target careers URL is blank
171919,Black & Brown Dental Limited,Dunfermline,website_url,,https://www.blackandbrowndental.co.uk/,high,https://www.blackandbrowndental.co.uk/,update_blank,high-confidence first-party evidence; target website is blank
172386,Blossom24 Healthcare & Training Ltd,Northampton,careers_url,,https://blossom24careandtraining.com/work-with-us,high,https://blossom24careandtraining.com/,update_blank,high-confidence careers evidence; target careers URL is blank
172386,Blossom24 Healthcare & Training Ltd,Northampton,website_url,,https://blossom24careandtraining.com/,high,https://blossom24careandtraining.com/,update_blank,high-confidence first-party evidence; target website is blank
172442,Blue Coral Healthcare,Sheffield,careers_url,,https://www.bluecoralhealthcare.co.uk/careers/,high,https://www.bluecoralhealthcare.co.uk/,update_blank,high-confidence careers evidence; target careers URL is blank
172442,Blue Coral Healthcare,Sheffield,website_url,,https://www.bluecoralhealthcare.co.uk/,high,https://www.bluecoralhealthcare.co.uk/,update_blank,high-confidence first-party evidence; target website is blank
172449,Blue Dental Laboratory Limited,Crowborough,website_url,,https://bluedentallab.org/,high,https://bluedentallab.org/,update_blank,high-confidence first-party evidence; target website is blank
172496,Blue Lotus Healthcare Ltd,Milton Keynes,careers_url,,https://bluelotushealthcare.co.uk/careers/,high,https://bluelotushealthcare.co.uk/,update_blank,high-confidence careers evidence; target careers URL is blank
172496,Blue Lotus Healthcare Ltd,Milton Keynes,website_url,,https://bluelotushealthcare.co.uk/,high,https://bluelotushealthcare.co.uk/,update_blank,high-confidence first-party evidence; target website is blank
172546,Blue Skies Healthcare,Walsall,careers_url,,https://blueskieshealthcare.co.uk/jobs/,medium,https://blueskieshealthcare.co.uk/jobs/,review_only,"medium-confidence value is retained for later review, not promoted"
172546,Blue Skies Healthcare,Walsall,website_url,,https://blueskieshealthcare.co.uk/,high,https://blueskieshealthcare.co.uk/,update_blank,high-confidence first-party evidence; target website is blank
172552,Blue Sky Dental Limited,West Lothian,careers_url,,https://www.blueskydental.co.uk/work-with-us,high,https://www.blueskydental.co.uk/,update_blank,high-confidence careers evidence; target careers URL is blank
172552,Blue Sky Dental Limited,West Lothian,website_url,,https://www.blueskydental.co.uk/,medium,https://www.blueskydental.co.uk/,review_only,"medium-confidence value is retained for later review, not promoted"
172600,Bluebell Healthcare ltd,Reading,website_url,,https://bluebell-health.co.uk/,high,https://bluebell-health.co.uk/,update_blank,high-confidence first-party evidence; target website is blank
172743,Blumont Pharma Ltd,Grantham,website_url,,https://www.blumontpharma.com/,high,https://www.blumontpharma.com/,update_blank,high-confidence first-party evidence; target website is blank
172750,Blush Healthcare Limited,Altrincham,careers_url,,https://blushhealthcare.co.uk/h/careers,high,https://blushhealthcare.co.uk/,update_blank,high-confidence careers evidence; target careers URL is blank
172750,Blush Healthcare Limited,Altrincham,website_url,,https://blushhealthcare.co.uk/,high,https://blushhealthcare.co.uk/,update_blank,high-confidence first-party evidence; target website is blank
173067,Bolff Healthcare Services Ltd,Oxford,careers_url,,https://www.bolffhealthcare.com/careers/,high,https://www.bolffhealthcare.com/,update_blank,high-confidence careers evidence; target careers URL is blank
173067,Bolff Healthcare Services Ltd,Oxford,website_url,,https://www.bolffhealthcare.com/,high,https://www.bolffhealthcare.com/,update_blank,high-confidence first-party evidence; target website is blank
173253,BOOMERANG HEALTHCARE LIMITED,GATESHEAD,careers_url,,https://www.boomeranghealthcare.com/recruitment/,high,https://www.boomeranghealthcare.com/,update_blank,high-confidence careers evidence; target careers URL is blank
173253,BOOMERANG HEALTHCARE LIMITED,GATESHEAD,website_url,,https://www.boomeranghealthcare.com/,high,https://www.boomeranghealthcare.com/,update_blank,high-confidence first-party evidence; target website is blank
173584,Bower Mount Medical Practice,Maidstone,careers_url,,https://www.bowermountmedical.co.uk/jobs,high,https://www.bowermountmedical.co.uk/,update_blank,high-confidence careers evidence; target careers URL is blank
173584,Bower Mount Medical Practice,Maidstone,website_url,,https://www.bowermountmedical.co.uk/,high,https://www.bowermountmedical.co.uk/,update_blank,high-confidence first-party evidence; target website is blank
173879,Brampton Medical Practice,Brampton,careers_url,,https://www.bramptonmedicalpractice.com/vacancies-1,high,https://www.bramptonmedicalpractice.com/,update_blank,high-confidence careers evidence; target careers URL is blank
173879,Brampton Medical Practice,Brampton,website_url,,https://www.bramptonmedicalpractice.com/,high,https://www.bramptonmedicalpractice.com/,update_blank,high-confidence first-party evidence; target website is blank
174034,Breakspear Medical Group Ltd,Hemel Hempstead,careers_url,,https://www.breakspearmedical.com/about-us/careers/,high,https://www.breakspearmedical.com/,update_blank,high-confidence careers evidence; target careers URL is blank
174034,Breakspear Medical Group Ltd,Hemel Hempstead,website_url,,https://www.breakspearmedical.com/,high,https://www.breakspearmedical.com/,update_blank,high-confidence first-party evidence; target website is blank
174478,Brightwell Healthcare Limited,Ipswich,careers_url,,https://www.brightwell.co.uk/our-careers/,high,https://www.brightwell.co.uk/,update_blank,high-confidence careers evidence; target careers URL is blank
174478,Brightwell Healthcare Limited,Ipswich,website_url,,https://www.brightwell.co.uk/,medium,https://www.brightwell.co.uk/,review_only,"medium-confidence value is retained for later review, not promoted"
174542,BrisDoc Healthcare Services,Bristol,careers_url,,https://brisdoc.co.uk/gp-careers/,high,https://brisdoc.co.uk/,update_blank,high-confidence careers evidence; target careers URL is blank
174542,BrisDoc Healthcare Services,Bristol,website_url,,https://brisdoc.co.uk/,high,https://brisdoc.co.uk/,update_blank,high-confidence first-party evidence; target website is blank
174786,BritMed Healthcare Ltd,Chatham,website_url,,https://britmedhealthcare.co.uk/,high,https://britmedhealthcare.co.uk/,update_blank,high-confidence first-party evidence; target website is blank
174960,BRONTE HEALTHCARE LIMITED T/A SURECARE SKIPTON & BINGLEY,Shipley,careers_url,,https://surecare.co.uk/careers/,high,https://surecare.co.uk/,update_blank,high-confidence careers evidence; target careers URL is blank
174960,BRONTE HEALTHCARE LIMITED T/A SURECARE SKIPTON & BINGLEY,Shipley,website_url,,https://surecare.co.uk/,medium,https://surecare.co.uk/,review_only,"medium-confidence value is retained for later review, not promoted"
175467,Bucks Pharmacies Limited T/A Cowley Pharmacy,High Wycombe,careers_url,,https://cowleypharmacy.co.uk/careers,medium,https://cowleypharmacy.co.uk/careers,review_only,"medium-confidence value is retained for later review, not promoted"
175467,Bucks Pharmacies Limited T/A Cowley Pharmacy,High Wycombe,website_url,,https://cowleypharmacy.co.uk/,medium,https://cowleypharmacy.co.uk/,review_only,"medium-confidence value is retained for later review, not promoted"
175626,Bumade Healthcare Services Ltd,Chatham,careers_url,,https://www.bumadehealthcare.com/,high,https://www.bumadehealthcare.com/,update_blank,high-confidence careers evidence; target careers URL is blank
175626,Bumade Healthcare Services Ltd,Chatham,website_url,,https://www.bumadehealthcare.com/,high,https://www.bumadehealthcare.com/,update_blank,high-confidence first-party evidence; target website is blank
175747,Burlington Primary Care,Ipswich,careers_url,,https://www.burlingtonprimarycare.co.uk/jobs,high,https://www.burlingtonprimarycare.co.uk/,update_blank,high-confidence careers evidence; target careers URL is blank
175747,Burlington Primary Care,Ipswich,website_url,,https://www.burlingtonprimarycare.co.uk/,high,https://www.burlingtonprimarycare.co.uk/,update_blank,high-confidence first-party evidence; target website is blank
175817,Burton Dental Lodge,Boston,website_url,,https://burtondentallodge.co.uk/,high,https://burtondentallodge.co.uk/,update_blank,high-confidence first-party evidence; target website is blank
175857,Bushey Heath Dental Centre,Herts,website_url,,https://www.busheydental.com/,medium,https://www.busheydental.com/,review_only,"medium-confidence value is retained for later review, not promoted"
175961,Butt & Hobbs Limited t/a Hobbs Pharmacy,Dartford,website_url,,https://www.hobbspharmacy.co.uk/,medium,https://www.hobbspharmacy.co.uk/,review_only,"medium-confidence value is retained for later review, not promoted"
175973,Buttercross Dental Ltd,Oxfordshire,website_url,,https://www.buttercrossdp.co.uk/,high,https://www.buttercrossdp.co.uk/,update_blank,high-confidence first-party evidence; target website is blank
176133,Byron Medical Practice,Seaham,website_url,,https://byronmedicalpractice.co.uk/,high,https://byronmedicalpractice.co.uk/,update_blank,high-confidence first-party evidence; target website is blank
176404,Cadham Pharmacy Ltd,Glenrothes,website_url,,https://cadhampharmacy.com/,high,https://cadhampharmacy.com/,update_blank,high-confidence first-party evidence; target website is blank
176989,Camino Healthcare Limited T/A Vestige Healthcare,Berkshire,careers_url,,https://www.caminohealthcare.co.uk/jobs,medium,https://www.caminohealthcare.co.uk/jobs,review_only,"medium-confidence value is retained for later review, not promoted"
176989,Camino Healthcare Limited T/A Vestige Healthcare,Berkshire,website_url,,https://www.caminohealthcare.co.uk/,medium,https://www.caminohealthcare.co.uk/,review_only,"medium-confidence value is retained for later review, not promoted"
177002,CAMPAIGNE LIMITED T/A C THE DENTIST,CHEADLE,website_url,,https://www.cthedentist.com/,high,https://www.cthedentist.com/,update_blank,high-confidence first-party evidence; target website is blank
177109,Candela Healthcare Ltd,Hereford,careers_url,,https://candelahealthcare.co.uk/join-us/,high,https://candelahealthcare.co.uk/,update_blank,high-confidence careers evidence; target careers URL is blank
177109,Candela Healthcare Ltd,Hereford,website_url,,https://candelahealthcare.co.uk/,high,https://candelahealthcare.co.uk/,update_blank,high-confidence first-party evidence; target website is blank
177182,CANONS PHARMACY LTD,LONDON,careers_url,,https://canonspharmacy.co.uk/careers,medium,https://canonspharmacy.co.uk/careers,review_only,"medium-confidence value is retained for later review, not promoted"
177182,CANONS PHARMACY LTD,LONDON,website_url,,https://canonspharmacy.co.uk/,high,https://canonspharmacy.co.uk/,update_blank,high-confidence first-party evidence; target website is blank
177187,Canopy Life Sciences ltd,Chesham,careers_url,,https://www.hellocanopy.com/jobs,medium,https://www.hellocanopy.com/jobs,review_only,"medium-confidence value is retained for later review, not promoted"
177187,Canopy Life Sciences ltd,Chesham,website_url,,https://www.hellocanopy.com/,medium,https://www.hellocanopy.com/,review_only,"medium-confidence value is retained for later review, not promoted"
177268,CAPERNAUM HEALTHCARE LTD,EDINBURGH,website_url,,https://capernaumcare.co.uk/,high,https://capernaumcare.co.uk/,update_blank,high-confidence first-party evidence; target website is blank
177388,Capri Healthcare Ltd,Birmingham,website_url,,https://caprihealthcare.co.uk/,medium,https://caprihealthcare.co.uk/,review_only,"medium-confidence value is retained for later review, not promoted"
177389,Capri Healthcare Ltd,Birmingham,website_url,,https://caprihealthcare.co.uk/,medium,https://caprihealthcare.co.uk/,review_only,"medium-confidence value is retained for later review, not promoted"
177390,Capri Healthcare Ltd,Birmingham,website_url,,https://caprihealthcare.co.uk/,medium,https://caprihealthcare.co.uk/,review_only,"medium-confidence value is retained for later review, not promoted"
177549,CARBONSPARK LTD,London,website_url,,https://carbonspark.co.uk/,high,https://carbonspark.co.uk/,update_blank,high-confidence first-party evidence; target website is blank
177552,Carclo plc,Ossett,careers_url,,https://www.carclo.co.uk/join-us,high,https://www.carclo.co.uk/,update_blank,high-confidence careers evidence; target careers URL is blank
177552,Carclo plc,Ossett,website_url,,https://www.carclo.co.uk/,medium,https://www.carclo.co.uk/,review_only,"medium-confidence value is retained for later review, not promoted"
177610,Cardinal Medical Practice,Ipswich,careers_url,,https://cardinalmedicalpractice.co.uk/vacancies/,medium,https://cardinalmedicalpractice.co.uk/vacancies/,review_only,"medium-confidence value is retained for later review, not promoted"
177610,Cardinal Medical Practice,Ipswich,website_url,,https://cardinalmedicalpractice.co.uk/,high,https://cardinalmedicalpractice.co.uk/,update_blank,high-confidence first-party evidence; target website is blank
177745,Care Moments Healthcare Ltd,Crawley,careers_url,,https://www.caremoments.co.uk/careers/,high,https://www.caremoments.co.uk/,update_blank,high-confidence careers evidence; target careers URL is blank
177745,Care Moments Healthcare Ltd,Crawley,website_url,,https://www.caremoments.co.uk/,high,https://www.caremoments.co.uk/,update_blank,high-confidence first-party evidence; target website is blank
177756,Care Partners Health Care LTD,DUNFERMLINE,careers_url,,https://www.carepartnershc.co.uk/Job-References,high,https://www.carepartnershc.co.uk/,update_blank,high-confidence careers evidence; target careers URL is blank
177756,Care Partners Health Care LTD,DUNFERMLINE,website_url,,https://www.carepartnershc.co.uk/,high,https://www.carepartnershc.co.uk/,update_blank,high-confidence first-party evidence; target website is blank
177760,Care Pharma (Romford) Ltd T/A Clockhouse Pharmacy,Romford,website_url,,https://clockhousepharmacy.co.uk/?password-protected=login&redirect_to=https%3A%2F%2Fclockhousepharmacy.co.uk%2F,medium,https://clockhousepharmacy.co.uk/?password-protected=login&redirect_to=https%3A%2F%2Fclockhousepharmacy.co.uk%2F,review_only,"medium-confidence value is retained for later review, not promoted"
177804,Care To You Healthcare,Eastbourne,careers_url,,https://caretoyouhealthcare.co.uk/jobs/,high,https://caretoyouhealthcare.co.uk/,update_blank,high-confidence careers evidence; target careers URL is blank
177804,Care To You Healthcare,Eastbourne,website_url,,https://caretoyouhealthcare.co.uk/,high,https://caretoyouhealthcare.co.uk/,update_blank,high-confidence first-party evidence; target website is blank
177805,Care To You Healthcare Limited,Eastbourne,careers_url,,https://caretoyouhealthcare.co.uk/jobs/,high,https://caretoyouhealthcare.co.uk/,update_blank,high-confidence careers evidence; target careers URL is blank
177805,Care To You Healthcare Limited,Eastbourne,website_url,,https://caretoyouhealthcare.co.uk/,high,https://caretoyouhealthcare.co.uk/,update_blank,high-confidence first-party evidence; target website is blank
177841,Care4us health Care Limited,Bury,careers_url,,https://care4ushealthcare.co.uk/job-openings/,high,https://care4ushealthcare.co.uk/,update_blank,high-confidence careers evidence; target careers URL is blank
177841,Care4us health Care Limited,Bury,website_url,,https://care4ushealthcare.co.uk/,high,https://care4ushealthcare.co.uk/,update_blank,high-confidence first-party evidence; target website is blank
177886,Carelight Healthcare Ltd,Wolverhampton,careers_url,,https://carelight.co.uk/recruitment-process/,high,https://carelight.co.uk/,update_blank,high-confidence careers evidence; target careers URL is blank
177886,Carelight Healthcare Ltd,Wolverhampton,website_url,,https://carelight.co.uk/,medium,https://carelight.co.uk/,review_only,"medium-confidence value is retained for later review, not promoted"
177909,CarePlusPharmacy UK Ltd t/a Careplus Pharmacy,Hertfordshire,website_url,,https://carepluspharmacy.co.uk/,high,https://carepluspharmacy.co.uk/,update_blank,high-confidence first-party evidence; target website is blank
177938,CAREWISE HEALTHCARE GROUP LTD T/A CAREWISE PHARMACY,Edinburgh,careers_url,,https://carewiseltd.co.uk/candidates/,high,https://carewiseltd.co.uk/,update_blank,high-confidence careers evidence; target careers URL is blank
177938,CAREWISE HEALTHCARE GROUP LTD T/A CAREWISE PHARMACY,Edinburgh,website_url,,https://carewiseltd.co.uk/,medium,https://carewiseltd.co.uk/,review_only,"medium-confidence value is retained for later review, not promoted"
178020,Caringplus Healthcare Services LTD,Abingdon,website_url,,https://www.caringplushealth.co.uk/,high,https://www.caringplushealth.co.uk/,update_blank,high-confidence first-party evidence; target website is blank
178196,CARTERS GREEN HEALTHCARE SERVICES LIMITED,WEST BROMWICH,careers_url,,https://www.cartersgreenhealthcare.co.uk/job-vacancies/,high,https://www.cartersgreenhealthcare.co.uk/,update_blank,high-confidence careers evidence; target careers URL is blank
178196,CARTERS GREEN HEALTHCARE SERVICES LIMITED,WEST BROMWICH,website_url,,https://www.cartersgreenhealthcare.co.uk/,high,https://www.cartersgreenhealthcare.co.uk/,update_blank,high-confidence first-party evidence; target website is blank
178363,Castle Craig Hospital,West Linton,careers_url,,https://www.castlecraig.co.uk/contact-us/careers/,high,https://www.castlecraig.co.uk/,update_blank,high-confidence careers evidence; target careers URL is blank
178363,Castle Craig Hospital,West Linton,website_url,,https://www.castlecraig.co.uk/,high,https://www.castlecraig.co.uk/,update_blank,high-confidence first-party evidence; target website is blank
178391,Castle Street Dental,Forfar,careers_url,,https://www.castlestreetdental.com/team/david-jack,high,https://www.castlestreetdental.com/,update_blank,high-confidence careers evidence; target careers URL is blank
178391,Castle Street Dental,Forfar,website_url,,https://www.castlestreetdental.com/,high,https://www.castlestreetdental.com/,update_blank,high-confidence first-party evidence; target website is blank
178524,Cathena Healthcare Limited,Chigwell,careers_url,,https://www.cathenacare.com/careers/,high,https://www.cathenacare.com/,update_blank,high-confidence careers evidence; target careers URL is blank
178524,Cathena Healthcare Limited,Chigwell,website_url,,https://www.cathenacare.com/,high,https://www.cathenacare.com/,update_blank,high-confidence first-party evidence; target website is blank
179044,Center Healthcare Limited,South Croydon,careers_url,,https://centerhc.com/jobs/,medium,https://centerhc.com/jobs/,review_only,"medium-confidence value is retained for later review, not promoted"
179044,Center Healthcare Limited,South Croydon,website_url,,https://centerhc.com/,medium,https://centerhc.com/,review_only,"medium-confidence value is retained for later review, not promoted"
179135,CENTRALIZED AMBULANCE TRANSPORT SERVICES LTD,PETERBOROUGH,careers_url,,https://www.catsambulance.com/recruitment-form/,high,https://www.catsambulance.com/,update_blank,high-confidence careers evidence; target careers URL is blank
179135,CENTRALIZED AMBULANCE TRANSPORT SERVICES LTD,PETERBOROUGH,website_url,,https://www.catsambulance.com/,high,https://www.catsambulance.com/,update_blank,high-confidence first-party evidence; target website is blank
179235,Century Healthcare Limited,Lytham St Annes,careers_url,,https://www.centuryhealthcare.co.uk/recruitment,high,https://www.centuryhealthcare.co.uk/,update_blank,high-confidence careers evidence; target careers URL is blank
179235,Century Healthcare Limited,Lytham St Annes,website_url,,https://www.centuryhealthcare.co.uk/,high,https://www.centuryhealthcare.co.uk/,update_blank,high-confidence first-party evidence; target website is blank
179316,Certus Healthcare Limited,Bradford,careers_url,,https://www.certus-tech.com/join-us,high,https://www.certus-tech.com/,update_blank,high-confidence careers evidence; target careers URL is blank
179316,Certus Healthcare Limited,Bradford,website_url,,https://www.certus-tech.com/,medium,https://www.certus-tech.com/,review_only,"medium-confidence value is retained for later review, not promoted"
179685,Charice Healthcare Ltd,Milton Keynes,website_url,,https://charicehealthcare.co.uk/,high,https://charicehealthcare.co.uk/,update_blank,high-confidence first-party evidence; target website is blank
180058,Chelsea Community Hospital School,London,careers_url,,https://www.cchs.org.uk/about-us/vacancies,high,https://www.cchs.org.uk/,update_blank,high-confidence careers evidence; target careers URL is blank
180058,Chelsea Community Hospital School,London,website_url,,https://www.cchs.org.uk/,high,https://www.cchs.org.uk/,update_blank,high-confidence first-party evidence; target website is blank
180072,Chelsea Hospital Limited T/A Memorial Houston Medical,London,website_url,,https://www.memorialhouston.com/,medium,https://www.memorialhouston.com/,review_only,"medium-confidence value is retained for later review, not promoted"
180073,Chelsea Hospital Limited T/A Memorial Houston Medical,London,website_url,,https://www.memorialhouston.com/,medium,https://www.memorialhouston.com/,review_only,"medium-confidence value is retained for later review, not promoted"
180095,CHELTPHARM LTD T/A Gloucestershire Pharmacy,Cheltenham,website_url,,https://gloucestershirepharmacy.co.uk/,high,https://gloucestershirepharmacy.co.uk/,update_blank,high-confidence first-party evidence; target website is blank
180528,China Healthcare UK Limited,Barking,website_url,,https://chinahealthcaregroup.com/,high,https://chinahealthcaregroup.com/,update_blank,high-confidence first-party evidence; target website is blank
180693,Choice Health Care Limited,Birmingham,careers_url,,https://www.choice-hc.co.uk/,high,https://www.choice-hc.co.uk/,update_blank,high-confidence careers evidence; target careers URL is blank
180693,Choice Health Care Limited,Birmingham,website_url,,https://www.choice-hc.co.uk/,high,https://www.choice-hc.co.uk/,update_blank,high-confidence first-party evidence; target website is blank
180703,Choices Healthcare Ltd,Southend-On-Sea,careers_url,,https://www.choiceshealthcare.co.uk/recruitment.php,high,https://www.choiceshealthcare.co.uk/,update_blank,high-confidence careers evidence; target careers URL is blank
180703,Choices Healthcare Ltd,Southend-On-Sea,website_url,,https://www.choiceshealthcare.co.uk/,high,https://www.choiceshealthcare.co.uk/,update_blank,high-confidence first-party evidence; target website is blank
180733,Chopra Dental LTD,Kent,website_url,,https://www.chopradental.com/,high,https://www.chopradental.com/,update_blank,high-confidence first-party evidence; target website is blank
181339,Cirencester Health Group,Cirencester,careers_url,,https://cirencesterhealthgroup.co.uk/surgery-information/vacancies/,medium,https://cirencesterhealthgroup.co.uk/surgery-information/vacancies/,review_only,"medium-confidence value is retained for later review, not promoted"
181339,Cirencester Health Group,Cirencester,website_url,,https://cirencesterhealthgroup.co.uk/,high,https://cirencesterhealthgroup.co.uk/,update_blank,high-confidence first-party evidence; target website is blank
181748,Clarendon Lodge Medical Practice,Leamington,careers_url,,https://clmp.org.uk/careers/,medium,https://clmp.org.uk/careers/,review_only,"medium-confidence value is retained for later review, not promoted"
181748,Clarendon Lodge Medical Practice,Leamington,website_url,,https://clmp.org.uk/,medium,https://clmp.org.uk/,review_only,"medium-confidence value is retained for later review, not promoted"
181816,CLARKS HEALTHCARE LTD,london,website_url,,https://www.clarks.com/en-us,medium,https://www.clarks.com/en-us,review_only,"medium-confidence value is retained for later review, not promoted"
181892,Clay Lane Medical Practice,Coventry,website_url,,https://www.claylanemedicalpractice.co.uk/,high,https://www.claylanemedicalpractice.co.uk/,update_blank,high-confidence first-party evidence; target website is blank
182082,Cleveland Clinic London Ltd,Belgravia,careers_url,,https://www.clevelandcliniclondon.uk/,medium,https://www.clevelandcliniclondon.uk/,review_only,"medium-confidence value is retained for later review, not promoted"
182082,Cleveland Clinic London Ltd,Belgravia,website_url,,https://www.clevelandcliniclondon.uk/,high,https://www.clevelandcliniclondon.uk/,update_blank,high-confidence first-party evidence; target website is blank
182083,Cleveland Clinic London Ltd,Belgravia,careers_url,,https://www.clevelandcliniclondon.uk/,medium,https://www.clevelandcliniclondon.uk/,review_only,"medium-confidence value is retained for later review, not promoted"
182083,Cleveland Clinic London Ltd,Belgravia,website_url,,https://www.clevelandcliniclondon.uk/,high,https://www.clevelandcliniclondon.uk/,update_blank,high-confidence first-party evidence; target website is blank
182131,Cliff House Medical Practice,Lincoln,careers_url,,https://www.cliffhousemedicalpractice.co.uk/jobs/,medium,https://www.cliffhousemedicalpractice.co.uk/jobs/,review_only,"medium-confidence value is retained for later review, not promoted"
182131,Cliff House Medical Practice,Lincoln,website_url,,https://www.cliffhousemedicalpractice.co.uk/,high,https://www.cliffhousemedicalpractice.co.uk/,update_blank,high-confidence first-party evidence; target website is blank
182617,Coach House Dental Care,Wrexham,website_url,,https://www.coachhousedental.co.uk/,medium,https://www.coachhousedental.co.uk/,review_only,"medium-confidence value is retained for later review, not promoted"
182849,Cogent Healthcare Ltd,Dalkeith,careers_url,,https://cogenthealthgroup.co.uk/facilities/,high,https://cogenthealthgroup.co.uk/,update_blank,high-confidence careers evidence; target careers URL is blank
182849,Cogent Healthcare Ltd,Dalkeith,website_url,,https://cogenthealthgroup.co.uk/,high,https://cogenthealthgroup.co.uk/,update_blank,high-confidence first-party evidence; target website is blank
182852,Cogentia Healthcare Consulting Ltd,Cambridge,careers_url,,https://cogentia.co.uk/careers,medium,https://cogentia.co.uk/careers,review_only,"medium-confidence value is retained for later review, not promoted"
182852,Cogentia Healthcare Consulting Ltd,Cambridge,website_url,,https://cogentia.co.uk/,medium,https://cogentia.co.uk/,review_only,"medium-confidence value is retained for later review, not promoted"
182853,Cogentia Healthcare Consulting Ltd,Cambridge,careers_url,,https://cogentia.co.uk/careers,medium,https://cogentia.co.uk/careers,review_only,"medium-confidence value is retained for later review, not promoted"
182853,Cogentia Healthcare Consulting Ltd,Cambridge,website_url,,https://cogentia.co.uk/,medium,https://cogentia.co.uk/,review_only,"medium-confidence value is retained for later review, not promoted"
182986,Colindale Dental,London,careers_url,,https://www.colindaledental.co.uk/recruitment/,high,https://www.colindaledental.co.uk/,update_blank,high-confidence careers evidence; target careers URL is blank
182986,Colindale Dental,London,website_url,,https://www.colindaledental.co.uk/,high,https://www.colindaledental.co.uk/,update_blank,high-confidence first-party evidence; target website is blank
183442,COMPASSION HEALTHCARE STAFFING SERVICES LTD,MAIDSTONE,website_url,,https://compassionhealthcare.co.uk/homecare/,medium,https://compassionhealthcare.co.uk/homecare/,review_only,"medium-confidence value is retained for later review, not promoted"
183451,Compassionate Healthcare Ltd,Stoke On Trent,careers_url,,https://compassionatehealthcare.co.uk/careers/,high,https://compassionatehealthcare.co.uk/,update_blank,high-confidence careers evidence; target careers URL is blank
183451,Compassionate Healthcare Ltd,Stoke On Trent,website_url,,https://compassionatehealthcare.co.uk/,medium,https://compassionatehealthcare.co.uk/,review_only,"medium-confidence value is retained for later review, not promoted"
183501,Complete Healthcare Cambridge Limited,Huntingdon,careers_url,,https://completehealthcarecambridge.co.uk/jobs/,high,https://completehealthcarecambridge.co.uk/,update_blank,high-confidence careers evidence; target careers URL is blank
183501,Complete Healthcare Cambridge Limited,Huntingdon,website_url,,https://completehealthcarecambridge.co.uk/,high,https://completehealthcarecambridge.co.uk/,update_blank,high-confidence first-party evidence; target website is blank
183631,"Concept Life Sciences, Integrated Discovery and Development Services Ltd.",High Peak,careers_url,,https://www.conceptlifesciences.com/careers,high,https://www.conceptlifesciences.com/,update_blank,high-confidence careers evidence; target careers URL is blank
183631,"Concept Life Sciences, Integrated Discovery and Development Services Ltd.",High Peak,website_url,,https://www.conceptlifesciences.com/,high,https://www.conceptlifesciences.com/,update_blank,high-confidence first-party evidence; target website is blank
183632,"Concept Life Sciences, Integrated Discovery and Development Services Ltd.",High Peak,careers_url,,https://www.conceptlifesciences.com/careers,high,https://www.conceptlifesciences.com/,update_blank,high-confidence careers evidence; target careers URL is blank
183632,"Concept Life Sciences, Integrated Discovery and Development Services Ltd.",High Peak,website_url,,https://www.conceptlifesciences.com/,high,https://www.conceptlifesciences.com/,update_blank,high-confidence first-party evidence; target website is blank
183709,Conexus Healthcare C.I.C,Wakefield,website_url,,https://conexus-healthcare.org/,high,https://conexus-healthcare.org/,update_blank,high-confidence first-party evidence; target website is blank
183824,CONNECTIVE PHARMA LIMITED,SURREY,website_url,,https://www.connectivepharma.com/en,medium,https://www.connectivepharma.com/en,review_only,"medium-confidence value is retained for later review, not promoted"
184670,Cosmetic Dental Laboratory Ltd,London,website_url,,https://cosmeticdentallab.co.uk/,high,https://cosmeticdentallab.co.uk/,update_blank,high-confidence first-party evidence; target website is blank
184675,Cosmic Healthcare Ltd,Watford,website_url,,https://cosmichealthcare.co.uk/,high,https://cosmichealthcare.co.uk/,update_blank,high-confidence first-party evidence; target website is blank
184686,COSMOS HEALTHCARE LTD,Enfield London,careers_url,,https://cosmoshealth.co.uk/careers,medium,https://cosmoshealth.co.uk/careers,review_only,"medium-confidence value is retained for later review, not promoted"
184686,COSMOS HEALTHCARE LTD,Enfield London,website_url,,https://cosmoshealth.co.uk/,medium,https://cosmoshealth.co.uk/,review_only,"medium-confidence value is retained for later review, not promoted"
184764,Cotteswold House Dental Care (Gloucester) Ltd,Gloucester,website_url,,https://www.cotteswoldhouse.co.uk/,high,https://www.cotteswoldhouse.co.uk/,update_blank,high-confidence first-party evidence; target website is blank
184838,Countrywide Healthcare Ltd,Barnsley,careers_url,,https://www.countrywidehealthcare.co.uk/careers/,high,https://www.countrywidehealthcare.co.uk/,update_blank,high-confidence careers evidence; target careers URL is blank
184838,Countrywide Healthcare Ltd,Barnsley,website_url,,https://www.countrywidehealthcare.co.uk/,high,https://www.countrywidehealthcare.co.uk/,update_blank,high-confidence first-party evidence; target website is blank
184850,County Heights Limited T/A County Heights Pharmacy,Deal,website_url,,https://www.countyheightspharmacy.com/,high,https://www.countyheightspharmacy.com/,update_blank,high-confidence first-party evidence; target website is blank
184869,Courage Healthcare Ltd,Maidstone,website_url,,https://couragehealthcare.co.uk/,medium,https://couragehealthcare.co.uk/,review_only,"medium-confidence value is retained for later review, not promoted"
184891,Courtfield Healthcare Limited,BRISTOL,careers_url,,https://www.courtfieldhealthcare.co.uk/careers/,high,https://www.courtfieldhealthcare.co.uk/,update_blank,high-confidence careers evidence; target careers URL is blank
184891,Courtfield Healthcare Limited,BRISTOL,website_url,,https://www.courtfieldhealthcare.co.uk/,high,https://www.courtfieldhealthcare.co.uk/,update_blank,high-confidence first-party evidence; target website is blank
185160,Craigentinny Dental Care,EDINBURGH,website_url,,https://www.craigentinny.co.uk/,high,https://www.craigentinny.co.uk/,update_blank,high-confidence first-party evidence; target website is blank
185440,Creffield Medical Group,Colchester,website_url,,https://creffieldmedicalgroup.co.uk/,high,https://creffieldmedicalgroup.co.uk/,update_blank,high-confidence first-party evidence; target website is blank
185475,Crescent Pharma Ltd,Basingstoke,careers_url,,https://www.crescentpharma.com/careers/,high,https://www.crescentpharma.com/,update_blank,high-confidence careers evidence; target careers URL is blank
185475,Crescent Pharma Ltd,Basingstoke,website_url,,https://www.crescentpharma.com/,high,https://www.crescentpharma.com/,update_blank,high-confidence first-party evidence; target website is blank
185497,Cresta Healthcare Ltd,Southampton,careers_url,,https://crestahealthcare.com/careers/,medium,https://crestahealthcare.com/careers/,review_only,"medium-confidence value is retained for later review, not promoted"
185497,Cresta Healthcare Ltd,Southampton,website_url,,https://crestahealthcare.com/,medium,https://crestahealthcare.com/,review_only,"medium-confidence value is retained for later review, not promoted"
185587,Cristal Healthcare Services Ltd,Derby,careers_url,,https://www.cristalhealthcare.uk/careers,medium,https://www.cristalhealthcare.uk/careers,review_only,"medium-confidence value is retained for later review, not promoted"
185587,Cristal Healthcare Services Ltd,Derby,website_url,,https://www.cristalhealthcare.uk/,medium,https://www.cristalhealthcare.uk/,review_only,"medium-confidence value is retained for later review, not promoted"
185629,Croft Hall Medical Practice,Torquay,careers_url,,https://crofthallsurgery.com/new-patients/,high,https://crofthallsurgery.com/,update_blank,high-confidence careers evidence; target careers URL is blank
185629,Croft Hall Medical Practice,Torquay,website_url,,https://crofthallsurgery.com/,high,https://crofthallsurgery.com/,update_blank,high-confidence first-party evidence; target website is blank
185630,Croft Healthcare Ltd,Pontefract,careers_url,,https://crofthc.com/careers/,high,https://crofthc.com/,update_blank,high-confidence careers evidence; target careers URL is blank
185630,Croft Healthcare Ltd,Pontefract,website_url,,https://crofthc.com/,medium,https://crofthc.com/,review_only,"medium-confidence value is retained for later review, not promoted"
185685,Cross Excellence Limited T/A Jallas Pharmacy,London,website_url,,https://www.jallaspharmacy.com/,high,https://www.jallaspharmacy.com/,update_blank,high-confidence first-party evidence; target website is blank
185686,Cross Healthcare Ltd,Stirling,website_url,,https://crosshealthcare.co.uk/,medium,https://crosshealthcare.co.uk/,review_only,"medium-confidence value is retained for later review, not promoted"
185804,Crown Dental Care Limited,Rhosllanerchrugog,website_url,,https://www.crowndentalcare.co.uk/,medium,https://www.crowndentalcare.co.uk/,review_only,"medium-confidence value is retained for later review, not promoted"
186229,CUPAR DENTAL & IMPLANT CENTRE LTD,Cupar,website_url,,https://cupardental.co.uk/,high,https://cupardental.co.uk/,update_blank,high-confidence first-party evidence; target website is blank
186247,Curantis Healthcare Ltd,Burnley,website_url,,https://curantishealthcare.co.uk/,high,https://curantishealthcare.co.uk/,update_blank,high-confidence first-party evidence; target website is blank
186259,CURES HEALTHCARE LTD,London,website_url,,https://www.cureshealthcareuk.co.uk/,medium,https://www.cureshealthcareuk.co.uk/,review_only,"medium-confidence value is retained for later review, not promoted"
186268,CURIS HEALTHCARE INVESTMENTS LTD,LONDON,website_url,,https://www.curis-healthcare.co.uk/,medium,https://www.curis-healthcare.co.uk/,review_only,"medium-confidence value is retained for later review, not promoted"
186666,D C Daniels Dental Limited,Middlesbrough,website_url,,https://www.dcdanielsdental.com/,high,https://www.dcdanielsdental.com/,update_blank,high-confidence first-party evidence; target website is blank
186977,Dajani Pharmacy,Kensington,website_url,,https://www.dajanipharmacy.com/,high,https://www.dajanipharmacy.com/,update_blank,high-confidence first-party evidence; target website is blank
187057,Dalriada Urgent Care,Ballymena,careers_url,,https://dalriadaurgentcare.uk/about-dalriada-urgent-care/work-with-dalriada/,high,https://dalriadaurgentcare.uk/,update_blank,high-confidence careers evidence; target careers URL is blank
187057,Dalriada Urgent Care,Ballymena,website_url,,https://dalriadaurgentcare.uk/,high,https://dalriadaurgentcare.uk/,update_blank,high-confidence first-party evidence; target website is blank
187150,Danetre Medical Practice,Daventry,careers_url,,https://www.danetremedicalpractice.co.uk/vacancies-2,high,https://www.danetremedicalpractice.co.uk/,update_blank,high-confidence careers evidence; target careers URL is blank
187150,Danetre Medical Practice,Daventry,website_url,,https://www.danetremedicalpractice.co.uk/,high,https://www.danetremedicalpractice.co.uk/,update_blank,high-confidence first-party evidence; target website is blank
187370,Darwin Medical Practice,Burntwood,careers_url,,https://www.darwinmedicalpractice.co.uk/vacancies,high,https://www.darwinmedicalpractice.co.uk/,update_blank,high-confidence careers evidence; target careers URL is blank
187370,Darwin Medical Practice,Burntwood,website_url,,https://www.darwinmedicalpractice.co.uk/,high,https://www.darwinmedicalpractice.co.uk/,update_blank,high-confidence first-party evidence; target website is blank
187736,Day - Night Pharmacy Limited t/a Daynight Pharmacy Ltd,Nottingham,website_url,,https://www.daynight-pharmacy.co.uk/,medium,https://www.daynight-pharmacy.co.uk/,review_only,"medium-confidence value is retained for later review, not promoted"
187893,DDRC Healthcare,Plymouth,careers_url,,https://www.ddrc.org/jobs/,high,https://www.ddrc.org/,update_blank,high-confidence careers evidence; target careers URL is blank
187893,DDRC Healthcare,Plymouth,website_url,,https://www.ddrc.org/,high,https://www.ddrc.org/,update_blank,high-confidence first-party evidence; target website is blank
188048,DECIMAL HEALTHCARE SERVICES LIMITED,"Dartford,",careers_url,,https://decimalhealthcare.co.uk/staffing-home/,high,https://decimalhealthcare.co.uk/,update_blank,high-confidence careers evidence; target careers URL is blank
188048,DECIMAL HEALTHCARE SERVICES LIMITED,"Dartford,",website_url,,https://decimalhealthcare.co.uk/,high,https://decimalhealthcare.co.uk/,update_blank,high-confidence first-party evidence; target website is blank
188111,Deep Blue Biotech Limited,Harpenden,website_url,,https://deepbluebiotech.com/,medium,https://deepbluebiotech.com/,review_only,"medium-confidence value is retained for later review, not promoted"
188121,DEEP HEALTHCARE SERVICES LIMITED,Leeds,careers_url,,https://deephealthcares.com/job-list,high,https://deephealthcares.com/,update_blank,high-confidence careers evidence; target careers URL is blank
188121,DEEP HEALTHCARE SERVICES LIMITED,Leeds,website_url,,https://deephealthcares.com/,high,https://deephealthcares.com/,update_blank,high-confidence first-party evidence; target website is blank
188285,Delight Essential Services UK Limited t/a Dolphin Healthcare,Birmingham,careers_url,,https://www.dolphinhealthcare.co.uk/healthcare-recruitment,high,https://www.dolphinhealthcare.co.uk/,update_blank,high-confidence careers evidence; target careers URL is blank
188285,Delight Essential Services UK Limited t/a Dolphin Healthcare,Birmingham,website_url,,https://www.dolphinhealthcare.co.uk/,high,https://www.dolphinhealthcare.co.uk/,update_blank,high-confidence first-party evidence; target website is blank
188538,Denovo Health Group Limited,Manchester,website_url,,https://www.denovohealthcare.com/,medium,https://www.denovohealthcare.com/,review_only,"medium-confidence value is retained for later review, not promoted"
188569,Dental Concepts Partnership Whitchurch,Whitchurch,careers_url,,https://www.dental-concepts.com/careers/,medium,https://www.dental-concepts.com/careers/,review_only,"medium-confidence value is retained for later review, not promoted"
188569,Dental Concepts Partnership Whitchurch,Whitchurch,website_url,,https://www.dental-concepts.com/,high,https://www.dental-concepts.com/,update_blank,high-confidence first-party evidence; target website is blank
189286,DHU Health Care CIC,Derby,careers_url,,https://dhuhealthcare.com/careers/voluntary-lay-patient-representative,medium,https://dhuhealthcare.com/careers/voluntary-lay-patient-representative,review_only,"medium-confidence value is retained for later review, not promoted"
189286,DHU Health Care CIC,Derby,website_url,,https://dhuhealthcare.com/,high,https://dhuhealthcare.com/,update_blank,high-confidence first-party evidence; target website is blank
189365,Diamond Dental Care,Clydebank,careers_url,,https://www.diamonddentalcare.co.uk/contact/vacancies/,high,https://www.diamonddentalcare.co.uk/,update_blank,high-confidence careers evidence; target careers URL is blank
189365,Diamond Dental Care,Clydebank,website_url,,https://www.diamonddentalcare.co.uk/,high,https://www.diamonddentalcare.co.uk/,update_blank,high-confidence first-party evidence; target website is blank
189379,DIAMOND HEALTH CARE SOLUTIONS LTD,Coventry,careers_url,,https://www.diamondhealthcaresolutions.co.uk/home-care-recruitment,high,https://www.diamondhealthcaresolutions.co.uk/,update_blank,high-confidence careers evidence; target careers URL is blank
189379,DIAMOND HEALTH CARE SOLUTIONS LTD,Coventry,website_url,,https://www.diamondhealthcaresolutions.co.uk/,high,https://www.diamondhealthcaresolutions.co.uk/,update_blank,high-confidence first-party evidence; target website is blank
