company_name,location,lookup_key
ZVF PHARMA LTD,"Slough, Berkshire, South East, UK",HC-B1-0001
AZAAN HEALTHCARE (DUNDEE) LTD,"Dundee, UK",HC-B1-0002
B R PATEL T/As RIDDHI'S BEAUTY CLINIC,"London, UK",HC-B1-0003
Brooke Healthcare Ltd,"Nottingham, UK",HC-B1-0004
Hilton Pharmacy Ltd T/A Hilton Pharmacy & Opticians,"Hilton, Derby, East Midlands, UK",HC-B1-0005
Riverside medical practice,"Blackwood, Caerphilly, Wales, UK",HC-B1-0006
1 Kings Dental Limited,"London, UK",HC-B1-0007
18A Charing Cross Dental Surgery,"London, UK",HC-B1-0008
24/7 Medicine Limited T/ A 24-7 Pharmacy,"Liverpool, Merseyside, North West, UK",HC-B1-0009
313 Healthcare LTD,"Bedford, UK",HC-B1-0010
360 Degrees Clinic Ltd,"Surrey, UK",HC-B1-0011
360 Degrees Healthcare,"Nelson, Lancashire, North West, UK",HC-B1-0012
3D Healthcare Ltd T/A Proheal Pharma,"Taunton, UK",HC-B1-0013
3D'S Healthcare Services Ltd,"Grays, Essex, East of England, UK",HC-B1-0014
4 Ways Healthcare Limited,"Hemel Hempstead, UK",HC-B1-0015
5 STAR CLINIC LTD,"Preston, Lancashire, North West, UK",HC-B1-0016
A & B Dental Ltd,"Northwood, UK",HC-B1-0017
A & M Pharmacies Ltd,"Coventry, West Midlands, West Midlands, UK",HC-B1-0018
A A Rahman t/a Visage Dental Laboratory,"Glasgow, UK",HC-B1-0019
A Karim Pharma Ltd,"Bradford, UK",HC-B1-0020
A&U Dental Surgeries Ltd,"Market Harborough, Leicestershire, East Midlands, UK",HC-B1-0021
A-Z Healthcare (UK) Limited,"West Croydon, UK",HC-B1-0022
A.K Medical Consultancy Ltd. T/A Cockerton Pharmacy,"Darlington, Tyne And Wear, North East, UK",HC-B1-0023
AAM PHARMA LTD T/A  AR CHEMIST,"LONDON, UK",HC-B1-0024
Aash Pharm Limited T/A Horn Lane Pharmacy,"London, UK",HC-B1-0025
AB Littlejohn & Sons LTD  T/A Dental Technology Services,"Glasgow, Starthclyde, UK",HC-B1-0026
ABAN HEALTHCARE LTD T/A VICTORIA PHARMACY,"LONDON, UK",HC-B1-0027
Abbey Dale Medical Centre,"Blackpool, Lancashire, North West, UK",HC-B1-0028
Abbey Dental Clinic,"Whiteabbey, Co Antrim, UK",HC-B1-0029
Abbey Equine Clinic LTD,"Llanover, Monmouthshire, Wales, UK",HC-B1-0030
Abbey Healthcare (Aaron Court) Limited,"Leicester, UK",HC-B1-0031
Abbey Healthcare (Cromwell) Ltd,"Huntingdon, Cambridge, UK",HC-B1-0032
Abbey Healthcare (Hamilton) Ltd,"Hamilton, UK",HC-B1-0033
Abbey Healthcare (Hamilton) Ltd,"Hamilton, UK",HC-B1-0034
Abbey House Medical Practice,"Daventry, UK",HC-B1-0035
Abbey Meads Dental Practice,"Swindon, UK",HC-B1-0036
Abbey Medical Centre,"Kenilworth, United Kingdom, UK",HC-B1-0037
Abbey Medical Practice,"Lincoln, UK",HC-B1-0038
ABBEY MEDICAL PRACTICE,"Wellingborough, Northamptonshire, East Midlands, UK",HC-B1-0039
abbey wood dental practice,"LONDON, London, London, UK",HC-B1-0040
Abbeywell Veterinary Clinic Limited,"Folkestone, Kent, South East, UK",HC-B1-0041
Abbots Healthcare Ltd,"Abbots Langley, Hertfordshire, East of England, UK",HC-B1-0042
Abbots Lodge Dental Practice Ltd,"Ristington, UK",HC-B1-0043
Abbottswood Medical Centre,"Pershore, Worcestershire, West Midlands, UK",HC-B1-0044
Abeer Raja Abdul Raheem Al-Adhami T/A Abi Dental,"London, UK",HC-B1-0045
Abell Pharma Ltd,"Watford, UK",HC-B1-0046
Aber Medical Centre,"Caerphilly, UK",HC-B1-0047
Abercrombie Dental Practice,"Westhill, Aberdeenshire, Scotland, UK",HC-B1-0048
Aberdeen Osteopathy Clinic LTD,"Aberdeen, Aberdeenshire, Scotland, UK",HC-B1-0049
Aberfoyle Medical practice,"Derry, Derry, Northern Ireland, UK",HC-B1-0050
Abhishek Vijaya Kumar T/A Blantyre Family Dental Care,"Glasgow, UK",HC-B1-0051
Ability Healthcare Cannock Ltd,"Walsall, UK",HC-B1-0052
Abney Dental Practice,"London, UK",HC-B1-0053
ABODE HEALTHCARE LTD,"Poulton, Lancashire, North West, UK",HC-B1-0054
Absolute Healthcare Providers Ltd,"Four Marks, Hampshire, South East, UK",HC-B1-0055
Absolute Healthcare West Limited,"London, England, UK",HC-B1-0056
Abundant Graze Ltd T/A ACH Healthcare (Bicester),"Bicester, UK",HC-B1-0057
Academy Dental Care Ltd,"Aberdeen, UK",HC-B1-0058
Academy Medical Centre,"Forfar, Angus, Scotland, UK",HC-B1-0059
ACCESS24 HEALTHCARE LTD,"Milton Keynes, UK",HC-B1-0060
Accord Healthcare Limited,"North Harrow, Middlesex, UK",HC-B1-0061
Accord Healthcare Limited,"North Harrow, Middlesex, UK",HC-B1-0062
Accu-Set Healthcare Ltd,"Newark, Nottinghamshire, East Midlands, UK",HC-B1-0063
Ace24 Healthcare Ltd,"Colchester, UK",HC-B1-0064
Acetherix Healthcare Limited,"LEICESTER, UNITED KINGDOM, UK",HC-B1-0065
Achieve Pharma UK Limited,"Henley-On-Thames, UK",HC-B1-0066
Acklam Medical Centre,"Middlesbrough, Cleveland, UK",HC-B1-0067
Acme Pharma Limited,"Welwyn Garden City, UK",HC-B1-0068
Acocks green dental practice,"Acocks Green, UK",HC-B1-0069
Acorn Health Care Limited,"East Grinstead, West Sussex, South East, UK",HC-B1-0070
Acorn Health Care Limited,"East Grinstead, West Sussex, South East, UK",HC-B1-0071
Acorn House Veterinary Hospital,"Bedford, Bedfordshire, East of England, UK",HC-B1-0072
Active Healthcare Services,"Livingston, West Lothian, Scotland, UK",HC-B1-0073
Active Olive Healthcare Limited,"Wellingborough, UK",HC-B1-0074
Active Olive Healthcare Ltd,"Irthlingborough, UK",HC-B1-0075
Acupro Clinic,"London, UK",HC-B1-0076
AD Implant.com Limited T/A Dental Implant Centre,"Reading, UK",HC-B1-0077
Adam's Healthcare Nelson Ltd,"Nelson, England, UK",HC-B1-0078
ADAP HEALTHCARE LTD,"HARLOW, UK",HC-B1-0079
Adara Healthcare Limited,"Northampton, UK",HC-B1-0080
Addison Road Medical Practice,"London, Waltham Forest, UK",HC-B1-0081
Adelik Healthcare Ltd,"Liss, Hampshire, South East, UK",HC-B1-0082
Aden Health Care Ltd,"Northampton, UK",HC-B1-0083
Adman's Health Care Ltd,"Bolton, UK",HC-B1-0084
Admiral Healthcare ltd.,"Streatham, London, London, UK",HC-B1-0085
Admire Healthcare T/A Apollo House,"Northampton, UK",HC-B1-0086
Advance Dental Centre,"Aberdeen, Aberdeenshire, Scotland, UK",HC-B1-0087
Advance Dental Ltd T/A Advance Dental Care,"HOUNSLOW, UK",HC-B1-0088
Advanced Beauty Clinic and Training Ltd.,"London, UK",HC-B1-0089
Advanced Dental Laboratories Limited,"Birmingham, West Midlands, West Midlands, UK",HC-B1-0090
Advanced Healthcare Ltd,"Tonbridge, Kent, South East, UK",HC-B1-0091
Advanz Pharma Services (UK) Limited,"London, UK",HC-B1-0092
Advanz Pharma Services (UK) Limited,"London, UK",HC-B1-0093
AERO HEALTHCARE LTD,"HORSHAM, UK",HC-B1-0094
Aesthetic care beauty clinic ltd,"Heywood, Lancashire, North West, UK",HC-B1-0095
AESTHETIC DENTAL IMPLANTS TEAM LIMITED,"LONDON, UK",HC-B1-0096
Aesthetica Dental Clinique,"Warlingham, UK",HC-B1-0097
Aether Dental Ltd T/A Ambleside Dental Practice,"Shrewsbury, UK",HC-B1-0098
AF PHARMA LTD,"Glasgow, UK",HC-B1-0099
Afeni Healthcare Limited,"Bristol, UK",HC-B1-0100
AFFINIA HEALTHCARE LIMITED,"Romford, UK",HC-B1-0101
Affordable Healthcare Ltd,"Leicester, UK",HC-B1-0102
AFT Pharma UK Limited,"London, UK",HC-B1-0103
AFT Pharma UK Limited,"London, UK",HC-B1-0104
Agfa Healthcare IT UK Limited,"Uxbridge, Middlesex, UK",HC-B1-0105
AH Trueman Limited T/A Hawthorn Drive Dental Practice,"Chantry, Ipswich, UK",HC-B1-0106
AIAM LIMITED T/A ARIANA PHARMACY,"GREENFORD, UK",HC-B1-0107
Ailsa Craig Medical Practice,"Manchester, UK",HC-B1-0108
Ainsdale Medical Centre,"Ainsdale, UK",HC-B1-0109
AJ & SJ Healthcare Ltd T/A Mitton Dental Surgery,"Stourport on Severn, Worcestershire, West Midlands, UK",HC-B1-0110
Ajido Ltd TA Dominion Pharmacy,"Sunderland, Tyne and Wear, North East, UK",HC-B1-0111
AK Pharma Ltd,"willand, Devon, South West, UK",HC-B1-0112
AKA PHARMA,"Stoke on Trent, UK",HC-B1-0113
AKM Trading Ltd T/A Gosport Community Pharmacy,"Gosport, UK",HC-B1-0114
AKRO PHARMACEUTICAL CO LTD,"LONDON, ENGLAND, UK",HC-B1-0115
Akroates Health Care Limited,"Stafford, Staffordshire, West Midlands, UK",HC-B1-0116
AKRON HEALTHCARE LTD,"BIRMINGHAM, WEST MIDLANDS, West Midlands, UK",HC-B1-0117
Aktive Healthcare Limited,"Romford, UK",HC-B1-0118
Al-Shafa Medical Centre,"Birmingham, UK",HC-B1-0119
Ala-Ud-Din Mohammad Rajput ta KINGFISHER DENTAL SURGEY,"Redditch, Worcestershire, West Midlands, UK",HC-B1-0120
Alas Healthcare (Leeds),"Leeds, UK",HC-B1-0121
Alba Chiropractic Clinic,"Dundee, UK",HC-B1-0122
Alba Medical Group,"Grangemouth, UK",HC-B1-0123
Albany House Medical Centre,"Wellingborough, Northamptonshire, East Midlands, UK",HC-B1-0124
Albion Health Centre,"London, UK",HC-B1-0125
Albion Healthcare Limited,"Edinburgh, UK",HC-B1-0126
Alcester Health Centre,"Alcester, Warwickshire, West Midlands, UK",HC-B1-0127
Alchemy Dental Practice,"Crewe, Cheshire, North West, UK",HC-B1-0128
ALCHEMY PHARMA LIMITED,"Blackburn, UK",HC-B1-0129
Aldeburgh Dental Practice,"Aldeburgh, Suffolk, East of England, UK",HC-B1-0130
Aldergate Medical Practice,"Tamworth, Staffordshire, West Midlands, UK",HC-B1-0131
Aldermans Pharmacy (London) Ltd.,"London, UK",HC-B1-0132
Alderwood Medical Practice,"CANNOCK, STAFFORDSHIRE, West Midlands, UK",HC-B1-0133
Aldgate House Dental Care,"London, UK",HC-B1-0134
Alexander Wallace Healthcare LTD,"MARGATE, UK",HC-B1-0135
ALEXANDERS DENTAL PRACTICE,"ESSEX, UK",HC-B1-0136
ALFA DENTAL LIMITED T/A SEAHAVEN DENTAL PRACTIC,"EAST SUSSEX, UK",HC-B1-0137
ALFA PHYSIO CLINIC LTD,"Manchester, UK",HC-B1-0138
Alicelyn Health Care Limited,"Rotherham, South Yorkshire, Yorkshire and the Humber, UK",HC-B1-0139
Alie Limited t/a Alie Healthcare Limited,"Wolverhampton, West Midlands, West Midlands, UK",HC-B1-0140
Alif Moosajee Ltd Trading as Oakdale Dental,"Leicester, UK",HC-B1-0141
Alimentary Innervationsl Ltd t/a The Functional Gut Clinic,"London, UK",HC-B1-0142
Alis Healthcare Limited,"London, UK",HC-B1-0143
ALIVE HEALTHCARE SOLUTIONS LTD,"6 COUNTY BUSINESS PARK, NORTHALLERT, North Yorkshire, Yorkshire and the Humber, UK",HC-B1-0144
ALL HEALTH CARE SERVICES LIMITED,"Walsall, UK",HC-B1-0145
All Saints Green Dental Clinic Ltd,"Norwich, UK",HC-B1-0146
Allans Healthcare Ltd t/a Wynyard Pharmacy,"BILLINGHAM, CLEVELAND, UK",HC-B1-0147
ALLAWAY HEALTHCARE LIMITED,"HAMPSHIRE, UK",HC-B1-0148
Allbro's Pharmacy Ltd t/a PharmacyKwik,"Manchester, Lancashire, North West, UK",HC-B1-0149
Allen House Dental Practice,"Crewe, Cheshire, North West, UK",HC-B1-0150
Allen Street Clinic,"Stoke on Trent, Staffordshire, West Midlands, UK",HC-B1-0151
Allerton Medical Centre,"Leeds, UK",HC-B1-0152
Allesley Park Medical Centre,"Coventry, UK",HC-B1-0153
Alliance Dental Care Limited,"Hertfordshire, UK",HC-B1-0154
Alliance Healthcare Management Services Limited,"Chessington, Surrey, South East, UK",HC-B1-0155
Alliance Healthcare Management Services Limited,"Chessington, Surrey, South East, UK",HC-B1-0156
Allied Pharma Ltd.,"Somerset, UK",HC-B1-0157
Allpets Veterinary Clinic,"London, UK",HC-B1-0158
AllRx Healthcare Ltd T/A TruWell Pharmacy,"Oxford, UK",HC-B1-0159
Alma Medical Centre,"Stockton, Cleveland, UK",HC-B1-0160
Almouslli Dental LTD,"Peterborough, UK",HC-B1-0161
Alpha Health Care Limited,"Great Wyrley, Staffordshire, West Midlands, UK",HC-B1-0162
ALPINE HEALTH CARE LIMITED,"Bridlington, East Yorkshire, Yorkshire and the Humber, UK",HC-B1-0163
alsager dental practice,"stoke, UK",HC-B1-0164
Altair Healthcare Limited,"Okehampton, Devon, South West, UK",HC-B1-0165
Altera Healthcare (IT) UK LTD,"Birmingham, UK",HC-B1-0166
Altera Healthcare (IT) UK LTD,"Birmingham, UK",HC-B1-0167
Altmore Dental Practice,"London, UK",HC-B1-0168
Alum Rock Medical Centre,"Birmingham, West Midlands, West Midlands, UK",HC-B1-0169
Alvaston Medical Centre,"Derby, UK",HC-B1-0170
Alvington House Dental Practice,"Bury St Edmunds, Suffolk, East of England, UK",HC-B1-0171
Alwoodley Medical Centre,"Leeds, UK",HC-B1-0172
AMAFHH Healthcare Limited,"Loughborough, UK",HC-B1-0173
Amber Healthcare Services,"London, UK",HC-B1-0174
Amber Rose Healthcare Ltd,"Taunton, Somerset, South West, UK",HC-B1-0175
Amberley Healthcare Limited,"Milton Keynes, Buckinghamshire, South East, UK",HC-B1-0176
AmBience Healthcare Ltd,"rotherham, UK",HC-B1-0177
Ambin Ltd t/as Friary Pharmacy,"Old Windsor, Berkshire, South East, UK",HC-B1-0178
Ambleside Veterinary Clinic,"Worcester, Worcestershire, West Midlands, UK",HC-B1-0179
Ambrose Ebhohimen T/A The Dental Centre,"Tenterden, UK",HC-B1-0180
AMC Healthcare Solutions LTD,"Ellesmere Port, UK",HC-B1-0181
AMDG Pharma Limited,"South Queensferry, UK",HC-B1-0182
Amesbury Dental Care,"Salisbury, UK",HC-B1-0183
Amin Pharmacy,"Hounslow, Middlesex, UK",HC-B1-0184
AMITY DENTAL WELLNESS LIMITED T/A Dalkeith House Dental Practice,"Hampshire, United Kingdom, UK",HC-B1-0185
AMQ Healthcare,"Rugeley, South Staffordshire, UK",HC-B1-0186
Amy Pharma Ltd,"London, N8 8SY, UK",HC-B1-0187
Anaiah Healthcare Ltd.,"Broadstairs, UK",HC-B1-0188
ANAM HEALTHCARE LIMITED,"GLASGOW, Lanarkshire, UK",HC-B1-0189
Ananda Pharma plc,"London, UK",HC-B1-0190
Anavec Healthcare Solution Ltd,"Southampton, Hampshire, South East, UK",HC-B1-0191
Anchors Healthcare Services Limited,"Ipswich, UK",HC-B1-0192
Ancora Medical Practice,"Scunthorpe, North Lincolnshire, Yorkshire and the Humber, UK",HC-B1-0193
Andrea Healthcare,"Ipswich, UK",HC-B1-0194
Andrew Rowley t/a Kimberley Park Dental Practice,"FALMOUTH, UK",HC-B1-0195
Angel Dental Implant Centre (UK) Ltd,"London, UK",HC-B1-0196
ANGEL HEALTHCARE LIMITED,"North Finchley, London, London, UK",HC-B1-0197
ANGEL HEALTHCARE LTD,"BATTLE, EAST SUSSEX, South East, UK",HC-B1-0198
Angel Healthcare professionals Ltd,"Erith, UK",HC-B1-0199
ANGEL'S BEAUTY LASER AND SKIN CLINIC LTD,"Coventry, UK",HC-B1-0200
ANGEL'S BEAUTY LASER AND SKIN CLINIC LTD,"Coventry, UK",HC-B1-0201
Angela Hamlin Health Care Professionals Ltd,"London, England, UK",HC-B1-0202
Angelini Pharma UK-I Limited,"London, UK",HC-B1-0203
Angelini Pharma UK-I Limited,"London, UK",HC-B1-0204
Anglesey Pet Clinic Limited,"Holyhead, UK",HC-B1-0205
Anglo Health Care Recruitment Limited,"London, UK",HC-B1-0206
Anitha Bangaru T/A Springs Dental Studio,"Darlington, County Durham, North East, UK",HC-B1-0207
ANJIS PHARMACY LTD TRADING AS ANJIS PHARMACY,"LEYTON, UK",HC-B1-0208
ANKâ??S Beauty Clinic Limited T/A Elite Cosmetology,"London, UK",HC-B1-0209
Ankerside Physiotherapy clinic,"Nuneaton, warwickshire, West Midlands, UK",HC-B1-0210
Anna Healthcare Limited,"Carshalton, Surrey, South East, UK",HC-B1-0211
ANNAN STORE LTD T/A Guide Pharmacy Annan,"Annan, UK",HC-B1-0212
Annies Healthcare Services Limited,"Ilford, UK",HC-B1-0213
ANP Pharma (London) Limited,"London, UK",HC-B1-0214
ANRC Physiotherapy Clinic,"Horsham, West Sussex, South East, UK",HC-B1-0215
Anstey Healthcare ltd,"Leicester, Leicestershire, East Midlands, UK",HC-B1-0216
Antrim House Dental Practice,"Wolverhampton, UK",HC-B1-0217
Antwerp Dental Group,"Cambridge, UK",HC-B1-0218
Aone Dental Practices Ltd T/A Jaws Dental,"Fraserburgh, UK",HC-B1-0219
AP Health Ltd t/a Henconner Pharmacy,"Leeds, UK",HC-B1-0220
APCER Life Sciences Limited,"London, UK",HC-B1-0221
APCO Dental Ltd,"Lanark, UK",HC-B1-0222
Apex Dental Group Limited,"London, UK",HC-B1-0223
Apex Healthcare,"Littlehampton, UK",HC-B1-0224
Apex Healthcare Services Ltd,"Reading, Berkshire, South East, UK",HC-B1-0225
Aplin Smile Limited T/AS The Gentle Touch Dental Practice,"Kelso, Scotland, Scotland, UK",HC-B1-0226
APMS Solutions Ltd t/a Akerman Medical Practice,"London, Greater London, London, UK",HC-B1-0227
Apollo Dental Services Ltd,"London, UK",HC-B1-0228
APOLLO HEALTHCARE & TRAINING LTD,"Bolton, UK",HC-B1-0229
Apple Dental Studios Ltd.,"Pinner, UK",HC-B1-0230
Apple Pharmacy,"Glasgow, UK",HC-B1-0231
Apple Pharmacy,"Glasgow, UK",HC-B1-0232
Apple Tree Life Sciences (UK) Limited,"London, UK",HC-B1-0233
Apple Tree Life Sciences (UK) Limited,"London, UK",HC-B1-0234
Apple Tree Life Sciences (UK) Limited,"London, UK",HC-B1-0235
Apple Tree Life Sciences (UK) Limited,"London, UK",HC-B1-0236
Appletree Dental Practice,"Scarborough, North Yorkshire, Yorkshire and the Humber, UK",HC-B1-0237
Appletree Dental Studio (Herne) Ltd,"Herne, Kent, South East, UK",HC-B1-0238
Applied Biotech Ltd,"Sutton, Surrey, South East, UK",HC-B1-0239
Appoline Dental Care,"Grantham, Lincs, UK",HC-B1-0240
AQUA PHARMACY LTD,"IPSWICH, SUFFOLK, East of England, UK",HC-B1-0241
AR First Ltd T/A Forde Dental,"Dunbar, UK",HC-B1-0242
AR Smiles Dental Ltd,"London, Greenwich, UK",HC-B1-0243
ARANDEEP SINGH T/A PRUDHOE DENTAL PRACTICE,"PRUDHOE, NORTHUMBERLAND, North East, UK",HC-B1-0244
Arbroath Medical Practice LLP,"Arbroath, UK",HC-B1-0245
ARBURY MEDICAL CENTRE NUNEATON,"NUNEATON, UK",HC-B1-0246
ARC Dental Surgery,"Blackpool, Lancashire, North West, UK",HC-B1-0247
Arc Pharma (UK) Limited,"St Albans, Hertfordshire, East of England, UK",HC-B1-0248
ARC PHARMA UK LIMITED,"St Albans, UK",HC-B1-0249
ARC Smile Ltd t/a Espie and Hill Dental Practice,"East Lothian, UK",HC-B1-0250
Arcadia Pharma Ltd,"Swansea, UK",HC-B1-0251
Artios Pharma Limited,"Cambridge, Cambridgeshire, East of England, UK",HC-B1-0252
ARTISTIC BEAUTY CLINIC LTD,"Southampton, UK",HC-B1-0253
Arubah Healthcare Limited,"Newport, UK",HC-B1-0254
ARW Investments LTD  T/A Snowdrop Dental Clinic,"Dundee, UK",HC-B1-0255
Asana Healthcare Ltd,"Towcester, UK",HC-B1-0256
ASCENT HEALTHCARE LIMITED,"MANCHESTER, UK",HC-B1-0257
Ashberry Healthcare Limited,"Harpenden, UK",HC-B1-0258
Ashcroft Pharma Limited,"Bradford, UK",HC-B1-0259
Ashdown Medical Group,"BROMLEY, UK",HC-B1-0260
Ashfield Medical Centre,"Milton Keynes, Choose County, UK",HC-B1-0261
Ashfields Primary Care Centre,"Sandbach, Cheshire, North West, UK",HC-B1-0262
AshLea Medical Practice,"Leatherhead, Surrey, South East, UK",HC-B1-0263
Ashley Down Dental Care,"BRISTOL, UK",HC-B1-0264
Ashley Healthcare Ltd,"Catford, London, London, UK",HC-B1-0265
ASHLEY MEDICAL PRACTICE,"WALTON-ON-THAMES, SURREY, South East, UK",HC-B1-0266
Ashley Pharmacy Ltd,"New Milton, UK",HC-B1-0267
Ashling Homes Healthcare Ltd,"Mitcham, Surrey, South East, UK",HC-B1-0268
Ashton Healthcare Group Ltd,"Haywards Heath, West Sussex, South East, UK",HC-B1-0269
ASHTONS HEALTHCARE SOLUTIONS LTD,"Bolton, UK",HC-B1-0270
Ashurst Lodge Healthcare Limited,"Wallington, UK",HC-B1-0271
Ashwell Dental Surgery Ltd,"Ashwell, UK",HC-B1-0272
ASIANSBURY LIMITED T/A WEMBLEY PHARMACY,"WEMBLEY, UK",HC-B1-0273
"ASKA Pharmaceutical Co., Ltd","London, UK",HC-B1-0274
Aspatria Medical Group,"Aspatria, Cumbria, North West, UK",HC-B1-0275
ASPECT HEALTHCARE SERVICES LIMITED,"Sunderland, Sunderland, North East, UK",HC-B1-0276
Aspen Hill Healthcare Limited,"Leeds, West Yorkshire, Yorkshire and the Humber, UK",HC-B1-0277
Aspen Hill Healthcare Limited,"Leeds, West Yorkshire, Yorkshire and the Humber, UK",HC-B1-0278
Aspen Medical Practice,"Gloucester, Gloucestershire, South West, UK",HC-B1-0279
Aspen Medical Services Ltd t/a Chelsea Bridge Clinic,"London, UK",HC-B1-0280
Asrev Healthcare Ltd,"Preston, UK",HC-B1-0281
Associated Dental Products Ltd,"Swindon, UK",HC-B1-0282
Assure Healthcare Group (South) Limited,"Southampton, UK",HC-B1-0283
Assured Healthcare Solutions Holdings Ltd,"Alcester, UK",HC-B1-0284
Assured Healthcare Solutions Limited,"Tamworth, Staffordshire, West Midlands, UK",HC-B1-0285
Assured Healthcare Solutions Limited,"Tamworth, Staffordshire, West Midlands, UK",HC-B1-0286
Astellas Pharma Europe Ltd,"Addlestone, UK",HC-B1-0287
Astellas Pharma Europe Ltd,"Addlestone, UK",HC-B1-0288
ASTER HOUSE HEALTHCARE LIMITED,"LONDON, UK",HC-B1-0289
Aston Healthcare Ltd,"Huyton, Liverpool, North West, UK",HC-B1-0290
ASTORIA HEALTHCARE LTD,"HOUNSLOW, UK",HC-B1-0291
Astute Healthcare Limited,"HItchin, UK",HC-B1-0292
atai Life Sciences UK Ltd,"London, UK",HC-B1-0293
Atalanta Healthcare Services Limited,"London, UK",HC-B1-0294
Athena Dental Laboratory Limited,"Northampton, UK",HC-B1-0295
Athena Healthcare (Church Road) Limited,"Formby, Liverpool, North West, UK",HC-B1-0296
Athena Healthcare (LSA One) Limited,"Lytham St Annes, UK",HC-B1-0297
Athena Healthcare (LSA Two) Limited,"Lytham St Annes, Lancashire, North West, UK",HC-B1-0298
Athena Healthcare (Oxford Road) Limited,"Birkdale, Merseyside, North West, UK",HC-B1-0299
Athorpe Health Care Limited,"Dinnington, UK",HC-B1-0300
Atkinson Health Centre Practice,"Barrow-in-Furness, Cumbria, North West, UK",HC-B1-0301
Atlanta Healthcare Limited,"Norwich, NORFOLK, East of England, UK",HC-B1-0302
ATLANTIC MEDICAL GROUP,"PENZANCE, CORNWALL, South West, UK",HC-B1-0303
Atlas Health Group Limited,"Norwich, Norfolk, East of England, UK",HC-B1-0304
Atnahs Pharma UK Ltd T/A Pharmanovia,"Basildon, Essex, East of England, UK",HC-B1-0305
Atnahs Pharma UK Ltd T/A Pharmanovia,"Basildon, Essex, East of England, UK",HC-B1-0306
ATTENBOROUGH DENTAL LABORATORIES LTD,"NOTTINGHAM, NOTTINGHAMSHIRE, East Midlands, UK",HC-B1-0307
Auckland Medical Group,"Bishop Auckland, Co Durham, UK",HC-B1-0308
Audlem Medical Practice,"Cheshire, UK",HC-B1-0309
Audley Late Night Pharmacy Limited,"Blackburn, UK",HC-B1-0310
Aurora Healthcare Communications Limited,"London, UK",HC-B1-0311
Aurora Healthcare Communications Limited,"London, UK",HC-B1-0312
AUTO CLINIC (HIGH WYCOMBE) LIMITED,"High Wycombe, Buckinghamshire, South East, UK",HC-B1-0313
Automeds Pharmacy Ltd,"POOLE, Dorset, South West, UK",HC-B1-0314
Avalon Veterinary Clinic Ltd,"Milngavie, Glasgow, Scotland, UK",HC-B1-0315
Avana Healthcare Limited,"Kent, UK",HC-B1-0316
Avant Healthcare Services Ltd,"Hounslow, Middlesex, UK",HC-B1-0317
Avena Healthcare Ltd,"Largs, UK",HC-B1-0318
aventis pharma Ltd  t/a Sanofi,"Reading, Surrey, South East, UK",HC-B1-0319
aventis pharma Ltd  t/a Sanofi,"Reading, Surrey, South East, UK",HC-B1-0320
AVENUES HEALTHCARE LTD,"Burnley, UK",HC-B1-0321
AVERLEY QWARA HEALTHCARE LTD,"Sheerness,, Kent, South East, UK",HC-B1-0322
AVISEENA INTERNATIONAL HEALTHCARE LTD,"Banstead, Surrey, South East, UK",HC-B1-0323
Aviteus Healthcare Ltd,"Kenton, UK",HC-B1-0324
AVITICAL LTD T/A BRETTS PHARMACY,"GROVE, OXFORDSHIRE, South East, UK",HC-B1-0325
AVM HEALTH CARE LTD,"WATERLOOVILLE, UK",HC-B1-0326
Avon and Wiltshire Mental Health NHS Partnership,"Bath, UK",HC-B1-0327
Avon Healthcare Solutions Ltd,"BRISTOL, UK",HC-B1-0328
Avondale Dental,"Grange Over Sands, Cumbria, North West, UK",HC-B1-0329
Avrin Pharma Ltd,"Liverpool, Merseyside, North West, UK",HC-B1-0330
Avrin Pharma Ltd,"Liverpool, Merseyside, North West, UK",HC-B1-0331
Avtar Pardesi Ltd T/A Cambridge Street Dental Practice,"St Neots, cambridgeshire, East of England, UK",HC-B1-0332
AW Brown Dental Practice,"Felixstowe, Suffolk, East of England, UK",HC-B1-0333
Awelon Healthcare,"Swansea, Clydach, UK",HC-B1-0334
AXA Global Healthcare (UK) Limited,"Tunbridge Wells, Kent, South East, UK",HC-B1-0335
AXA Global Healthcare (UK) Limited,"Tunbridge Wells, Kent, South East, UK",HC-B1-0336
Axbridge & Wedmore Medical Practice,"Axbridge, Somerset, South West, UK",HC-B1-0337
AXIS Healthcare Consulting Limited,"London, UK",HC-B1-0338
Axis Healthcare Ltd,"Milton Keynes, Buckinghamshire, South East, UK",HC-B1-0339
AYP HEALTHCARE LTD,"Romford, Essex, East of England, UK",HC-B1-0340
Ayton and Snainton Medical Practice,"Scarborough, North Yorkshire, Yorkshire and the Humber, UK",HC-B1-0341
Ayu Healthcare limited T/A CareFirst Pharmacy,"Portchester, UK",HC-B1-0342
Ayurvedic Healing & Laser Clinic LTD,"Bury, UK",HC-B1-0343
AYURVEDIC HEALTHCARE & LASER CLINIC LTD,"Manchester, England, UK",HC-B1-0344
B&S PHARMA LTD T/A ARDLEIGH GREEN PHARMACY,"HORNCHURCH, UK",HC-B1-0345
B&W United healthcare Ltd,"Solihull, UK",HC-B1-0346
B24 Healthcare Solution Ltd,"Nuneaton, Midlands, UK",HC-B1-0347
BA MEDI PHARMA LTD,"EDGWARE, UK",HC-B1-0348
BA Pharma Ltd,"London, UK",HC-B1-0349
BAA Pharma Ltd,"Manchester, UK",HC-B1-0350
BABY SCAN CLINIC LIMITED,"Watford, UK",HC-B1-0351
Baby Ultrasound Clinic Limited,"Bolton, UK",HC-B1-0352
Babylon Healthcare Services Limited,"London, UK",HC-B1-0353
BACK & NECK CHIROPRACTIC CLINIC,"CARDIFF, UK",HC-B1-0354
Back2Balance Physiotherapy and Pilates Clinic,"London, UK",HC-B1-0355
Badham Pharmacy,"Bishops Cleeve, Gloucestershire, South West, UK",HC-B1-0356
BAE Healthcare Limited,"London, UK",HC-B1-0357
Baghyarani Gnaniar T/A  Wishaw Dental Clinic,"Wishaw, North Lanarkshire, Scotland, UK",HC-B1-0358
BAH PHARMA LTD T/A Moatfield Pharmacy,"East Grinstead, UK",HC-B1-0359
Bains Healthcare Limited,"Johnstone, UK",HC-B1-0360
BALAJI DENTAL LIMITED,"ASTON ROWANT, SOUTH OXFORDSHIRE, UK",HC-B1-0361
Baldevs Dental Care Ltd,"Newbury, Berkshire, South East, UK",HC-B1-0362
BALI DENTAL LIMITED,"INVERNESS, UK",HC-B1-0363
Ballochmyle Medical Group,"Mauchline, East Ayrshire, Scotland, UK",HC-B1-0364
Ballyholme Dental Practice,"Bangor, Down, Northern Ireland, UK",HC-B1-0365
Ballymena Dental Care Limited,"Ballymena, UK",HC-B1-0366
Balmoral Pharmacy,"Northampton, UK",HC-B1-0367
Balsall Common Pharmacy,"Coventry, UK",HC-B1-0368
Bampton Healthcare Ltd,"Bampton, Oxfordshire, South East, UK",HC-B1-0369
Bampton Medical Practice,"Bampton, UK",HC-B1-0370
Bancroft medical Centre COURTENAY HOUSE,"HITCHIN, HERTFORDSHIRE, East of England, UK",HC-B1-0371
Bangholm Medical Centre,"Edinburgh, UK",HC-B1-0372
Bank Street Dental Ltd,"Galashiels, UK",HC-B1-0373
BANKFOOT AUTO CLINIC,"Bradford, West Yorkshire, Yorkshire and the Humber, UK",HC-B1-0374
Banks & Bearwood Medical Centre,"Bournemouth, Dorset, South West, UK",HC-B1-0375
Banning Dental Group Ltd,"london, Kent, South East, UK",HC-B1-0376
Banning Dental Group Ltd,"london, Kent, South East, UK",HC-B1-0377
banns pharmacy ltd.,"ST DENNIS, UK",HC-B1-0378
BANSAL AND LONG LIMITED t/a Whinchat Pharmacy,"London, UK",HC-B1-0379
BAQRX PHARMA LTD,"SALFORD, UK",HC-B1-0380
BAQRX PHARMA LTD,"SALFORD, UK",HC-B1-0381
BARAKAH HEALTHCARE LIMITED,"NORTHAMPTON, UK",HC-B1-0382
Barbauchlaw Medical Practice,"Armadale, UK",HC-B1-0383
Barchester Healthcare,"Inverness, Highland, Scotland, UK",HC-B1-0384
BARCHESTER HEALTHCARE LIMITED,"LONDON, Highland, Scotland, UK",HC-B1-0385
Barclay Medical Practice Livingston North,"Livingston, UK",HC-B1-0386
BARKHILL DENTAL PRACTICE LTD,"BRADFORD, UK",HC-B1-0387
Barn Lodge Veterinary Hospital,"Ormskirk, Lancs, UK",HC-B1-0388
Barnfield Healthcare Ltd,"Slough, UK",HC-B1-0389
Barnsley Healthcare Federation (BHF) CIC,"Barnsley, South Yorkshire, Yorkshire and the Humber, UK",HC-B1-0390
BARONS PHARMACY LIMITED,"Sutton, UK",HC-B1-0391
Barony medical Centre,"Glasgow, UK",HC-B1-0392
Barrack Lane Medical Centre,"Ipswich, Suffolk, East of England, UK",HC-B1-0393
Bartholomew Medical Group,"Goole, UK",HC-B1-0394
Barton House Medical Practice,"Beaminster, Dorset, South West, UK",HC-B1-0395
Bartongate Ltd T/a AllCare Pharmacy,"Gloucester, UK",HC-B1-0396
Barwell and Hollycroft Medical Centre,"Barwell, Leicestershire, East Midlands, UK",HC-B1-0397
BASE life science Limited,"London, UK",HC-B1-0398
Basic Healthcare Ltd,"Redhill, Surrey, South East, UK",HC-B1-0399
"Basudev Enterprises Ltd, Bedford Dental Practice","Bedford, UK",HC-B1-0400
BATH AND DISTRICT PHARMACY LIMITED,"Walsall, UK",HC-B1-0401
Battersea Primary Care Ltd,"Battersea, UK",HC-B1-0402
Battlefield Healthcare,"Shrewsbury, Shropshire, West Midlands, UK",HC-B1-0403
Baxter Healthcare Limited,"Reading, UK",HC-B1-0404
Baxter Healthcare Limited,"Reading, UK",HC-B1-0405
BAY MEDICAL GROUP,"MORECAMBE, LANCASHIRE, North West, UK",HC-B1-0406
Baycliff Dental & Implant Surgery,"Liverpool, UK",HC-B1-0407
Baywater Healthcare,"Crewe, Cheshire, North West, UK",HC-B1-0408
Baywater Healthcare Limited,"Crewe, UK",HC-B1-0409
Baywater Healthcare Limited,"Crewe, UK",HC-B1-0410
BC SMILE LTD T/A EB DENTAL,"LONDON, UK",HC-B1-0411
BD CHEM LTD T/A JUNCTION PHARMACY,"LONDON, UK",HC-B1-0412
BDC Healthcare & Education Ltd,"Northampton, UK",HC-B1-0413
BDD Pharma Ltd,"Glasgow, Scotland, Scotland, UK",HC-B1-0414
Be Dental Limited,"Falkirk, UK",HC-B1-0415
BE Design,"Newark, Nottinghamshire, East Midlands, UK",HC-B1-0416
BE Education,"LONDON, UK",HC-B1-0417
BE FAIRALL LIMITED,"Thornton Heath, UK",HC-B1-0418
Be First (Regeneration) Ltd,"London, UK",HC-B1-0419
Be Fit London Ltd,"London, UK",HC-B1-0420
BE HAPPY SUPPORT LIMITED,"Telford, UK",HC-B1-0421
Be In The Know Limited,"London, UK",HC-B1-0422
Be Kind Studios ltd,"New Malden, UK",HC-B1-0423
Be Kind Studios ltd,"New Malden, UK",HC-B1-0424
BE ON TV UK LIMITED,"Birmingham, UK",HC-B1-0425
Be Positive Resources Ltd,"Glasgow, UK",HC-B1-0426
Be Possible Limited,"Guildford, Surry, UK",HC-B1-0427
Be Ready Fishing Company Ltd,"Lerwick, Shetland Isles, UK",HC-B1-0428
Be Rota ltd,"LONDON, UK",HC-B1-0429
Be Safe Engineering Service Ltd,"HOUNSLOW, UK",HC-B1-0430
Be Shaping the Future Management Consulting Ltd,"London, UK",HC-B1-0431
Be Shaping the Future Management Consulting Ltd,"London, UK",HC-B1-0432
Be Smart Dry Cleaners,"London, UK",HC-B1-0433
BE SMART INTERNATIONAL LTD,"Bradford, UK",HC-B1-0434
Be The Fox Limited,"Brighton, UK",HC-B1-0435
Beacon Health Group Ltd,"Doncaster, South Yorkshire, Yorkshire and the Humber, UK",HC-B1-0436
Beacon Medical Group,"Ivybridge, UK",HC-B1-0437
Beacon Medical Practice,"Skegness, Lincolnshire, East Midlands, UK",HC-B1-0438
Beacon Primary Care - North Meols Medical Centre,"Southport, Lancashire, North West, UK",HC-B1-0439
Beaconsfield Dental Services,"Orpington, Kent, South East, UK",HC-B1-0440
Beaconsfield Medical Practice,"Brighton, UK",HC-B1-0441
Bear cross dental partnership,"Bournemouth, Bournemouth, South West, UK",HC-B1-0442
Bearsted Medical Practice,"Maidstone, Kent, South East, UK",HC-B1-0443
Beaufort Healthcare Limited,"Birkenhead, UK",HC-B1-0444
Beaulieu Dental,"Chelmsford, Essex, East of England, UK",HC-B1-0445
Beccles Medical Centre,"Beccles, Suffolk, East of England, UK",HC-B1-0446
Beech Tree Medical Practice,"Rugby, Warwickshire, West Midlands, UK",HC-B1-0447
BEECHCROFT DENTAL CARE LIMITED,"Norwich, UK",HC-B1-0448
Beeches Dental Centre,"WORCESTER, UK",HC-B1-0449
Beechfield Medical Centre,"Spalding, Lincs, UK",HC-B1-0450
Beechwood Dental Care Ltd,"Carshalton Beeches, UK",HC-B1-0451
Beechwood Medical Centre,"Halifax, West Yorkshire, Yorkshire and the Humber, UK",HC-B1-0452
Beekay Healthcare Ltd,"Leeds, West Yorkshire, Yorkshire and the Humber, UK",HC-B1-0453
Beeston Chiropractic Clinic Ltd,"Nottingham, Nottinghamshire, East Midlands, UK",HC-B1-0454
Beggarwood Dental Surgery,"Basingstoke, UK",HC-B1-0455
Belfast Skin Clinic,"Belfast, Co Antrim, UK",HC-B1-0456
Belgaum medical centre Ltd,"Luton, Bedfordshire, East of England, UK",HC-B1-0457
Belgrave Medical Centre,"Stoke on Trent, Staffordshire, West Midlands, UK",HC-B1-0458
Bell Walk Healthcare Ltd,"Gloucester, UK",HC-B1-0459
Belle Vale Medical Practice,"Liverpool, Merseyside, North West, UK",HC-B1-0460
Bellegrove Dental Surgery Limited,"Welling, Kent, South East, UK",HC-B1-0461
BELLEVUE DENTAL LTD,"LONDON, UK",HC-B1-0462
Belmont Dental Practice,"Ilford, UK",HC-B1-0463
Belmont Healthcare (Copper) Limited t/a Belmont Healthcare (Copper Beeches) Limited,"Redditch, Worcestershir, UK",HC-B1-0464
BELMONT HEALTHCARE (MADEIRA) LIMITED,"SOLIHULL, UK",HC-B1-0465
Belmont Healthcare (Murdoch) Limited,"Redditch, Worcestershir, UK",HC-B1-0466
Belmont Healthcare (Wombwell) Ltd,"Solihull, UK",HC-B1-0467
Belmont Healthcare (Woodbury) Limited,"Redditch, Worcestershir, UK",HC-B1-0468
Belmont Healthcare Services Limited,"Solihull, West Midlands, West Midlands, UK",HC-B1-0469
Belmont medical centre,"Hereford, Herefordshire, West Midlands, UK",HC-B1-0470
Belvedere Dental Practice Company Ltd,"Workington, Cumbria, North West, UK",HC-B1-0471
Belvedere Medical Centre,"Belvedere, kent, South East, UK",HC-B1-0472
Belvidere Medical Practice,"Shrewsbury, Shropshire, West Midlands, UK",HC-B1-0473
Belvoir Healthcare Ltd,"Norwich, Norfolk, East of England, UK",HC-B1-0474
Benenden Healthcare Society Ltd,"York, North Yorkshire, Yorkshire and the Humber, UK",HC-B1-0475
Benfield Park Medical Group,"Newcastle upon Tyne, UK",HC-B1-0476
Benllech Dental Surgery,"Benllech, UK",HC-B1-0477
Bentham Medical Practice,"Lancaster, N Yorks, UK",HC-B1-0478
Bentley Medical Practice,"Redcar, Cleveland, UK",HC-B1-0479
Bere Peninsula Pharmacy Limited,"Yelverton, UK",HC-B1-0480
Berkeley Pharma Limited,"Whitstable, Kent, South East, UK",HC-B1-0481
Berwick Pharmacy,"Berwick-upon-Tweed, Northumberland, North East, UK",HC-B1-0482
Besins Healthcare (UK) Limited,"London, UK",HC-B1-0483
Besins Healthcare (UK) Limited,"London, UK",HC-B1-0484
Bespoke Healthcare Ltd,"Preston, Lancashire, North West, UK",HC-B1-0485
BEST SKINCARE CLINIC LIMITED,"Leeds, West Yorkshire, Yorkshire and the Humber, UK",HC-B1-0486
Bestway Panacea Healthcare Limited,"Manchester, UK",HC-B1-0487
Bethel Healthcare (Hull) Limited,"HULL, UNITED KINGDOM, UK",HC-B1-0488
Bethesda Medical Centre,"Margate, Kent, South East, UK",HC-B1-0489
Bexipharma Ltd T/A Smiths Pharmacy,"Gillingham, UK",HC-B1-0490
BEXLEY MEDICAL GROUP,"BEXLEYHEATH, KENT, South East, UK",HC-B1-0491
Bexleyheath Chiropractic Clinic Limited,"Bexleyheath, Kent, South East, UK",HC-B1-0492
BFS HEALTHCARE LTD,"Belfast, UK",HC-B1-0493
BGS Healthcare Ltd,"Chippenham, Wiltshire, South West, UK",HC-B1-0494
BHAM PHARMA LIMITED,"Preston, UK",HC-B1-0495
Bhandal Dental Practice Blackheath,"Rowley Regis, UK",HC-B1-0496
Bhandal Dental Practices,"Cradley Heath, West Midlands, West Midlands, UK",HC-B1-0497
Bicester Health Centre,"Bicester, Oxfordshire, South East, UK",HC-B1-0498
Bickiepegs Healthcare Limited,"London, UK",HC-B1-0499
Biddlestone Health Group,"Newcastle upon Tyne, Tyne and Wear, North East, UK",HC-B1-0500
