batch_number,review_status,sponsor_licence_id,organisation_name,normalized_organisation_name,town_city,county,region,industry,route,sub_route,rating,existing_website,existing_careers_url,existing_ats_provider,existing_ats_board_id,existing_ats_mapping_status,existing_ats_mapping_evidence_url,website_url,website_confidence,website_evidence_url,careers_url,careers_confidence,careers_evidence_url,ats_provider,ats_board_id,ats_mapping_status,ats_mapping_evidence_url,source,source_evidence_url,notes
5,pending,210621,Heronsgate Dental & Facial,heronsgate dental and facial,London,London,London,Healthcare,Worker,Skilled Worker,A rating,,,,,,,https://www.heronsgatedental.co.uk/,medium,https://www.heronsgatedental.co.uk/,,none,,,,,,SponsorList public directory lead; first-party page identity checked,https://sponsorlist.co.uk/sponsors/heronsgate-dental-facial/,"no unambiguous CQC name/location match; no employer-linked, verifiable careers destination found"
5,pending,210889,Hickam Healthcare Ltd,hickam healthcare ltd,Birmingham,,,Healthcare,Worker,Skilled Worker,A rating,,,,,,,https://www.hickamhealthcare.com/,medium,https://www.hickamhealthcare.com/,,none,,,,,,SponsorList public directory lead; first-party page identity checked,https://sponsorlist.co.uk/sponsors/hickam-healthcare-ltd/,"no unambiguous CQC name/location match; no employer-linked, verifiable careers destination found"
5,pending,211044,Highgate Dental Centre,highgate dental centre,HIGHGATE,,,Healthcare,Worker,Skilled Worker,A rating,,,,,,,https://highgatedentalcentre.co.uk/,high,https://highgatedentalcentre.co.uk/,https://highgatedentalcentre.co.uk/,medium,https://highgatedentalcentre.co.uk/,,,,,SponsorList public directory lead; first-party page identity checked,https://sponsorlist.co.uk/sponsors/highgate-dental-centre/,CQC match supplied no eligible employer website URL
5,pending,211736,Hockley Farm Medical Practice,hockley farm medical practice,Leicester,Leicestershire,East Midlands,Healthcare,Worker,Skilled Worker,A rating,,,,,,,https://www.hockleyfarmmedicalpractice.co.uk/,high,https://www.hockleyfarmmedicalpractice.co.uk/,https://www.hockleyfarmmedicalpractice.co.uk/jobs/,medium,https://www.hockleyfarmmedicalpractice.co.uk/jobs/,,,,,CQC location_name/high lead; first-party page identity checked,https://www.cqc.org.uk/location/1-568439504,First-party employer identity verified; manual review remains required before import.
5,pending,212308,Hope Citadel Healthcare CIC,hope citadel healthcare cic,Oldham,,,Healthcare,Worker,Skilled Worker,A rating,,,,,,,https://hopecitadel.org.uk/,medium,https://hopecitadel.org.uk/,https://hopecitadel.org.uk/working-for-us/,high,https://hopecitadel.org.uk/,,,,,SponsorList public directory lead; first-party page identity checked,https://sponsorlist.co.uk/sponsors/hope-citadel-healthcare-cic/,no unambiguous CQC name/location match
5,pending,215011,Indegene Healthcare UK Ltd,indegene healthcare uk ltd,London,,,Healthcare,Worker,Global Business Mobility: Senior or Specialist Worker,A rating,,,,,,,https://www.indegene.com/,medium,https://www.indegene.com/,https://www.indegene.com/careers,high,https://www.indegene.com/,,,,,SponsorList public directory lead; first-party page identity checked,https://sponsorlist.co.uk/sponsors/indegene-healthcare-uk-ltd/,no unambiguous CQC name/location match
5,pending,215012,Indegene Healthcare UK Ltd,indegene healthcare uk ltd,London,,,Healthcare,Worker,Global Business Mobility: Senior or Specialist Worker,A rating,,,,,,,https://www.indegene.com/,medium,https://www.indegene.com/,https://www.indegene.com/careers,high,https://www.indegene.com/,,,,,SponsorList public directory lead; first-party page identity checked,https://sponsorlist.co.uk/sponsors/indegene-healthcare-uk-ltd/,no unambiguous CQC name/location match
5,pending,215326,INFINITE HEALTHCARE SERVICES LTD,infinite healthcare services ltd,Chelmsford,Essex,East of England,Healthcare,Worker,Skilled Worker,A rating,,,,,,,https://infinitehealthcareservices.co.uk/,high,https://infinitehealthcareservices.co.uk/,https://infinitehealthcareservices.co.uk/careers/,medium,https://infinitehealthcareservices.co.uk/careers/,,,,,CQC provider_name/high lead; first-party page identity checked,https://www.cqc.org.uk/location/1-9235620455,First-party employer identity verified; manual review remains required before import.
5,pending,215667,INNOSERVE HEALTHCARE SOLUTIONS LIMITED,innoserve healthcare solutions limited,"London, England",,,Healthcare,Worker,Skilled Worker,A rating,,,,,,,https://innoservehealthcare.com/,medium,https://innoservehealthcare.com/,,none,,,,,,SponsorList public directory lead; first-party page identity checked,https://sponsorlist.co.uk/sponsors/innoserve-healthcare-solutions-limited/,"no unambiguous CQC name/location match; no employer-linked, verifiable careers destination found"
5,pending,216713,Intune Healthcare Limited,intune healthcare limited,Peacehaven,,,Healthcare,Worker,Skilled Worker,A rating,,,,,,,https://www.intunehealth.com/,medium,https://www.intunehealth.com/,https://www.intunehealth.com/careers,high,https://www.intunehealth.com/,,,,,SponsorList public directory lead; first-party page identity checked,https://sponsorlist.co.uk/sponsors/intune-healthcare-limited/,no unambiguous CQC name/location match
5,pending,218167,JADE Healthcare Services Limited,jade healthcare services limited,Nottingham,,,Healthcare,Worker,Skilled Worker,A rating,,,,,,,https://www.jadehealthcare.co.uk/,medium,https://www.jadehealthcare.co.uk/,,none,,,,,,CQC provider_name/high lead; first-party page identity checked,https://www.cqc.org.uk/location/1-3698403318,"no employer-linked, verifiable careers destination found"
5,pending,218591,JAPAN GREEN MEDICAL CENTRE LTD,japan green medical centre ltd,LONDON,,,Healthcare,Worker,Skilled Worker,A rating,,,,,,,https://www.japangreen.co.uk/,medium,https://www.japangreen.co.uk/,https://www.japangreen.co.uk/about/recruit.html,high,https://www.japangreen.co.uk/,,,,,CQC fuzzy_name_town/medium lead; first-party page identity checked,https://www.cqc.org.uk/location/1-113093813,First-party employer identity verified; manual review remains required before import.
5,pending,218647,JAS PHARMA LTD,jas pharma ltd,Kendal,Cumbria,North West,Healthcare,Worker,Skilled Worker,A rating,,,,,,,https://www.jas.com/,medium,https://www.jas.com/,https://www.jas.com/careers/,high,https://www.jas.com/,,,,,SponsorList public directory lead; first-party page identity checked,https://sponsorlist.co.uk/sponsors/jas-pharma-ltd/,no unambiguous CQC name/location match
5,pending,219344,Jill du Toit TA In Clover at The Lomond Clinic,jill du toit ta in clover at the lomond clinic,Helensburgh,,,Healthcare,Worker,Skilled Worker,A rating,,,,,,,https://thelomondclinic.com/,high,https://thelomondclinic.com/,https://thelomondclinic.com/2024/09/20/join-us-in-the-fight-against-bowel-cancer-our-cause-for-this-year/,medium,https://thelomondclinic.com/2024/09/20/join-us-in-the-fight-against-bowel-cancer-our-cause-for-this-year/,,,,,SponsorList public directory lead; first-party page identity checked,https://sponsorlist.co.uk/sponsors/jill-du-toit-ta-in-clover-at-the-lomond-clinic/,no unambiguous CQC name/location match
5,pending,220195,JSB Healthcare Ltd,jsb healthcare ltd,Gwynedd,,,Healthcare,Worker,Skilled Worker,A rating,,,,,,,https://jsbhealthcare.net/,medium,https://jsbhealthcare.net/,https://jsbhealthcare.net/careers/,high,https://jsbhealthcare.net/,,,,,SponsorList public directory lead; first-party page identity checked,https://sponsorlist.co.uk/sponsors/jsb-healthcare-ltd/,no unambiguous CQC name/location match
5,pending,220506,Just Smile Dental,just smile dental,Exeter,Devon,South West,Healthcare,Worker,Skilled Worker,A rating,,,,,,,https://just-smile.co.uk/,medium,https://just-smile.co.uk/,,none,,,,,,SponsorList public directory lead; first-party page identity checked,https://sponsorlist.co.uk/sponsors/just-smile-dental/,"no unambiguous CQC name/location match; no employer-linked, verifiable careers destination found"
5,pending,221318,Karims Pharmacy Limited,karims pharmacy limited,Blackburn,,,Healthcare,Worker,Skilled Worker,A rating,,,,,,,https://karimspharmacy.co.uk/,high,https://karimspharmacy.co.uk/,https://karimspharmacy.co.uk/careers,medium,https://karimspharmacy.co.uk/careers,,,,,SponsorList public directory lead; first-party page identity checked,https://sponsorlist.co.uk/sponsors/karims-pharmacy-limited/,no unambiguous CQC name/location match
5,pending,221341,Karo Healthcare UK Ltd,karo healthcare uk ltd,Maidenhead,,,Healthcare,Worker,Skilled Worker,A rating,,,,,,,https://www.karohealthcare.com/,medium,https://www.karohealthcare.com/,,none,,,,,,SponsorList public directory lead; first-party page identity checked,https://sponsorlist.co.uk/sponsors/karo-healthcare-uk-ltd/,"no unambiguous CQC name/location match; no employer-linked, verifiable careers destination found"
5,pending,222740,Kind Healthcare Ltd,kind healthcare ltd,Nottingham,Nottinghamshire,East Midlands,Healthcare,Worker,Skilled Worker,A rating,,,,,,,https://kind-healthcare.co.uk/,high,https://kind-healthcare.co.uk/,https://kind-healthcare.co.uk/careers,medium,https://kind-healthcare.co.uk/careers,,,,,SponsorList public directory lead; first-party page identity checked,https://sponsorlist.co.uk/sponsors/kind-healthcare-ltd/,CQC match supplied no eligible employer website URL
5,pending,222945,Kings Road Medical Centre,kings road medical centre,Harrow,Middlesex,,Healthcare,Worker,Skilled Worker,A rating,,,,,,,https://kingsroadmedicalcentre.com/,high,https://kingsroadmedicalcentre.com/,https://kingsroadmedicalcentre.com/jobs/,medium,https://kingsroadmedicalcentre.com/jobs/,,,,,CQC provider_name/high lead; first-party page identity checked,https://www.cqc.org.uk/location/1-530564911,First-party employer identity verified; manual review remains required before import.
5,pending,223136,Kirkby dental practice,kirkby dental practice,"Kikrby in ashfield, Nottingham",East Midlands,,Healthcare,Worker,Skilled Worker,A rating,,,,,,,https://www.kirkbydental.co.uk/,medium,https://www.kirkbydental.co.uk/,https://www.kirkbydental.co.uk/patient-education,high,https://www.kirkbydental.co.uk/,,,,,SponsorList public directory lead; first-party page identity checked,https://sponsorlist.co.uk/sponsors/kirkby-dental-practice/,no unambiguous CQC name/location match
5,pending,223137,KIRKBY HEALTH CENTRE,kirkby health centre,KIRKBY IN ASHFIELD,,,Healthcare,Worker,Skilled Worker,A rating,,,,,,,https://www.healthcentrekirkbyinashfield.co.uk/,medium,https://www.healthcentrekirkbyinashfield.co.uk/,,none,,,,,,CQC provider_name/high lead; first-party page identity checked,https://www.cqc.org.uk/location/1-545109500,"no employer-linked, verifiable careers destination found"
5,pending,223155,KIRKLANDS HEALTHCARE LIMITED,kirklands healthcare limited,Harrow,Middlesex,,Healthcare,Worker,Skilled Worker,A rating,,,,,,,https://www.kirklandscaregroup.co.uk/,medium,https://www.kirklandscaregroup.co.uk/,,none,,,,,,CQC provider_name/high lead; first-party page identity checked,https://www.cqc.org.uk/location/1-112807288,"no employer-linked, verifiable careers destination found"
5,pending,223929,Koru Life Science Limited,koru life science limited,London,Select...,,Healthcare,Worker,Skilled Worker,A rating,,,,,,,https://www.korulifescience.com/,medium,https://www.korulifescience.com/,,none,,,,,,SponsorList public directory lead; first-party page identity checked,https://sponsorlist.co.uk/sponsors/koru-life-science-limited/,"no unambiguous CQC name/location match; no employer-linked, verifiable careers destination found"
5,pending,224470,Kuro Health Services Limited,kuro health services limited,Brighton,,,Healthcare,Worker,Skilled Worker,A rating,,,,,,,https://kurohealth.co.uk/,medium,https://kurohealth.co.uk/,,none,,,,,,SponsorList public directory lead; first-party page identity checked,https://sponsorlist.co.uk/sponsors/kuro-health-services-limited/,"no unambiguous CQC name/location match; no employer-linked, verifiable careers destination found"
5,pending,225056,LAKESIDE MEDICAL PRACTICE,lakeside medical practice,ENNISKILLEN,FERMANAGH,Northern Ireland,Healthcare,Worker,Skilled Worker,A rating,,,,,,,https://www.lakesidegpsthamesmead.co.uk/,medium,https://www.lakesidegpsthamesmead.co.uk/,https://www.lakesidegpsthamesmead.co.uk/jobs,high,https://www.lakesidegpsthamesmead.co.uk/,,,,,CQC provider_name/high lead; first-party page identity checked,https://www.cqc.org.uk/location/1-550165740,First-party employer identity verified; manual review remains required before import.
5,pending,225383,Lansdown Dental Practice,lansdown dental practice,Birmingham,,,Healthcare,Worker,Skilled Worker,A rating,,,,,,,https://www.lansdowndental.co.uk/,high,https://www.lansdowndental.co.uk/,https://www.lansdowndental.co.uk/search/careers?404=Error,medium,https://www.lansdowndental.co.uk/search/careers?404=Error,,,,,SponsorList public directory lead; first-party page identity checked,https://sponsorlist.co.uk/sponsors/lansdown-dental-practice/,CQC match supplied no eligible employer website URL
5,pending,225424,Laptop Clinic Ltd,laptop clinic ltd,Leicester,,,Healthcare,Worker,Skilled Worker,A rating,,,,,,,https://www.thelaptopclinic.co.uk/,medium,https://www.thelaptopclinic.co.uk/,,none,,,,,,SponsorList public directory lead; first-party page identity checked,https://sponsorlist.co.uk/sponsors/laptop-clinic-ltd/,"no unambiguous CQC name/location match; no employer-linked, verifiable careers destination found"
5,pending,225919,LEAL HEALTHCARE LIMITED,leal healthcare limited,Stockbridge,,,Healthcare,Worker,Skilled Worker,A rating,,,,,,,https://leal.health/,medium,https://leal.health/,,none,,,,,,SponsorList public directory lead; first-party page identity checked,https://sponsorlist.co.uk/sponsors/leal-healthcare-limited/,"no unambiguous CQC name/location match; no employer-linked, verifiable careers destination found"
5,pending,226122,LEGACY HEALTHCARE GROUP LTD,legacy healthcare group ltd,Daventry,,,Healthcare,Worker,Skilled Worker,A rating,,,,,,,https://legacyhealthcaregroup.co.uk/,medium,https://legacyhealthcaregroup.co.uk/,https://legacyhealthcaregroup.co.uk/career.php,high,https://legacyhealthcaregroup.co.uk/,,,,,SponsorList public directory lead; first-party page identity checked,https://sponsorlist.co.uk/sponsors/legacy-healthcare-group-ltd/,CQC match supplied no eligible employer website URL
5,pending,226369,LEOGENIC PHARMA LTD,leogenic pharma ltd,MELTON MOWBRAY,,,Healthcare,Worker,Skilled Worker,A rating,,,,,,,https://leogenicpharma.co.uk/,medium,https://leogenicpharma.co.uk/,,none,,,,,,SponsorList public directory lead; first-party page identity checked,https://sponsorlist.co.uk/sponsors/leogenic-pharma-ltd/,"no unambiguous CQC name/location match; no employer-linked, verifiable careers destination found"
5,pending,226688,LHM HEALTHCARE,lhm healthcare,LONDON,,,Healthcare,Worker,Skilled Worker,A rating,,,,,,,https://www.unitedkingdom.lhm-medical.com/,medium,https://www.unitedkingdom.lhm-medical.com/,,none,,,,,,SponsorList public directory lead; first-party page identity checked,https://sponsorlist.co.uk/sponsors/lhm-healthcare/,"no unambiguous CQC name/location match; no employer-linked, verifiable careers destination found"
5,pending,226844,Lifebit Biotech Limited,lifebit biotech limited,London,County (optional),,Healthcare,Worker,Skilled Worker,A rating,,,,,,,https://lifebit.ai/,high,https://lifebit.ai/,https://lifebit.ai/,medium,https://lifebit.ai/,,,,,SponsorList public directory lead; first-party page identity checked,https://sponsorlist.co.uk/sponsors/lifebit-biotech-limited/,no unambiguous CQC name/location match
5,pending,227183,Linden Lodge Dental Practice,linden lodge dental practice,Thornton Heath,Surrey,South East,Healthcare,Worker,Skilled Worker,A rating,,,,,,,https://www.lindenlodgedentalcare.co.uk/,medium,https://www.lindenlodgedentalcare.co.uk/,,none,,,,,,SponsorList public directory lead; first-party page identity checked,https://sponsorlist.co.uk/sponsors/linden-lodge-dental-practice/,"CQC match supplied no eligible employer website URL; no employer-linked, verifiable careers destination found"
5,pending,227624,Liva Healthcare UK Limited,liva healthcare uk limited,London,,,Healthcare,Worker,Skilled Worker,A rating,,,,,,,https://www.livahealthcare.com/,high,https://www.livahealthcare.com/,https://careers.livahealthcare.com/,medium,https://careers.livahealthcare.com/,,,,,CQC provider_name/high lead; first-party page identity checked,https://www.cqc.org.uk/location/1-19884826207,First-party employer identity verified; manual review remains required before import.
5,pending,228062,Loddon Healthcare Ltd,loddon healthcare ltd,Slough,Berkshire,South East,Healthcare,Worker,Skilled Worker,A rating,,,,,,,https://loddonhealthcare.co.uk/,medium,https://loddonhealthcare.co.uk/,https://loddonhealthcare.co.uk/job-application/,high,https://loddonhealthcare.co.uk/,,,,,SponsorList public directory lead; first-party page identity checked,https://sponsorlist.co.uk/sponsors/loddon-healthcare-ltd/,CQC match supplied no eligible employer website URL
5,pending,228469,LONDON KNIGHTSBRIDGE COSMETIC CLINIC LIMITED,london knightsbridge cosmetic clinic limited,"Barnsley,",England,,Healthcare,Worker,Skilled Worker,A rating,,,,,,,https://www.thelondoncosmeticclinic.co.uk/,medium,https://www.thelondoncosmeticclinic.co.uk/,https://www.thelondoncosmeticclinic.co.uk/careers/,high,https://www.thelondoncosmeticclinic.co.uk/,,,,,CQC provider_name/high lead; first-party page identity checked,https://www.cqc.org.uk/location/1-8605298281,First-party employer identity verified; manual review remains required before import.
5,pending,228937,Lotus Pharma Ltd,lotus pharma ltd,Malmesbury,Wiltshire,South West,Healthcare,Worker,Skilled Worker,A rating,,,,,,,https://www.lotuspharm.com/,medium,https://www.lotuspharm.com/,https://www.lotuspharm.com/en/careers,high,https://www.lotuspharm.com/,,,,,SponsorList public directory lead; first-party page identity checked,https://sponsorlist.co.uk/sponsors/lotus-pharma-ltd/,no unambiguous CQC name/location match
5,pending,229141,LOYALTY HEALTHCARE LIMITED,loyalty healthcare limited,Hayes,,,Healthcare,Worker,Skilled Worker,A rating,,,,,,,https://loyaltyhealthcarelimited.co.uk/,medium,https://loyaltyhealthcarelimited.co.uk/,,none,,,,,,SponsorList public directory lead; first-party page identity checked,https://sponsorlist.co.uk/sponsors/loyalty-healthcare-limited/,"CQC match supplied no eligible employer website URL; no employer-linked, verifiable careers destination found"
5,pending,229299,Luchi Healthcare Limited,luchi healthcare limited,Walthamstoe,,,Healthcare,Worker,Skilled Worker,A rating,,,,,,,https://www.luchihealthcare.co.uk/,medium,https://www.luchihealthcare.co.uk/,https://www.luchihealthcare.co.uk/join-us.html,high,https://www.luchihealthcare.co.uk/,,,,,CQC provider_name/high lead; first-party page identity checked,https://www.cqc.org.uk/location/1-13439055573,First-party employer identity verified; manual review remains required before import.
