pilot_rank,selection_group,sponsor_licence_id,organisation_name,industry,town_city,county,region,current_confidence,candidate_site_root,candidate_domain,evidence_url,contact_email_domain,contact_email_domain_match,existing_website_careers_source_match,source_provenance,location_fields_present,journal_history_found,prior_blocking_failure_codes,prior_failure_codes,selection_reason,verification_status
1,strong_medium,154699,17CARE UK LTD,Other,High Wycombe,Buckinghamshire,South East,medium,https://17care.co.uk/,17care.co.uk,https://17care.co.uk/,17care.co.uk,true,true,existing_website+contact_email_domain+existing_careers_url_domain+company_site_existing_file,3,true,,,medium; candidate domain matches contact-email domain; existing website/careers provenance; 3 location field(s) available; no prior robots/block/timeout errors; selection group: strong_medium,selected_for_pilot_not_yet_rechecked
2,strong_medium,154816,2020 Innovation Training Limited,Other,Birmingham,West Midlands,West Midlands,medium,https://www.2020innovation.com/,2020innovation.com,https://www.2020innovation.com/,2020innovation.com,true,true,existing_website+existing_careers_url_domain+company_site_existing_file,3,true,,,medium; candidate domain matches contact-email domain; existing website/careers provenance; 3 location field(s) available; no prior robots/block/timeout errors; selection group: strong_medium,selected_for_pilot_not_yet_rechecked
3,strong_medium,155108,3pX Group,Other,London,London,London,medium,https://www.3px.group/,3px.group,https://www.3px.group/,3px.group,true,true,existing_website+existing_careers_url_domain+company_site_existing_file,3,true,,,medium; candidate domain matches contact-email domain; existing website/careers provenance; 3 location field(s) available; no prior robots/block/timeout errors; selection group: strong_medium,selected_for_pilot_not_yet_rechecked
4,strong_medium,156078,A1 Care Services Ty Ceirios Nursing Home,Social Care,Pontypool,Torfaen,Wales,medium,https://a1care.co.uk/,a1care.co.uk,https://a1care.co.uk/,a1care.co.uk,true,true,existing_website+contact_email_domain+existing_careers_url_domain+company_site_existing_file+verified_company_site_source_host,3,true,,,medium; candidate domain matches contact-email domain; existing website/careers provenance; 3 location field(s) available; no prior robots/block/timeout errors; selection group: strong_medium,selected_for_pilot_not_yet_rechecked
5,strong_medium,156135,A212 Electric and Gas Ltd,Other,London,Greater London,London,medium,https://www.a212electricandgas.co.uk/,a212electricandgas.co.uk,https://www.a212electricandgas.co.uk/,a212electricandgas.co.uk,true,true,existing_website,3,true,,,medium; candidate domain matches contact-email domain; existing website/careers provenance; 3 location field(s) available; no prior robots/block/timeout errors; selection group: strong_medium,selected_for_pilot_not_yet_rechecked
6,strong_medium,156155,A2Z Cloud Ltd.,Other,Salisbury,Wiltshire,South West,medium,https://a2zcloud.com/,a2zcloud.com,https://a2zcloud.com/,a2zcloud.com,true,true,existing_website+contact_email_domain+existing_careers_url_domain+company_site_existing_file+verified_company_site_source_host,3,true,,,medium; candidate domain matches contact-email domain; existing website/careers provenance; 3 location field(s) available; no prior robots/block/timeout errors; selection group: strong_medium,selected_for_pilot_not_yet_rechecked
7,strong_medium,156659,ABBEY HOUSE RESEDENTIAL CARE HOME,Social Care,MORDEN,SURREY,South East,medium,https://www.abbeycareservices.co.uk/,abbeycareservices.co.uk,https://www.abbeycareservices.co.uk/,abbeycareservices.co.uk,true,true,existing_website,3,true,,,medium; candidate domain matches contact-email domain; existing website/careers provenance; 3 location field(s) available; no prior robots/block/timeout errors; selection group: strong_medium,selected_for_pilot_not_yet_rechecked
8,strong_medium,156542,AB Glass (Doors and Windows) Ltd,Other,Swansea,Swansea,Wales,medium,https://www.abglass.co.uk/,abglass.co.uk,https://www.abglass.co.uk/,abglass.co.uk,true,true,existing_website+existing_careers_url_domain+company_site_existing_file,3,true,,,medium; candidate domain matches contact-email domain; existing website/careers provenance; 3 location field(s) available; no prior robots/block/timeout errors; selection group: strong_medium,selected_for_pilot_not_yet_rechecked
9,strong_medium,156967,ABLE BUSINESS SERVICES LTD,Other,Dagenham,Essex,East of England,medium,https://www.ablebusinessservices.com/,ablebusinessservices.com,https://www.ablebusinessservices.com/,ablebusinessservices.com,true,true,existing_website,3,true,,,medium; candidate domain matches contact-email domain; existing website/careers provenance; 3 location field(s) available; no prior robots/block/timeout errors; selection group: strong_medium,selected_for_pilot_not_yet_rechecked
10,strong_medium,157517,ACEVENTURES GROUP LTD,Other,Willenhall,West Midlands,West Midlands,medium,https://www.aceventures.com/,aceventures.com,https://www.aceventures.com/,aceventures.com,true,true,existing_website,3,true,,,medium; candidate domain matches contact-email domain; existing website/careers provenance; 3 location field(s) available; no prior robots/block/timeout errors; selection group: strong_medium,selected_for_pilot_not_yet_rechecked
11,strong_medium,157542,ACI Worldwide (EMEA) Limited,Other,Brookwood,Surrey,South East,medium,https://www.aciworldwide.com/,aciworldwide.com,https://www.aciworldwide.com/,aciworldwide.com,true,true,existing_website,3,true,,,medium; candidate domain matches contact-email domain; existing website/careers provenance; 3 location field(s) available; no prior robots/block/timeout errors; selection group: strong_medium,selected_for_pilot_not_yet_rechecked
12,strong_medium,155484,A & CO ACCOUNTANTS (NMN) LTD,Other,Manchester,Lancashire,North West,medium,https://aco-accountants.co.uk/,aco-accountants.co.uk,https://aco-accountants.co.uk/,aco-accountants.co.uk,true,true,existing_website+contact_email_domain,3,true,,,medium; candidate domain matches contact-email domain; existing website/careers provenance; 3 location field(s) available; no prior robots/block/timeout errors; selection group: strong_medium,selected_for_pilot_not_yet_rechecked
13,strong_medium,157672,ACREO Ltd,Other,Oldmeldrum,Aberdeenshire,Scotland,medium,https://www.acreo.uk/,acreo.uk,https://www.acreo.uk/,acreo.uk,true,true,existing_website+existing_careers_url_domain+company_site_existing_file,3,true,,,medium; candidate domain matches contact-email domain; existing website/careers provenance; 3 location field(s) available; no prior robots/block/timeout errors; selection group: strong_medium,selected_for_pilot_not_yet_rechecked
14,strong_medium,157691,ACRS Limited,Other,Pershore,Worcestershire,West Midlands,medium,https://www.acrs.co.uk/,acrs.co.uk,https://www.acrs.co.uk/,acrs.co.uk,true,true,existing_website,3,true,,,medium; candidate domain matches contact-email domain; existing website/careers provenance; 3 location field(s) available; no prior robots/block/timeout errors; selection group: strong_medium,selected_for_pilot_not_yet_rechecked
15,strong_medium,157894,ACWIN LTD,Other,OLDHAM,LANCASHIRE,North West,medium,https://www.acwin.co.uk/,acwin.co.uk,https://www.acwin.co.uk/,acwin.co.uk,true,true,existing_website+existing_careers_url_domain+company_site_existing_file,3,true,,,medium; candidate domain matches contact-email domain; existing website/careers provenance; 3 location field(s) available; no prior robots/block/timeout errors; selection group: strong_medium,selected_for_pilot_not_yet_rechecked
16,strong_medium,158003,ADAMA Agricultural Solutions UK ltd,Other,Theale,Berkshire,South East,medium,https://www.adama.com/,adama.com,https://www.adama.com/en,adama.com,true,true,existing_website,3,true,,,medium; candidate domain matches contact-email domain; existing website/careers provenance; 3 location field(s) available; no prior robots/block/timeout errors; selection group: strong_medium,selected_for_pilot_not_yet_rechecked
17,strong_medium,154987,360 health ltd,Other,london,London,London,medium,https://www.adhd-360.com/,adhd-360.com,https://www.adhd-360.com/,adhd-360.com,true,true,existing_website,3,true,,,medium; candidate domain matches contact-email domain; existing website/careers provenance; 3 location field(s) available; no prior robots/block/timeout errors; selection group: strong_medium,selected_for_pilot_not_yet_rechecked
18,strong_medium,158238,ADL Homestore,Other,Birmingham,West Midlands,West Midlands,medium,https://adl-home-improvements.co.uk/,adl-home-improvements.co.uk,https://adl-home-improvements.co.uk/,adl-home-improvements.co.uk,true,true,existing_website+contact_email_domain,3,true,,,medium; candidate domain matches contact-email domain; existing website/careers provenance; 3 location field(s) available; no prior robots/block/timeout errors; selection group: strong_medium,selected_for_pilot_not_yet_rechecked
19,strong_medium,158335,ADRIEL CARE LTD,Other,POOLE,DORSET,South West,medium,https://adriel-care.co.uk/,adriel-care.co.uk,https://adriel-care.co.uk/,adriel-care.co.uk,true,true,existing_website+contact_email_domain,3,true,,,medium; candidate domain matches contact-email domain; existing website/careers provenance; 3 location field(s) available; no prior robots/block/timeout errors; selection group: strong_medium,selected_for_pilot_not_yet_rechecked
20,strong_medium,158363,ADTRAN Europe Limited,Other,Basingstoke,Hampshire,South East,medium,https://www.adtran.com/,adtran.com,https://www.adtran.com/en,adtran.com,true,true,existing_website,3,true,,,medium; candidate domain matches contact-email domain; existing website/careers provenance; 3 location field(s) available; no prior robots/block/timeout errors; selection group: strong_medium,selected_for_pilot_not_yet_rechecked
21,strong_medium,154085,AZI ACCOUNTANCY SERVICES LTD,Other,DUDLEY,WEST MIDLANDS,West Midlands,medium,https://aziaccountant.co.uk/,aziaccountant.co.uk,https://aziaccountant.co.uk/,aziaccountant.co.uk,true,true,existing_website+contact_email_domain,3,true,,,medium; candidate domain matches contact-email domain; existing website/careers provenance; 3 location field(s) available; no prior robots/block/timeout errors; selection group: strong_medium,selected_for_pilot_not_yet_rechecked
22,strong_medium,171872,BJS HAULAGE LIMITED,Transport,WEDNESBURY,WEST MIDLANDS,West Midlands,medium,https://www.bjsfamily.com/,bjsfamily.com,https://www.bjsfamily.com/,bjsfamily.com,true,true,existing_website,3,true,,,medium; candidate domain matches contact-email domain; existing website/careers provenance; 3 location field(s) available; no prior robots/block/timeout errors; selection group: strong_medium,selected_for_pilot_not_yet_rechecked
23,strong_medium,172134,BLADEZ TOYZ LIMITED,Other,MARLOW,BUCKINGHAMSHIRE,South East,medium,https://bladeztoyz.com/,bladeztoyz.com,https://bladeztoyz.com/,bladeztoyz.com,true,true,existing_website+contact_email_domain+existing_careers_url_domain+company_site_existing_file,3,true,,,medium; candidate domain matches contact-email domain; existing website/careers provenance; 3 location field(s) available; no prior robots/block/timeout errors; selection group: strong_medium,selected_for_pilot_not_yet_rechecked
24,strong_medium,172792,BMC Software Ltd,Technology,Winnersh Triangle,Berkshire,South East,medium,https://www.bmc.com/,bmc.com,https://www.bmc.com/,bmc.com,true,true,existing_website+existing_careers_url_domain+company_site_existing_file,3,true,,,medium; candidate domain matches contact-email domain; existing website/careers provenance; 3 location field(s) available; no prior robots/block/timeout errors; selection group: strong_medium,selected_for_pilot_not_yet_rechecked
25,strong_medium,155413,80K RESTAURANT AND BAR BASILDON,Hospitality,BASILDON,ESSEX,East of England,medium,https://eightyk.co.uk/,eightyk.co.uk,https://eightyk.co.uk/,eightyk.co.uk,true,true,existing_website+contact_email_domain,3,true,,,medium; candidate domain matches contact-email domain; existing website/careers provenance; 3 location field(s) available; no prior robots/block/timeout errors; selection group: strong_medium,selected_for_pilot_not_yet_rechecked
26,strong_medium,155148,4 Net Technologies LTD (t/a FourNet),Other,Manchester,Greater Manchester,North West,medium,https://fournet.co.uk/,fournet.co.uk,https://fournet.co.uk/,fournet.co.uk,true,true,existing_website+contact_email_domain+existing_careers_url_domain+company_site_existing_file,3,true,,,medium; candidate domain matches contact-email domain; existing website/careers provenance; 3 location field(s) available; no prior robots/block/timeout errors; selection group: strong_medium,selected_for_pilot_not_yet_rechecked
27,strong_medium,154632,10ACT Ltd T/A TrackBack,Other,"Chilworth, Southampton",Hampshire,South East,medium,https://www.trackback.net/,trackback.net,https://www.trackback.net/,trackback.net,true,true,existing_website,3,true,,,medium; candidate domain matches contact-email domain; existing website/careers provenance; 3 location field(s) available; no prior robots/block/timeout errors; selection group: strong_medium,selected_for_pilot_not_yet_rechecked
28,strong_medium,155088,3i Infotech (UK) Limited,Other,London,England,,medium,https://www.3i-infotech.com/,3i-infotech.com,https://www.3i-infotech.com/,3i-infotech.com,true,true,existing_website+existing_careers_url_domain+company_site_existing_file,2,true,,,medium; candidate domain matches contact-email domain; existing website/careers provenance; 2 location field(s) available; no prior robots/block/timeout errors; selection group: strong_medium,selected_for_pilot_not_yet_rechecked
29,strong_medium,154950,3 Way Displays Lts,Other,Chesham,Bucks,,medium,https://www.3waydisplays.com/,3waydisplays.com,https://www.3waydisplays.com/,3waydisplays.com,true,true,existing_website,2,true,,,medium; candidate domain matches contact-email domain; existing website/careers provenance; 2 location field(s) available; no prior robots/block/timeout errors; selection group: strong_medium,selected_for_pilot_not_yet_rechecked
30,strong_medium,156755,ABC EDUCATION CONSULTANCY LTD,Other,Manchester,England,,medium,https://www.abctutoring.co.uk/,abctutoring.co.uk,https://www.abctutoring.co.uk/,abctutoring.co.uk,true,true,existing_website,2,true,,,medium; candidate domain matches contact-email domain; existing website/careers provenance; 2 location field(s) available; no prior robots/block/timeout errors; selection group: strong_medium,selected_for_pilot_not_yet_rechecked
31,strong_medium,156927,ABILITY OPTIONS LTD,Other,Huddersfield,England,,medium,https://abilityoptions.org.au/,abilityoptions.org.au,https://abilityoptions.org.au/,abilityoptions.org.au,true,true,existing_website+contact_email_domain+existing_careers_url_domain+company_site_existing_file,2,true,,,medium; candidate domain matches contact-email domain; existing website/careers provenance; 2 location field(s) available; no prior robots/block/timeout errors; selection group: strong_medium,selected_for_pilot_not_yet_rechecked
32,strong_medium,157455,ACE CONSULTANTS LTD,Other,Harrow,Middlesex,,medium,https://www.aceconsultants.co.uk/,aceconsultants.co.uk,https://www.aceconsultants.co.uk/,aceconsultants.co.uk,true,true,existing_website+existing_careers_url_domain+company_site_existing_file,2,true,,,medium; candidate domain matches contact-email domain; existing website/careers provenance; 2 location field(s) available; no prior robots/block/timeout errors; selection group: strong_medium,selected_for_pilot_not_yet_rechecked
33,strong_medium,157512,ACES JEWELLERS LIMITED,Other,LISBURN,LISBURN,,medium,https://acesjewellers.co.uk/,acesjewellers.co.uk,https://acesjewellers.co.uk/,acesjewellers.co.uk,true,true,existing_website+contact_email_domain,2,true,,,medium; candidate domain matches contact-email domain; existing website/careers provenance; 2 location field(s) available; no prior robots/block/timeout errors; selection group: strong_medium,selected_for_pilot_not_yet_rechecked
34,strong_medium,158122,ADEC SOLUTIONS LIMITED,Other,Bourne End,Bucks,,medium,https://www.adec-innovations.com/,adec-innovations.com,https://www.adec-innovations.com/,adec-innovations.com,true,true,existing_website+existing_careers_url_domain+company_site_existing_file,2,true,,,medium; candidate domain matches contact-email domain; existing website/careers provenance; 2 location field(s) available; no prior robots/block/timeout errors; selection group: strong_medium,selected_for_pilot_not_yet_rechecked
35,strong_medium,158308,ADORE DESIGNS YORKSHIRE LIMITED,Other,Batley,"West Yorkshire,",,medium,https://adoredesigns.co.uk/,adoredesigns.co.uk,https://adoredesigns.co.uk/home,adoredesigns.co.uk,true,true,existing_website+contact_email_domain,2,true,,,medium; candidate domain matches contact-email domain; existing website/careers provenance; 2 location field(s) available; no prior robots/block/timeout errors; selection group: strong_medium,selected_for_pilot_not_yet_rechecked
36,strong_medium,155783,A TECH HEATING LIMITED,Other,Cumbernauld,N. Lanarkshire,,medium,https://www.atechheat.co.uk/,atechheat.co.uk,https://www.atechheat.co.uk/,atechheat.co.uk,true,true,existing_website+existing_careers_url_domain+company_site_existing_file,2,true,,,medium; candidate domain matches contact-email domain; existing website/careers provenance; 2 location field(s) available; no prior robots/block/timeout errors; selection group: strong_medium,selected_for_pilot_not_yet_rechecked
37,strong_medium,172625,BLUEBIRD CARE STEVENAGE & NORTH HERTS,,LETCHWORTH,HERTS,,medium,https://www.bluebirdcare.co.uk/,bluebirdcare.co.uk,https://www.bluebirdcare.co.uk/,bluebirdcare.co.uk,true,true,existing_website,2,true,,,medium; candidate domain matches contact-email domain; existing website/careers provenance; 2 location field(s) available; no prior robots/block/timeout errors; selection group: strong_medium,selected_for_pilot_not_yet_rechecked
38,strong_medium,154834,2399098 Ontario Inc o/a MAK Consulting Group,Other,High Wycombe,Bucks,,medium,https://www.makconsulting.co.uk/,makconsulting.co.uk,https://www.makconsulting.co.uk/,makconsulting.co.uk,true,true,existing_website,2,true,,,medium; candidate domain matches contact-email domain; existing website/careers provenance; 2 location field(s) available; no prior robots/block/timeout errors; selection group: strong_medium,selected_for_pilot_not_yet_rechecked
39,strong_medium,154617,1001 AI Limited,Other,London,,,medium,https://1001.ai/,1001.ai,https://1001.ai/,1001.ai,true,true,existing_website+contact_email_domain,1,true,,,medium; candidate domain matches contact-email domain; existing website/careers provenance; 1 location field(s) available; no prior robots/block/timeout errors; selection group: strong_medium,selected_for_pilot_not_yet_rechecked
40,strong_medium,154618,100Starlings Ltd,Other,London,,,medium,https://www.100starlings.com/,100starlings.com,https://www.100starlings.com/,100starlings.com,true,true,existing_website,1,true,,,medium; candidate domain matches contact-email domain; existing website/careers provenance; 1 location field(s) available; no prior robots/block/timeout errors; selection group: strong_medium,selected_for_pilot_not_yet_rechecked
41,strong_medium,154663,1266 Music Group,Other,Glasgow,,,medium,https://www.1266music.com/,1266music.com,https://www.1266music.com/,1266music.com,true,true,existing_website,1,true,,,medium; candidate domain matches contact-email domain; existing website/careers provenance; 1 location field(s) available; no prior robots/block/timeout errors; selection group: strong_medium,selected_for_pilot_not_yet_rechecked
42,strong_medium,154604,1-2 Call Cars Ltd,Other,Hampshire,,,medium,https://12callcars.co.uk/,12callcars.co.uk,https://12callcars.co.uk/,12callcars.co.uk,true,true,existing_website+contact_email_domain,1,true,,,medium; candidate domain matches contact-email domain; existing website/careers provenance; 1 location field(s) available; no prior robots/block/timeout errors; selection group: strong_medium,selected_for_pilot_not_yet_rechecked
43,strong_medium,154707,184 DISTRIBUTION LIMITED,Other,Cambridge,,,medium,https://www.184distribution.co.uk/,184distribution.co.uk,https://www.184distribution.co.uk/,184distribution.co.uk,true,true,existing_website,1,true,,,medium; candidate domain matches contact-email domain; existing website/careers provenance; 1 location field(s) available; no prior robots/block/timeout errors; selection group: strong_medium,selected_for_pilot_not_yet_rechecked
44,strong_medium,154846,24/7 Hire & Property Maintenance Services Limited,Other,Liverpool,,,medium,https://247hapms.co.uk/,247hapms.co.uk,https://247hapms.co.uk/,247hapms.co.uk,true,true,existing_website+contact_email_domain,1,true,,,medium; candidate domain matches contact-email domain; existing website/careers provenance; 1 location field(s) available; no prior robots/block/timeout errors; selection group: strong_medium,selected_for_pilot_not_yet_rechecked
45,strong_medium,154845,24/7 Helping Hands Service,Other,Leicester,,,medium,https://247helpinghands.co.uk/,247helpinghands.co.uk,https://247helpinghands.co.uk/,247helpinghands.co.uk,true,true,existing_website+contact_email_domain,1,true,,,medium; candidate domain matches contact-email domain; existing website/careers provenance; 1 location field(s) available; no prior robots/block/timeout errors; selection group: strong_medium,selected_for_pilot_not_yet_rechecked
46,strong_medium,154861,24Haymarket Limited,Other,London,,,medium,https://24haymarket.com/,24haymarket.com,https://24haymarket.com/,24haymarket.com,true,true,existing_website+contact_email_domain,1,true,,,medium; candidate domain matches contact-email domain; existing website/careers provenance; 1 location field(s) available; no prior robots/block/timeout errors; selection group: strong_medium,selected_for_pilot_not_yet_rechecked
47,strong_medium,154895,2CRSi UK LTD,Other,Manchester,,,medium,https://2crsi.com/,2crsi.com,https://2crsi.com/,2crsi.com,true,true,existing_website+contact_email_domain+existing_careers_url_domain+company_site_existing_file+verified_company_site_source_host,1,true,,,medium; candidate domain matches contact-email domain; existing website/careers provenance; 1 location field(s) available; no prior robots/block/timeout errors; selection group: strong_medium,selected_for_pilot_not_yet_rechecked
48,strong_medium,154923,2TECK LIMITED,Other,WATERLOOVILLE,,,medium,https://www.2teck.co.uk/,2teck.co.uk,https://www.2teck.co.uk/,2teck.co.uk,true,true,existing_website+existing_careers_url_domain+company_site_existing_file,1,true,,,medium; candidate domain matches contact-email domain; existing website/careers provenance; 1 location field(s) available; no prior robots/block/timeout errors; selection group: strong_medium,selected_for_pilot_not_yet_rechecked
49,strong_medium,154925,2THEWORLD LTD,Other,London,,,medium,https://2theworld.com/,2theworld.com,https://2theworld.com/,2theworld.com,true,true,existing_website+contact_email_domain,1,true,,,medium; candidate domain matches contact-email domain; existing website/careers provenance; 1 location field(s) available; no prior robots/block/timeout errors; selection group: strong_medium,selected_for_pilot_not_yet_rechecked
50,strong_medium,154957,3000 YEARS MUSIC PUBLISHING  LIMITED,Other,RISLEY,,,medium,https://3000years.com/,3000years.com,https://3000years.com/,3000years.com,true,true,existing_website+contact_email_domain,1,true,,,medium; candidate domain matches contact-email domain; existing website/careers provenance; 1 location field(s) available; no prior robots/block/timeout errors; selection group: strong_medium,selected_for_pilot_not_yet_rechecked
51,strong_medium,154956,300 SPARTANS LIMITED,Other,Lincs,,,medium,https://300spartans.uk/,300spartans.uk,https://300spartans.uk/,300spartans.uk,true,true,existing_website+contact_email_domain,1,true,,,medium; candidate domain matches contact-email domain; existing website/careers provenance; 1 location field(s) available; no prior robots/block/timeout errors; selection group: strong_medium,selected_for_pilot_not_yet_rechecked
52,strong_medium,154966,333STUDIOS LTD,Other,England,,,medium,https://333studios.co.uk/,333studios.co.uk,https://333studios.co.uk/,333studios.co.uk,true,true,existing_website+contact_email_domain,1,true,,,medium; candidate domain matches contact-email domain; existing website/careers provenance; 1 location field(s) available; no prior robots/block/timeout errors; selection group: strong_medium,selected_for_pilot_not_yet_rechecked
53,strong_medium,154969,33n Ltd,Other,Cambridgeshire,,,medium,https://www.33n.co.uk/,33n.co.uk,https://www.33n.co.uk/,33n.co.uk,true,true,existing_website+existing_careers_url_domain+company_site_existing_file,1,true,,,medium; candidate domain matches contact-email domain; existing website/careers provenance; 1 location field(s) available; no prior robots/block/timeout errors; selection group: strong_medium,selected_for_pilot_not_yet_rechecked
54,strong_medium,155002,365 SERVICES (UK) LTD,Other,Ilford,,,medium,https://365-ltd.co.uk/,365-ltd.co.uk,https://365-ltd.co.uk/,365-ltd.co.uk,true,true,existing_website+contact_email_domain+existing_careers_url_domain+company_site_existing_file,1,true,,,medium; candidate domain matches contact-email domain; existing website/careers provenance; 1 location field(s) available; no prior robots/block/timeout errors; selection group: strong_medium,selected_for_pilot_not_yet_rechecked
55,strong_medium,155029,3AI LTD,Other,London,,,medium,https://www.3ai.co/,3ai.co,https://www.3ai.co/,3ai.co,true,true,existing_website+existing_careers_url_domain+company_site_existing_file,1,true,,,medium; candidate domain matches contact-email domain; existing website/careers provenance; 1 location field(s) available; no prior robots/block/timeout errors; selection group: strong_medium,selected_for_pilot_not_yet_rechecked
56,strong_medium,155075,3dMD Technologies Limited,Other,London,,,medium,https://3dmd.com/,3dmd.com,https://3dmd.com/,3dmd.com,true,true,existing_website+contact_email_domain,1,true,,,medium; candidate domain matches contact-email domain; existing website/careers provenance; 1 location field(s) available; no prior robots/block/timeout errors; selection group: strong_medium,selected_for_pilot_not_yet_rechecked
57,strong_medium,155083,3Forge UK LTD,Other,London,,,medium,https://3forge.com/,3forge.com,https://3forge.com/,3forge.com,true,true,existing_website+contact_email_domain,1,true,,,medium; candidate domain matches contact-email domain; existing website/careers provenance; 1 location field(s) available; no prior robots/block/timeout errors; selection group: strong_medium,selected_for_pilot_not_yet_rechecked
58,strong_medium,155138,4 CONTINENTS STORES LTD,Other,Kent,,,medium,https://www.4continentsstores.com/,4continentsstores.com,https://www.4continentsstores.com/,4continentsstores.com,true,true,existing_website+existing_careers_url_domain+company_site_existing_file,1,true,,,medium; candidate domain matches contact-email domain; existing website/careers provenance; 1 location field(s) available; no prior robots/block/timeout errors; selection group: strong_medium,selected_for_pilot_not_yet_rechecked
59,strong_medium,155228,4PS Construction Solutions Limited,Other,Birmingham,,,medium,https://www.4ps.co.uk/,4ps.co.uk,https://www.4ps.co.uk/,4ps.co.uk,true,true,existing_website+existing_careers_url_domain+company_site_existing_file,1,true,,,medium; candidate domain matches contact-email domain; existing website/careers provenance; 1 location field(s) available; no prior robots/block/timeout errors; selection group: strong_medium,selected_for_pilot_not_yet_rechecked
60,strong_medium,155230,4RDigital Limited,Other,London,,,medium,https://4rdigital.com/,4rdigital.com,https://4rdigital.com/,4rdigital.com,true,true,existing_website+contact_email_domain+existing_careers_url_domain+company_site_existing_file,1,true,,,medium; candidate domain matches contact-email domain; existing website/careers provenance; 1 location field(s) available; no prior robots/block/timeout errors; selection group: strong_medium,selected_for_pilot_not_yet_rechecked
61,strong_medium,155289,5654 & Company Limited,Other,London,,,medium,https://www.5654.co.uk/,5654.co.uk,https://www.5654.co.uk/,5654.co.uk,true,true,existing_website+existing_careers_url_domain+company_site_existing_file,1,true,,,medium; candidate domain matches contact-email domain; existing website/careers provenance; 1 location field(s) available; no prior robots/block/timeout errors; selection group: strong_medium,selected_for_pilot_not_yet_rechecked
62,strong_medium,155297,5app Ltd,Other,London,,,medium,https://5app.com/,5app.com,https://5app.com/,5app.com,true,true,existing_website+contact_email_domain+existing_careers_url_domain+company_site_existing_file,1,true,,,medium; candidate domain matches contact-email domain; existing website/careers provenance; 1 location field(s) available; no prior robots/block/timeout errors; selection group: strong_medium,selected_for_pilot_not_yet_rechecked
63,strong_medium,155253,5 Lights Training,Other,Bradford,,,medium,https://5lights.co.uk/,5lights.co.uk,https://5lights.co.uk/,5lights.co.uk,true,true,existing_website+contact_email_domain,1,true,,,medium; candidate domain matches contact-email domain; existing website/careers provenance; 1 location field(s) available; no prior robots/block/timeout errors; selection group: strong_medium,selected_for_pilot_not_yet_rechecked
64,strong_medium,155262,5 STAR FOOD DISTRIBUTION LTD,Other,London,,,medium,https://5starfoodsltd.com/,5starfoodsltd.com,https://5starfoodsltd.com/,5starfoodsltd.com,true,true,existing_website+contact_email_domain,1,true,,,medium; candidate domain matches contact-email domain; existing website/careers provenance; 1 location field(s) available; no prior robots/block/timeout errors; selection group: strong_medium,selected_for_pilot_not_yet_rechecked
65,strong_medium,155311,6 Bit Education Ltd,Other,Birmingham,,,medium,https://6b.education/,6b.education,https://6b.education/,6b.education,true,true,existing_website+contact_email_domain+existing_careers_url_domain+company_site_existing_file+verified_company_site_source_host,1,true,,,medium; candidate domain matches contact-email domain; existing website/careers provenance; 1 location field(s) available; no prior robots/block/timeout errors; selection group: strong_medium,selected_for_pilot_not_yet_rechecked
66,strong_medium,155362,720 Management Limited,Other,London,,,medium,https://720ltd.com/,720ltd.com,https://720ltd.com/,720ltd.com,true,true,existing_website+contact_email_domain,1,true,,,medium; candidate domain matches contact-email domain; existing website/careers provenance; 1 location field(s) available; no prior robots/block/timeout errors; selection group: strong_medium,selected_for_pilot_not_yet_rechecked
67,strong_medium,155392,7Days Performance Limited,Other,Norfolk,,,medium,https://7daysperformance.co.uk/,7daysperformance.co.uk,https://7daysperformance.co.uk/,7daysperformance.co.uk,true,true,existing_website+contact_email_domain,1,true,,,medium; candidate domain matches contact-email domain; existing website/careers provenance; 1 location field(s) available; no prior robots/block/timeout errors; selection group: strong_medium,selected_for_pilot_not_yet_rechecked
68,strong_medium,155395,7Hills Technologies Ltd,Other,Newcastle-Under-Lyme,,,medium,https://7hillstechnologies.co.uk/,7hillstechnologies.co.uk,https://7hillstechnologies.co.uk/,7hillstechnologies.co.uk,true,true,existing_website+contact_email_domain+existing_careers_url_domain+company_site_existing_file,1,true,,,medium; candidate domain matches contact-email domain; existing website/careers provenance; 1 location field(s) available; no prior robots/block/timeout errors; selection group: strong_medium,selected_for_pilot_not_yet_rechecked
69,strong_medium,155433,8th Wonder Ltd.,Other,Wigan,,,medium,https://8thwonder.co.uk/,8thwonder.co.uk,https://8thwonder.co.uk/,8thwonder.co.uk,true,true,existing_website+contact_email_domain+existing_careers_url_domain+company_site_existing_file,1,true,,,medium; candidate domain matches contact-email domain; existing website/careers provenance; 1 location field(s) available; no prior robots/block/timeout errors; selection group: strong_medium,selected_for_pilot_not_yet_rechecked
70,strong_medium,155931,A-Gas&Electrical ServicesLtd,Other,Halesowen,,,medium,https://a-gas.co.uk/,a-gas.co.uk,https://a-gas.co.uk/,a-gas.co.uk,true,true,existing_website+contact_email_domain,1,true,,,medium; candidate domain matches contact-email domain; existing website/careers provenance; 1 location field(s) available; no prior robots/block/timeout errors; selection group: strong_medium,selected_for_pilot_not_yet_rechecked
71,strong_medium,156125,A10 Networks Limited,Other,Theale,,,medium,https://www.a10networks.com/,a10networks.com,https://www.a10networks.com/,a10networks.com,true,true,existing_website+existing_careers_url_domain+company_site_existing_file,1,true,,,medium; candidate domain matches contact-email domain; existing website/careers provenance; 1 location field(s) available; no prior robots/block/timeout errors; selection group: strong_medium,selected_for_pilot_not_yet_rechecked
72,strong_medium,156108,A1 PRIVATE HIRE LTD,Transport,Nottingham,,,medium,https://www.a1carsprivatehire.co.uk/,a1carsprivatehire.co.uk,https://www.a1carsprivatehire.co.uk/,a1carsprivatehire.co.uk,true,true,existing_website+existing_careers_url_domain+company_site_existing_file,1,true,,,medium; candidate domain matches contact-email domain; existing website/careers provenance; 1 location field(s) available; no prior robots/block/timeout errors; selection group: strong_medium,selected_for_pilot_not_yet_rechecked
73,strong_medium,156119,A1 Travel deals Limited,Other,London,,,medium,https://www.a1traveldeals.co.uk/,a1traveldeals.co.uk,https://www.a1traveldeals.co.uk/,a1traveldeals.co.uk,true,true,existing_website,1,true,,,medium; candidate domain matches contact-email domain; existing website/careers provenance; 1 location field(s) available; no prior robots/block/timeout errors; selection group: strong_medium,selected_for_pilot_not_yet_rechecked
74,strong_medium,156141,A2B Aero Ltd,Other,Shoreham By Sea,,,medium,https://www.a2baero.co.uk/,a2baero.co.uk,https://www.a2baero.co.uk/,a2baero.co.uk,true,true,existing_website,1,true,,,medium; candidate domain matches contact-email domain; existing website/careers provenance; 1 location field(s) available; no prior robots/block/timeout errors; selection group: strong_medium,selected_for_pilot_not_yet_rechecked
75,strong_medium,156318,AAC Technologies (Scotland) Limited,Other,Edinburgh,,,medium,https://www.aactechnologies.com/,aactechnologies.com,https://www.aactechnologies.com/,aactechnologies.com,true,true,existing_website,1,true,,,medium; candidate domain matches contact-email domain; existing website/careers provenance; 1 location field(s) available; no prior robots/block/timeout errors; selection group: strong_medium,selected_for_pilot_not_yet_rechecked
76,strong_medium,156528,AAZA LTD,Other,Birmingham,,,medium,https://www.aaza.co.uk/,aaza.co.uk,https://www.aaza.co.uk/,aaza.co.uk,true,true,existing_website,1,true,,,medium; candidate domain matches contact-email domain; existing website/careers provenance; 1 location field(s) available; no prior robots/block/timeout errors; selection group: strong_medium,selected_for_pilot_not_yet_rechecked
77,strong_medium,156578,ABA Connected Limited,Other,Walsall,,,medium,https://abaconnected.co.uk/,abaconnected.co.uk,https://abaconnected.co.uk/,abaconnected.co.uk,true,true,existing_website+contact_email_domain+existing_careers_url_domain+company_site_existing_file,1,true,,,medium; candidate domain matches contact-email domain; existing website/careers provenance; 1 location field(s) available; no prior robots/block/timeout errors; selection group: strong_medium,selected_for_pilot_not_yet_rechecked
78,strong_medium,156621,ABBA CARS PRIVATE LIMITED,Other,London,,,medium,https://www.abbacars.com/,abbacars.com,https://www.abbacars.com/,abbacars.com,true,true,existing_website,1,true,,,medium; candidate domain matches contact-email domain; existing website/careers provenance; 1 location field(s) available; no prior robots/block/timeout errors; selection group: strong_medium,selected_for_pilot_not_yet_rechecked
79,strong_medium,156881,ABF Ingredients Limited,Other,Peterborough,,,medium,https://www.abfingredients.com/,abfingredients.com,https://www.abfingredients.com/en/,abfingredients.com,true,true,existing_website+existing_careers_url_domain+company_site_existing_file,1,true,,,medium; candidate domain matches contact-email domain; existing website/careers provenance; 1 location field(s) available; no prior robots/block/timeout errors; selection group: strong_medium,selected_for_pilot_not_yet_rechecked
80,strong_medium,156564,AB Solar Consulting Ltd,Other,London,,,medium,https://absolarconsulting.com/,absolarconsulting.com,https://absolarconsulting.com/,absolarconsulting.com,true,true,existing_website+contact_email_domain,1,true,,,medium; candidate domain matches contact-email domain; existing website/careers provenance; 1 location field(s) available; no prior robots/block/timeout errors; selection group: strong_medium,selected_for_pilot_not_yet_rechecked
81,strong_medium,158383,ADVANCE COLLEGE OF BUSINESS AND TECHNOLOGY LIMITED,Education,London,,,medium,https://www.acbtcollege.co.uk/,acbtcollege.co.uk,https://www.acbtcollege.co.uk/,acbtcollege.co.uk,true,true,existing_website,1,true,,,medium; candidate domain matches contact-email domain; existing website/careers provenance; 1 location field(s) available; no prior robots/block/timeout errors; selection group: strong_medium,selected_for_pilot_not_yet_rechecked
82,strong_medium,157465,ACE IT Solutions Ltd,Technology,Orpington,,,medium,https://www.ace-it-solutions.com/,ace-it-solutions.com,https://www.ace-it-solutions.com/,ace-it-solutions.com,true,true,existing_website,1,true,,,medium; candidate domain matches contact-email domain; existing website/careers provenance; 1 location field(s) available; no prior robots/block/timeout errors; selection group: strong_medium,selected_for_pilot_not_yet_rechecked
83,strong_medium,157445,ACE ANALYTICS LIMITED,Other,London,,,medium,https://www.aceanalytics.co.uk/,aceanalytics.co.uk,https://www.aceanalytics.co.uk/,aceanalytics.co.uk,true,true,existing_website+existing_careers_url_domain+company_site_existing_file,1,true,,,medium; candidate domain matches contact-email domain; existing website/careers provenance; 1 location field(s) available; no prior robots/block/timeout errors; selection group: strong_medium,selected_for_pilot_not_yet_rechecked
84,strong_medium,157498,ACER International Limited,Other,London,,,medium,https://www.acer.com/,acer.com,https://www.acer.com/us-en/,acer.com,true,true,existing_website,1,true,,,medium; candidate domain matches contact-email domain; existing website/careers provenance; 1 location field(s) available; no prior robots/block/timeout errors; selection group: strong_medium,selected_for_pilot_not_yet_rechecked
85,strong_medium,157476,ACE REMOVALS LIMITED,Other,London,,,medium,https://aceremovalsbusiness.com/,aceremovalsbusiness.com,https://aceremovalsbusiness.com/,aceremovalsbusiness.com,true,true,existing_website+contact_email_domain,1,true,,,medium; candidate domain matches contact-email domain; existing website/careers provenance; 1 location field(s) available; no prior robots/block/timeout errors; selection group: strong_medium,selected_for_pilot_not_yet_rechecked
86,strong_medium,157698,ACS International Ltd - UK Branch,Other,Beaconsfield,,,medium,https://acs-uk.org/,acs-uk.org,https://acs-uk.org/,acs-uk.org,true,true,existing_website+contact_email_domain,1,true,,,medium; candidate domain matches contact-email domain; existing website/careers provenance; 1 location field(s) available; no prior robots/block/timeout errors; selection group: strong_medium,selected_for_pilot_not_yet_rechecked
87,strong_medium,157703,ACS-TECH LIMITED,Technology,COVENTRY,,,medium,https://www.acstechltd.co.uk/,acstechltd.co.uk,https://www.acstechltd.co.uk/,acstechltd.co.uk,true,true,existing_website,1,true,,,medium; candidate domain matches contact-email domain; existing website/careers provenance; 1 location field(s) available; no prior robots/block/timeout errors; selection group: strong_medium,selected_for_pilot_not_yet_rechecked
88,strong_medium,157952,ADAJ LIMITED,Other,Wembley,,,medium,https://adaj.co.uk/,adaj.co.uk,https://adaj.co.uk/,adaj.co.uk,true,true,existing_website+contact_email_domain,1,true,,,medium; candidate domain matches contact-email domain; existing website/careers provenance; 1 location field(s) available; no prior robots/block/timeout errors; selection group: strong_medium,selected_for_pilot_not_yet_rechecked
89,strong_medium,158032,ADAN PROMOTIONAL CONCEPTS (UK) LTD,Other,London,,,medium,https://adanpromo.com/,adanpromo.com,https://adanpromo.com/,adanpromo.com,true,true,existing_website+contact_email_domain,1,true,,,medium; candidate domain matches contact-email domain; existing website/careers provenance; 1 location field(s) available; no prior robots/block/timeout errors; selection group: strong_medium,selected_for_pilot_not_yet_rechecked
90,strong_medium,158045,ADAPTOGENIC LAB LTD,Other,London,,,medium,https://adaptogenique.com/,adaptogenique.com,https://adaptogenique.com/,adaptogenique.com,true,true,existing_website+contact_email_domain,1,true,,,medium; candidate domain matches contact-email domain; existing website/careers provenance; 1 location field(s) available; no prior robots/block/timeout errors; selection group: strong_medium,selected_for_pilot_not_yet_rechecked
91,strong_medium,158077,ADDEPAR UK LTD,Other,Edinburgh,,,medium,https://addepar.com/,addepar.com,https://addepar.com/,addepar.com,true,true,existing_website+contact_email_domain+existing_careers_url_domain+company_site_existing_file,1,true,,,medium; candidate domain matches contact-email domain; existing website/careers provenance; 1 location field(s) available; no prior robots/block/timeout errors; selection group: strong_medium,selected_for_pilot_not_yet_rechecked
92,strong_medium,158183,ADG Market Making LLP,Legal & Professional,London,,,medium,https://www.adg.io/,adg.io,https://www.adg.io/,adg.io,true,true,existing_website+existing_careers_url_domain+company_site_existing_file,1,true,,,medium; candidate domain matches contact-email domain; existing website/careers provenance; 1 location field(s) available; no prior robots/block/timeout errors; selection group: strong_medium,selected_for_pilot_not_yet_rechecked
93,strong_medium,158280,ADNAMI LTD,Other,London,,,medium,https://www.adnami.io/,adnami.io,https://www.adnami.io/,adnami.io,true,true,existing_website,1,true,,,medium; candidate domain matches contact-email domain; existing website/careers provenance; 1 location field(s) available; no prior robots/block/timeout errors; selection group: strong_medium,selected_for_pilot_not_yet_rechecked
94,strong_medium,158292,ADOBE GROUP LIMITED,Other,London,,,medium,https://www.adobe.com/,adobe.com,https://www.adobe.com/,adobe.com,true,true,existing_website,1,true,,,medium; candidate domain matches contact-email domain; existing website/careers provenance; 1 location field(s) available; no prior robots/block/timeout errors; selection group: strong_medium,selected_for_pilot_not_yet_rechecked
95,strong_medium,158321,ADQURA LIMITED,Other,Milton Keynes,,,medium,https://www.adqura.com/,adqura.com,https://www.adqura.com/,adqura.com,true,true,existing_website+existing_careers_url_domain+company_site_existing_file,1,true,,,medium; candidate domain matches contact-email domain; existing website/careers provenance; 1 location field(s) available; no prior robots/block/timeout errors; selection group: strong_medium,selected_for_pilot_not_yet_rechecked
96,strong_medium,158347,ADS COMPONENTS LIMITED,Other,BARKING,,,medium,https://www.adscomponents.co.uk/,adscomponents.co.uk,https://www.adscomponents.co.uk/,adscomponents.co.uk,true,true,existing_website,1,true,,,medium; candidate domain matches contact-email domain; existing website/careers provenance; 1 location field(s) available; no prior robots/block/timeout errors; selection group: strong_medium,selected_for_pilot_not_yet_rechecked
97,strong_medium,158427,ADVANCED DESIGN TECHNOLOGY LIMITED,Technology,LONDON,,,medium,https://www.adtechnology.com/,adtechnology.com,https://www.adtechnology.com/,adtechnology.com,true,true,existing_website+existing_careers_url_domain+company_site_existing_file,1,true,,,medium; candidate domain matches contact-email domain; existing website/careers provenance; 1 location field(s) available; no prior robots/block/timeout errors; selection group: strong_medium,selected_for_pilot_not_yet_rechecked
98,strong_medium,158510,ADVANTAGE SECURITY LIMITED,Other,Birmingham,,,medium,https://advantagesec.co.uk/,advantagesec.co.uk,https://advantagesec.co.uk/,advantagesec.co.uk,true,true,existing_website+contact_email_domain,1,true,,,medium; candidate domain matches contact-email domain; existing website/careers provenance; 1 location field(s) available; no prior robots/block/timeout errors; selection group: strong_medium,selected_for_pilot_not_yet_rechecked
99,strong_medium,157311,ACCIDENT CLAIM HELPLINE LTD,Other,London,,,medium,https://www.aihlclaim.co.uk/,aihlclaim.co.uk,https://www.aihlclaim.co.uk/,aihlclaim.co.uk,true,true,existing_website,1,true,,,medium; candidate domain matches contact-email domain; existing website/careers provenance; 1 location field(s) available; no prior robots/block/timeout errors; selection group: strong_medium,selected_for_pilot_not_yet_rechecked
100,strong_medium,155654,A J Walter Aviation Limited,Other,Slinfold,,,medium,https://www.ajw-group.com/,ajw-group.com,https://www.ajw-group.com/,ajw-group.com,true,true,existing_website+existing_careers_url_domain+company_site_existing_file,1,true,,,medium; candidate domain matches contact-email domain; existing website/careers provenance; 1 location field(s) available; no prior robots/block/timeout errors; selection group: strong_medium,selected_for_pilot_not_yet_rechecked
