sponsor_licence_id,organisation_name,normalized_organisation_name,town_city,county,region,industry,route,sub_route,existing_website,existing_contact_email,existing_careers_url,official_website_url,website_confidence,website_evidence_url,source,notes
154699,17CARE UK LTD,17care uk ltd,High Wycombe,Buckinghamshire,South East,Other,,,,,,https://17care.co.uk/,high,https://17care.co.uk/,live_verification_pilot_100,Live verification upgraded this candidate to high. Evidence: https://17care.co.uk/; https://17care.co.uk/about-clinic/; https://17care.co.uk/contact/; Distinctive employer identity is supported by first-party page evidence and corroborating location or site-domain signals.
154816,2020 Innovation Training Limited,2020 innovation training limited,Birmingham,West Midlands,West Midlands,Other,,,,,,https://www.2020innovation.com/,high,https://www.2020innovation.com/,live_verification_pilot_100,Live verification upgraded this candidate to high. Evidence: https://www.2020innovation.com/; https://www.2020innovation.com/about; https://www.2020innovation.com/contact; Distinctive employer identity is supported by first-party page evidence and corroborating location or site-domain signals.
155108,3pX Group,3px group,London,London,London,Other,,,,,,https://www.3px.group/,high,https://www.3px.group/,live_verification_pilot_100,Live verification upgraded this candidate to high. Evidence: https://www.3px.group/; https://www.3px.group/join-us; https://www.3px.group/contact-us; Distinctive employer identity is supported by first-party page evidence and corroborating location or site-domain signals.
156135,A212 Electric and Gas Ltd,a212 electric and gas ltd,London,Greater London,London,Other,,,,,,https://www.a212electricandgas.co.uk/,high,https://www.a212electricandgas.co.uk/,live_verification_pilot_100,Live verification upgraded this candidate to high. Evidence: https://www.a212electricandgas.co.uk/; https://www.a212electricandgas.co.uk/about-us; Distinctive employer identity is supported by first-party page evidence and corroborating location or site-domain signals.
156155,A2Z Cloud Ltd.,a2z cloud ltd,Salisbury,Wiltshire,South West,Other,,,,,,https://a2zcloud.com/,high,https://a2zcloud.com/,live_verification_pilot_100,Live verification upgraded this candidate to high. Evidence: https://a2zcloud.com/; https://a2zcloud.com/about-us/; https://a2zcloud.com/contact/; Distinctive employer identity is supported by first-party page evidence and corroborating location or site-domain signals.
157672,ACREO Ltd,acreo ltd,Oldmeldrum,Aberdeenshire,Scotland,Other,,,,,,https://www.acreo.uk/,high,https://www.acreo.uk/,live_verification_pilot_100,Live verification upgraded this candidate to high. Evidence: https://www.acreo.uk/; https://www.acreo.uk/about-us; https://www.acreo.uk/contact-us; Distinctive employer identity is supported by first-party page evidence and corroborating location or site-domain signals.
158003,ADAMA Agricultural Solutions UK ltd,adama agricultural solutions uk ltd,Theale,Berkshire,South East,Other,,,,,,https://www.adama.com/,high,https://www.adama.com/en,live_verification_pilot_100,Live verification upgraded this candidate to high. Evidence: https://www.adama.com/en; https://www.adama.com/en/about-adama; https://www.adama.com/en/contact-us; Distinctive employer identity is supported by first-party page evidence and corroborating location or site-domain signals.
158335,ADRIEL CARE LTD,adriel care ltd,POOLE,DORSET,South West,Other,,,,,,https://adriel-care.co.uk/,high,https://adriel-care.co.uk/,live_verification_pilot_100,Live verification upgraded this candidate to high. Evidence: https://adriel-care.co.uk/; https://adriel-care.co.uk/about-us/; https://adriel-care.co.uk/contact-us/; Distinctive employer identity is supported by first-party page evidence and corroborating location or site-domain signals.
172792,BMC Software Ltd,bmc software ltd,Winnersh Triangle,Berkshire,South East,Technology,,,,,,https://www.bmc.com/,high,https://www.bmc.com/,live_verification_pilot_100,Live verification upgraded this candidate to high. Evidence: https://www.bmc.com/; https://www.bmc.com/corporate/about-bmc-software.html; https://www.bmc.com/careers/careers.html; Distinctive employer identity is supported by first-party page evidence and corroborating location or site-domain signals.
155148,4 Net Technologies LTD (t/a FourNet),4 net technologies ltd t a fournet,Manchester,Greater Manchester,North West,Other,,,,,,https://fournet.co.uk/,high,https://fournet.co.uk/,live_verification_pilot_100,Live verification upgraded this candidate to high. Evidence: https://fournet.co.uk/; https://fournet.co.uk/about-us/; https://fournet.co.uk/services/customer-experience-consulting/cloud-contact-centre/; Distinctive employer identity is supported by first-party page evidence and corroborating location or site-domain signals.
154632,10ACT Ltd T/A TrackBack,10act ltd t a trackback,"Chilworth, Southampton",Hampshire,South East,Other,,,,,,https://www.trackback.net/,high,https://www.trackback.net/,live_verification_pilot_100,Live verification upgraded this candidate to high. Evidence: https://www.trackback.net/; https://www.trackback.net/contact; Distinctive employer identity is supported by first-party page evidence and corroborating location or site-domain signals.
154950,3 Way Displays Lts,3 way displays lts,Chesham,Bucks,,Other,,,,,,https://www.3waydisplays.com/,high,https://www.3waydisplays.com/,live_verification_pilot_100,Live verification upgraded this candidate to high. Evidence: https://www.3waydisplays.com/; https://www.3waydisplays.com/about-us/; https://www.3waydisplays.com/contact-us/; Distinctive employer identity is supported by first-party page evidence and corroborating location or site-domain signals.
157512,ACES JEWELLERS LIMITED,aces jewellers limited,LISBURN,LISBURN,,Other,,,,,,https://acesjewellers.co.uk/,high,https://acesjewellers.co.uk/,live_verification_pilot_100,Live verification upgraded this candidate to high. Evidence: https://acesjewellers.co.uk/; https://acesjewellers.co.uk/policies/contact-information; Distinctive employer identity is supported by first-party page evidence and corroborating location or site-domain signals.
155783,A TECH HEATING LIMITED,a tech heating limited,Cumbernauld,N. Lanarkshire,,Other,,,,,,https://www.atechheat.co.uk/,high,https://www.atechheat.co.uk/,live_verification_pilot_100,Live verification upgraded this candidate to high. Evidence: https://www.atechheat.co.uk/; https://www.atechheat.co.uk/about-us; https://www.atechheat.co.uk/contact-us; Distinctive employer identity is supported by first-party page evidence and corroborating location or site-domain signals.
172625,BLUEBIRD CARE STEVENAGE & NORTH HERTS,bluebird care stevenage and north herts,LETCHWORTH,HERTS,,,,,,,,https://www.bluebirdcare.co.uk/,high,https://www.bluebirdcare.co.uk/,live_verification_pilot_100,Live verification upgraded this candidate to high. Evidence: https://www.bluebirdcare.co.uk/; https://www.bluebirdcare.co.uk/why-us/our-locations; Distinctive employer identity is supported by first-party page evidence and corroborating location or site-domain signals.
154834,2399098 Ontario Inc o/a MAK Consulting Group,2399098 ontario inc o a mak consulting group,High Wycombe,Bucks,,Other,,,,,,https://www.makconsulting.co.uk/,high,https://www.makconsulting.co.uk/,live_verification_pilot_100,Live verification upgraded this candidate to high. Evidence: https://www.makconsulting.co.uk/; https://www.makconsulting.co.uk/about/; Distinctive employer identity is supported by first-party page evidence and corroborating location or site-domain signals.
154663,1266 Music Group,1266 music group,Glasgow,,,Other,,,,,,https://www.1266music.com/,high,https://www.1266music.com/,live_verification_pilot_100,Live verification upgraded this candidate to high. Evidence: https://www.1266music.com/; https://www.1266music.com/contactus; Distinctive employer identity is supported by first-party page evidence and corroborating location or site-domain signals.
154846,24/7 Hire & Property Maintenance Services Limited,24 7 hire and property maintenance services limited,Liverpool,,,Other,,,,,,https://247hapms.co.uk/,high,https://247hapms.co.uk/,live_verification_pilot_100,Live verification upgraded this candidate to high. Evidence: https://247hapms.co.uk/; https://247hapms.co.uk/about; https://247hapms.co.uk/contact; Distinctive employer identity is supported by first-party page evidence and corroborating location or site-domain signals.
154845,24/7 Helping Hands Service,24 7 helping hands service,Leicester,,,Other,,,,,,https://247helpinghands.co.uk/,high,https://247helpinghands.co.uk/,live_verification_pilot_100,Live verification upgraded this candidate to high. Evidence: https://247helpinghands.co.uk/; Distinctive employer identity is supported by first-party page evidence and corroborating location or site-domain signals.
154969,33n Ltd,33n ltd,Cambridgeshire,,,Other,,,,,,https://www.33n.co.uk/,high,https://www.33n.co.uk/,live_verification_pilot_100,Live verification upgraded this candidate to high. Evidence: https://www.33n.co.uk/; https://www.33n.co.uk/about/; https://www.33n.co.uk/contact/; Distinctive employer identity is supported by first-party page evidence and corroborating location or site-domain signals.
155029,3AI LTD,3ai ltd,London,,,Other,,,,,,https://www.3ai.co/,high,https://www.3ai.co/,live_verification_pilot_100,Live verification upgraded this candidate to high. Evidence: https://www.3ai.co/; https://www.3ai.co/who-we-are; https://www.3ai.co/contact; Distinctive employer identity is supported by first-party page evidence and corroborating location or site-domain signals.
155075,3dMD Technologies Limited,3dmd technologies limited,London,,,Other,,,,,,https://3dmd.com/,high,https://3dmd.com/,live_verification_pilot_100,Live verification upgraded this candidate to high. Evidence: https://3dmd.com/; https://3dmd.com/about-us/; https://3dmd.com/contact-us/; Distinctive employer identity is supported by first-party page evidence and corroborating location or site-domain signals.
155138,4 CONTINENTS STORES LTD,4 continents stores ltd,Kent,,,Other,,,,,,https://www.4continentsstores.com/,high,https://www.4continentsstores.com/,live_verification_pilot_100,Live verification upgraded this candidate to high. Evidence: https://www.4continentsstores.com/; https://www.4continentsstores.com/pages/about-us; https://www.4continentsstores.com/pages/contact-us-1; Distinctive employer identity is supported by first-party page evidence and corroborating location or site-domain signals.
155228,4PS Construction Solutions Limited,4ps construction solutions limited,Birmingham,,,Other,,,,,,https://www.4ps.co.uk/,high,https://www.4ps.co.uk/,live_verification_pilot_100,Live verification upgraded this candidate to high. Evidence: https://www.4ps.co.uk/; https://www.4ps.co.uk/about-4ps/; https://www.4ps.co.uk/form-contact/; Distinctive employer identity is supported by first-party page evidence and corroborating location or site-domain signals.
155289,5654 & Company Limited,5654 and company limited,London,,,Other,,,,,,https://www.5654.co.uk/,high,https://www.5654.co.uk/,live_verification_pilot_100,Live verification upgraded this candidate to high. Evidence: https://www.5654.co.uk/; https://www.5654.co.uk/contact-us; https://www.5654.co.uk/careers; Distinctive employer identity is supported by first-party page evidence and corroborating location or site-domain signals.
155297,5app Ltd,5app ltd,London,,,Other,,,,,,https://5app.com/,high,https://5app.com/,live_verification_pilot_100,Live verification upgraded this candidate to high. Evidence: https://5app.com/; https://5app.com/about; https://5app.com/contact; Distinctive employer identity is supported by first-party page evidence and corroborating location or site-domain signals.
155262,5 STAR FOOD DISTRIBUTION LTD,5 star food distribution ltd,London,,,Other,,,,,,https://5starfoodsltd.com/,high,https://5starfoodsltd.com/,live_verification_pilot_100,Live verification upgraded this candidate to high. Evidence: https://5starfoodsltd.com/; https://5starfoodsltd.com/about-us/; https://5starfoodsltd.com/contact-us/; Distinctive employer identity is supported by first-party page evidence and corroborating location or site-domain signals.
155362,720 Management Limited,720 management limited,London,,,Other,,,,,,https://720ltd.com/,high,https://720ltd.com/,live_verification_pilot_100,Live verification upgraded this candidate to high. Evidence: https://720ltd.com/; https://720ltd.com/about/; https://720ltd.com/contact/; Distinctive employer identity is supported by first-party page evidence and corroborating location or site-domain signals.
155395,7Hills Technologies Ltd,7hills technologies ltd,Newcastle-Under-Lyme,,,Other,,,,,,https://7hillstechnologies.co.uk/,high,https://7hillstechnologies.co.uk/,live_verification_pilot_100,Live verification upgraded this candidate to high. Evidence: https://7hillstechnologies.co.uk/; https://7hillstechnologies.co.uk/about/; https://7hillstechnologies.co.uk/contact/; Distinctive employer identity is supported by first-party page evidence and corroborating location or site-domain signals.
155433,8th Wonder Ltd.,8th wonder ltd,Wigan,,,Other,,,,,,https://8thwonder.co.uk/,high,https://8thwonder.co.uk/,live_verification_pilot_100,Live verification upgraded this candidate to high. Evidence: https://8thwonder.co.uk/; https://8thwonder.co.uk/pages/about-us; https://8thwonder.co.uk/pages/contact; Distinctive employer identity is supported by first-party page evidence and corroborating location or site-domain signals.
156141,A2B Aero Ltd,a2b aero ltd,Shoreham By Sea,,,Other,,,,,,https://www.a2baero.co.uk/,high,https://www.a2baero.co.uk/,live_verification_pilot_100,Live verification upgraded this candidate to high. Evidence: https://www.a2baero.co.uk/; https://www.a2baero.co.uk/about-a2b-heli; https://www.a2baero.co.uk/front-screen-contact; Distinctive employer identity is supported by first-party page evidence and corroborating location or site-domain signals.
157703,ACS-TECH LIMITED,acs tech limited,COVENTRY,,,Technology,,,,,,https://www.acstechltd.co.uk/,high,https://www.acstechltd.co.uk/,live_verification_pilot_100,Live verification upgraded this candidate to high. Evidence: https://www.acstechltd.co.uk/; https://www.acstechltd.co.uk/about; https://www.acstechltd.co.uk/contact; Distinctive employer identity is supported by first-party page evidence and corroborating location or site-domain signals.
157952,ADAJ LIMITED,adaj limited,Wembley,,,Other,,,,,,https://adaj.co.uk/,high,https://adaj.co.uk/,live_verification_pilot_100,Live verification upgraded this candidate to high. Evidence: https://adaj.co.uk/; https://adaj.co.uk/about-us; https://adaj.co.uk/contact-us; Distinctive employer identity is supported by first-party page evidence and corroborating location or site-domain signals.
158032,ADAN PROMOTIONAL CONCEPTS (UK) LTD,adan promotional concepts uk ltd,London,,,Other,,,,,,https://adanpromo.com/,high,https://adanpromo.com/,live_verification_pilot_100,Live verification upgraded this candidate to high. Evidence: https://adanpromo.com/; https://adanpromo.com/about-2; https://adanpromo.com/contact; Distinctive employer identity is supported by first-party page evidence and corroborating location or site-domain signals.
158077,ADDEPAR UK LTD,addepar uk ltd,Edinburgh,,,Other,,,,,,https://addepar.com/,high,https://addepar.com/,live_verification_pilot_100,Live verification upgraded this candidate to high. Evidence: https://addepar.com/; https://addepar.com/about; https://addepar.com/connect-with-us; Distinctive employer identity is supported by first-party page evidence and corroborating location or site-domain signals.
158183,ADG Market Making LLP,adg market making llp,London,,,Legal & Professional,,,,,,https://www.adg.io/,high,https://www.adg.io/,live_verification_pilot_100,Live verification upgraded this candidate to high. Evidence: https://www.adg.io/; https://www.adg.io/about-us; https://www.adg.io/contact; Distinctive employer identity is supported by first-party page evidence and corroborating location or site-domain signals.
158347,ADS COMPONENTS LIMITED,ads components limited,BARKING,,,Other,,,,,,https://www.adscomponents.co.uk/,high,https://www.adscomponents.co.uk/,live_verification_pilot_100,Live verification upgraded this candidate to high. Evidence: https://www.adscomponents.co.uk/; https://www.adscomponents.co.uk/about; https://www.adscomponents.co.uk/contactus; Distinctive employer identity is supported by first-party page evidence and corroborating location or site-domain signals.
158427,ADVANCED DESIGN TECHNOLOGY LIMITED,advanced design technology limited,LONDON,,,Technology,,,,,,https://www.adtechnology.com/,high,https://www.adtechnology.com/,live_verification_pilot_100,Live verification upgraded this candidate to high. Evidence: https://www.adtechnology.com/; https://www.adtechnology.com/about-advanced-design-technology; https://www.adtechnology.com/contact; Distinctive employer identity is supported by first-party page evidence and corroborating location or site-domain signals.
158510,ADVANTAGE SECURITY LIMITED,advantage security limited,Birmingham,,,Other,,,,,,https://advantagesec.co.uk/,high,https://advantagesec.co.uk/,live_verification_pilot_100,Live verification upgraded this candidate to high. Evidence: https://advantagesec.co.uk/; https://advantagesec.co.uk/about-us; https://advantagesec.co.uk/contact-us; Distinctive employer identity is supported by first-party page evidence and corroborating location or site-domain signals.
155654,A J Walter Aviation Limited,a j walter aviation limited,Slinfold,,,Other,,,,,,https://www.ajw-group.com/,high,https://www.ajw-group.com/,live_verification_pilot_100,Live verification upgraded this candidate to high. Evidence: https://www.ajw-group.com/; https://www.ajw-group.com/mro/ajw-technique/about-us/; https://www.ajw-group.com/contact-us/; Distinctive employer identity is supported by first-party page evidence and corroborating location or site-domain signals.
